city,model,n_respondents,n_choices,accuracy,balanced_accuracy,brier,nll_clipped,nll_raw,epsilon,true_zero_labels,pt_share_bias
Singapore,teacher,24,240,0.7541666666666667,0.5946070075757576,0.3564841361111111,0.5684322346353887,0.5684322346353887,1e-08,0,-0.062052777777777735
Singapore,ce_kl_seed2026,24,240,0.6416666666666667,0.6696448863636363,0.4323919569665415,0.6860754322803877,0.6860754322803877,1e-08,0,-0.20904739628313107
Singapore,ce_kl_seed42,24,240,0.6291666666666667,0.5931818181818183,0.5099791519750815,0.8050240070175775,0.8050240070175775,1e-08,0,-0.2257557626250976
Singapore,ce_kl_seed7,24,240,0.6416666666666667,0.6447632575757576,0.5223666855341839,0.8422375544990872,0.8422375544990872,1e-08,0,-0.26285018692724404
Singapore,direction_magnitude_seed2026,24,240,0.6958333333333333,0.48258996212121213,0.3752683751235249,0.5990892379705285,0.5990892379705285,1e-08,0,-0.1088337508030236
Singapore,direction_magnitude_seed42,24,240,0.6333333333333333,0.5316666666666666,0.4478311506778047,0.6896603925184702,0.6896603925184702,1e-08,0,-0.16880117238809667
Singapore,direction_magnitude_seed7,24,240,0.6166666666666667,0.5288210227272727,0.5050864360028845,0.8100679761015428,0.8100679761015428,1e-08,0,-0.2226947154199782
Singapore,mnl_s,24,240,0.65,0.4463020833333333,0.4283159414320873,0.6565092763023811,0.6565092763023811,1e-08,0,0.005148141978788212
Singapore,s9,24,240,0.6166666666666667,0.6558238636363637,0.5486345843562178,0.8769499274268225,0.8769499274268225,1e-08,0,-0.29699298275324204
Singapore,signed_l1_seed2026,24,240,0.6833333333333333,0.571410984848485,0.3791543943217723,0.6070044148598986,0.6070044148598986,1e-08,0,-0.12268391959369185
Singapore,signed_l1_seed42,24,240,0.6333333333333333,0.5316666666666666,0.44837830622266506,0.6920897378352638,0.6920897378352638,1e-08,0,-0.17035452552760638
Singapore,signed_l1_seed7,24,240,0.6416666666666667,0.526060606060606,0.4838532183976954,0.7598416411641206,0.7598416411641206,1e-08,0,-0.19656128188750394
Singapore,soft_kl_seed2026,24,240,0.6791666666666667,0.5659422348484848,0.39599788650563544,0.6317293364854236,0.6317293364854236,1e-08,0,-0.16487152071980138
Singapore,soft_kl_seed42,24,240,0.6333333333333333,0.5316666666666666,0.4353736999458165,0.6751375151193341,0.6751375151193341,1e-08,0,-0.16535750104424857
Singapore,soft_kl_seed7,24,240,0.65,0.5383333333333333,0.49315235896984183,0.7800322319780372,0.7800322319780372,1e-08,0,-0.20920497774301716
Shanghai,teacher,24,240,0.85,0.6025703794369646,0.23285407407407407,0.4031018230602334,0.4031018230602334,1e-08,0,0.0431944444444452
Shanghai,ce_kl_seed2026,24,240,0.7208333333333333,0.7045185638514891,0.3633439690204041,0.5711033147586089,0.5711033147586089,1e-08,0,-0.21406248827697705
Shanghai,ce_kl_seed42,24,240,0.7416666666666667,0.4781364749082007,0.33391241312464187,0.5281351239779474,0.5281351239779474,1e-08,0,-0.07933493605814879
Shanghai,ce_kl_seed7,24,240,0.7708333333333334,0.7267594859241127,0.3536708647694923,0.5704535917599602,0.5704535917599602,1e-08,0,-0.1536153047500799
Shanghai,direction_magnitude_seed2026,24,240,0.7875,0.6265707874337005,0.3085542113080308,0.49899362473131076,0.49899362473131076,1e-08,0,-0.13048906675539906
Shanghai,direction_magnitude_seed42,24,240,0.7666666666666667,0.5071960424316606,0.29959678106689935,0.48984954965826366,0.48984954965826366,1e-08,0,-0.041383706949030374
Shanghai,direction_magnitude_seed7,24,240,0.7833333333333333,0.7109445124439006,0.341938277898797,0.5592481934810644,0.5592481934810644,1e-08,0,-0.1503760804111759
Shanghai,mnl_s,24,240,0.7833333333333333,0.5639381884944921,0.2942025696006771,0.47091755923892886,0.47091755923892886,1e-08,0,-0.025328399589561013
Shanghai,s9,24,240,0.7666666666666667,0.72546919624643,0.34221988418921473,0.5583619941742691,0.5583619941742691,1e-08,0,-0.18708843523636465
Shanghai,signed_l1_seed2026,24,240,0.8041666666666667,0.6628110975112199,0.3000227454883747,0.49111226212445175,0.49111226212445175,1e-08,0,-0.13074753638356928
Shanghai,signed_l1_seed42,24,240,0.75,0.4962566299469604,0.312453898240226,0.5011435433727863,0.5011435433727863,1e-08,0,-0.044480459958625373
Shanghai,signed_l1_seed7,24,240,0.7833333333333333,0.6805181558547532,0.34525771692370844,0.5635831891520783,0.5635831891520783,1e-08,0,-0.16071021364380922
Shanghai,soft_kl_seed2026,24,240,0.7625,0.6178498572011424,0.33321902157369376,0.5308571661742512,0.5308571661742512,1e-08,0,-0.16046431341674183
Shanghai,soft_kl_seed42,24,240,0.7625,0.5006170950632395,0.2999076112314879,0.4887644719649001,0.4887644719649001,1e-08,0,-0.03831899732661748
Shanghai,soft_kl_seed7,24,240,0.7666666666666667,0.7102560179518563,0.35409142063692733,0.5761292674914978,0.5761292674914978,1e-08,0,-0.17747910957162583
