kind	record	source_path	start_line	end_line	sha256	removed_from_overleaf
zip	all	Overleaf_language_revision(1).zip			87cec6e30bfadb3a9745ff062d511e5476be8dcb420dedc4a576b4d2c5c365b9	no
excerpt	R1_learning	sections/S2_learning.tex	8	11	762c149987e1b895c6605521b41cc6afed27b5edd1fe06336cb3f2523efc7b64	partial
table	R1_learning	generated/narrative/table_training_sources.tex			83d91f3c16129ac7d9db2918caf8f5e5e82760d09de4b0c3ff9d30f066ef5846	no
excerpt	R1_learning	sections/S2_learning.tex	33	33	2d417e931b80fc690fdb830917310d9f39b42eff2e49b6d15285f355408e597c	partial
table	R1_learning	generated/narrative/table_matched_diagnostics.tex			9fd98c6f0bca041048aacfd1a9db77ebdce7025401049bed13561d3e46e9876c	yes
excerpt	R1_learning	sections/S2_learning.tex	35	46	992f9e778b68a2cbb9cc15eb0a8dbc44148e508c6b246af555dcf7902539905c	partial
table	R1_learning	generated/narrative/table_departure_runs.tex			570dc831a1b355a2a914740a1ae9c897571a8f7dd906a3191e2e3d6fcfffe071	yes
table	R1_learning	generated/narrative/table_departure_sources.tex			3d5bf34c7ee96c7f2069fd089eba5c68a0d286b8ce3d9acc621f6755a2dbd54e	yes
excerpt	R1_learning	sections/S2_learning.tex	47	51	5b88bbc5ab281952541c2433a2ed961973b4dc1c55a22a90bde01a4c602ad4d0	partial
table	R1_learning	generated/narrative/table_response_breakdown.tex			3eee48f2bb28e6a3ff27e77820982c131bca6d929828d94865b924c4cacfa5e6	yes
table	R1_learning	generated/narrative/table_response_interventions.tex			e871f8f66e7644df5dbe95911017aa69fc43aa7235f830172cddfecfd8034006	no
table	R1_learning	generated/narrative/table_response_seed_differences.tex			658e75846a45a90963a1c9bef3fb40d17f13864932f4ffe7c341a9c2df465b1b	yes
excerpt	R5_provenance	sections/D_new_evidence.tex	16	21	4326d24b26b405504e49bfca2c45b8874aca74a9ae3b65c82ccee96557f1365d	partial
excerpt	R4_compute	sections/D_new_evidence.tex	21	31	a5fa61f545ac1429575d9f980e1274cb16b08472a54559265d76e4994301b2f8	partial
table	R4_compute	generated/narrative/table_api_cost.tex			98cc341fced8497bcefe04e5832b7d31d13725327dbffcf41408b1c0fc3dc0a4	yes
excerpt	R5_provenance	sections/A_inputs.tex	30	44	46b5c5e1638e81ea483885b1eb75f70f2f4757ab284b5763de568d4453a21356	partial
excerpt	R2_prompts	sections/S3_human.tex	31	38	15b7bd9007ece6e5f8ec64a4e728a474f22f2155d1076827ac9f64015c0ef033	partial
table	R2_prompts	generated/narrative/table_teacher_prompt_pilot.tex			4e2d80063168aa36cc32b794ef96dc461251a8271b6683bd9f7faa14c72d0b11	yes
table	R2_prompts	generated/narrative/table_teacher_pilot_sd.tex			c561b3588f52a20f0609b140544f2b1ac83f7fa847e011c59c4c3a991f0eba4a	yes
excerpt	R2_prompts	sections/S3_human.tex	24	24	e37b487c6b1f8a0cb05389dff6592d16f8cd9399b6c21e5b590fc5c4f40c751c	partial
table	R2_prompts	generated/narrative/table_teacher_choices.tex			5828fd9afaa90b9a99bcfd6b81455639925476d34338a3c932a687dfde7b29df	yes
excerpt	R3_singapore	sections/S5_execution.tex	16	29	499ebdffe2f9e1b3e0912ef09d8d0c8f2b09382f169a1e7a7ddab7b5b841c8d2	partial
table	R3_singapore	generated/narrative/table_singapore.tex			5f306485b480d64d1cb4ec0bec23279578804ea502941882db95b94eead19b01	yes
table	R3_singapore	generated/narrative/table_population_seeds.tex			29dde41a90dabce1ccaa7b08457747eeaee87b6ea5afa8e1e72a0b3d38f5723f	yes
table	R3_singapore	generated/narrative/table_sg_person_counts.tex			9c45eca61d5a91946298927eb24056f6fa2f15ae1fe6b282f2caf94eba3a205c	yes
table	R3_singapore	generated/narrative/table_sg_person_time.tex			5e119251f52e030aa70e224dd3d6abfc1028a7d9bbe83bfb368aad77122aaab6	yes
excerpt	R4_compute	sections/S6_compute.tex	1	26	2cc61ae6f04e2d2ead92f1db3e2fb150a7071dabeaf7999967ad73ec857e29a0	partial
table	R4_compute	generated/narrative/table_inference.tex			2331eb8c712f6c0708321094136720fdd2857240e4914ee615d375270cfdd10e	yes
table	R4_compute	generated/narrative/table_scale.tex			f9df837a5af120e3710a3c00a9c77e698735a9661b049105e0c86e7ff85b55f9	yes
table	R4_compute	generated/narrative/table_pipeline.tex			e02b91a1f62a5c7e5c259c1058e3fb6e35acf786eb4a4a7e21f189facb7f5c71	yes
excerpt	R5_provenance	sections/S7_materials.tex	1	51	b02fc16dd45d266e3eeb9fd5a639466438bbe99243695ac1a77ec4a2c21fc7db	partial
