variant,seed,initialization,endpoint,response,departure,auxiliary_losses,response_mask,endpoint_normalization,response_normalization,optimizer_steps,epochs,checkpoint,best_epoch
soft_kl,42,random,soft KL,none,"Huber(delta=1), weight=1",none,union,sum of endpoint losses per unit; mean over batch units,signed/magnitude: available modes; direction: informative available modes,6360,120,minimum validation macro-source KL,118
ce_kl,42,random,soft KL + CE,none,"Huber(delta=1), weight=1",none,union,sum of endpoint losses per unit; mean over batch units,signed/magnitude: available modes; direction: informative available modes,6360,120,minimum validation macro-source KL,118
signed_l1,42,random,soft KL,signed_l1,"Huber(delta=1), weight=1",none,union,sum of endpoint losses per unit; mean over batch units,signed/magnitude: available modes; direction: informative available modes,6360,120,minimum validation macro-source KL,118
direction_magnitude,42,random,soft KL,direction_magnitude,"Huber(delta=1), weight=1",none,union,sum of endpoint losses per unit; mean over batch units,signed/magnitude: available modes; direction: informative available modes,6360,120,minimum validation macro-source KL,118
soft_kl,2026,random,soft KL,none,"Huber(delta=1), weight=1",none,union,sum of endpoint losses per unit; mean over batch units,signed/magnitude: available modes; direction: informative available modes,6360,120,minimum validation macro-source KL,115
ce_kl,2026,random,soft KL + CE,none,"Huber(delta=1), weight=1",none,union,sum of endpoint losses per unit; mean over batch units,signed/magnitude: available modes; direction: informative available modes,6360,120,minimum validation macro-source KL,49
signed_l1,2026,random,soft KL,signed_l1,"Huber(delta=1), weight=1",none,union,sum of endpoint losses per unit; mean over batch units,signed/magnitude: available modes; direction: informative available modes,6360,120,minimum validation macro-source KL,119
direction_magnitude,2026,random,soft KL,direction_magnitude,"Huber(delta=1), weight=1",none,union,sum of endpoint losses per unit; mean over batch units,signed/magnitude: available modes; direction: informative available modes,6360,120,minimum validation macro-source KL,119
soft_kl,7,random,soft KL,none,"Huber(delta=1), weight=1",none,union,sum of endpoint losses per unit; mean over batch units,signed/magnitude: available modes; direction: informative available modes,6360,120,minimum validation macro-source KL,118
ce_kl,7,random,soft KL + CE,none,"Huber(delta=1), weight=1",none,union,sum of endpoint losses per unit; mean over batch units,signed/magnitude: available modes; direction: informative available modes,6360,120,minimum validation macro-source KL,118
signed_l1,7,random,soft KL,signed_l1,"Huber(delta=1), weight=1",none,union,sum of endpoint losses per unit; mean over batch units,signed/magnitude: available modes; direction: informative available modes,6360,120,minimum validation macro-source KL,120
direction_magnitude,7,random,soft KL,direction_magnitude,"Huber(delta=1), weight=1",none,union,sum of endpoint losses per unit; mean over batch units,signed/magnitude: available modes; direction: informative available modes,6360,120,minimum validation macro-source KL,120
