model,seed,selection,epoch,parameters,training_seconds,inference_us,departure_mae,departure_median,departure_p90,macro_kl,response_gap,interaction_error
bounded_linear,2026,validation_departure_mae,31,555,2.447903899999801,0.1926773474967316,10.737208678372706,7.321148281860352,24.94669412076474,0.073098207018756,0.056437658733728864,0.03864732712910079
bounded_linear,42,validation_departure_mae,56,555,2.3801467000157572,0.19656750400181972,10.23654047101762,8.226269721984863,19.17054886672974,0.073098207018756,0.056437658733728864,0.03864732712910079
bounded_linear,7,validation_departure_mae,22,555,2.616790600004606,0.1926773474967316,12.592357706548537,10.687446594238281,23.36765699386597,0.073098207018756,0.056437658733728864,0.03864732712910079
ce_kl,2026,validation_departure_mae,108,24562,38.455219399998896,2.22826088715805,6.718797874492121,5.45214319229126,14.11439312057495,0.08711286279976901,0.07661600812697499,0.05062063052724097
ce_kl,42,validation_departure_mae,2,24562,33.143750800023554,1.4013729792927951,8.454591845225053,3.348102331161499,25.59990458709717,0.445950642366382,0.08267011797576918,0.04082988880505427
ce_kl,7,validation_departure_mae,36,24562,34.85025339998538,1.8322654787740869,7.103453639354442,5.1097866241455066,15.388035374450688,0.13371652320871485,0.07941592705878367,0.04229263586226473
direction_magnitude,2026,validation_departure_mae,108,24562,34.56677639999543,1.7938215165128355,6.952408933301021,4.857917594909669,14.917737792816165,0.07734616154261612,0.0695953224876785,0.04694975741779191
direction_magnitude,42,validation_departure_mae,2,24562,30.209836599999107,1.666361557424188,8.459271177053806,3.3385069370269775,25.59216053707123,0.4539438837061405,0.08194044956534402,0.040851226495291465
direction_magnitude,7,validation_departure_mae,30,24562,30.218249199999264,1.885469112325741,7.237566510219589,5.397225856781006,16.071832904815675,0.16303210173955418,0.07764876961836763,0.03948162033609472
independent_neural,2026,validation_departure_mae,116,18733,19.799675599992042,1.9121281544249547,7.347684576009633,5.247554546165466,15.744867801666263,0.073098207018756,0.056437658733728864,0.03864732712910079
independent_neural,42,validation_departure_mae,2,18733,19.668851700000232,1.296796323145469,8.42312689379592,3.281752729845047,25.562896069116594,0.073098207018756,0.056437658733728864,0.03864732712910079
independent_neural,7,validation_departure_mae,97,18733,23.718024899979355,1.82379859508158,7.045928185476367,5.231446743011475,15.023321533203129,0.073098207018756,0.056437658733728864,0.03864732712910079
signed_l1,2026,validation_departure_mae,35,24562,33.18813070000033,1.7790617786232783,7.441261988091755,5.398903560638427,15.143215896911633,0.10503839037615892,0.07360004341975672,0.04073252029323328
signed_l1,42,validation_departure_mae,2,24562,33.84394510000129,1.906064068323142,8.464195379762492,3.3553853034973145,25.612428500480654,0.45458257747935227,0.08182892524566533,0.040867311189139284
signed_l1,7,validation_departure_mae,30,24562,30.90508199998294,1.746453134368602,7.23941364353707,5.255150318145752,15.937635403442385,0.1643930863540612,0.07814771085140959,0.03969876342683886
soft_kl,2026,validation_departure_mae,117,24562,27.33825169998454,2.3905034533976757,7.048123969271172,5.2360429763793945,15.801266544799809,0.07407007678360437,0.07204108845132376,0.04881325399981357
soft_kl,42,validation_departure_mae,2,24562,29.905464099982055,2.004004551632675,8.461359096598278,3.355463981628418,25.610731031723027,0.45310331803862447,0.08205638709795025,0.04085444028473759
soft_kl,7,validation_departure_mae,31,24562,38.080956600024365,2.071167068242669,7.315289907536436,5.3950419425964355,16.06105286743164,0.169178812277808,0.08263846706740968,0.03966332494232978
