model,seed,source,n,departure_mae,departure_median,departure_p90,kl
bounded_linear,42,accessibility,51,14.844603766279596,11.877124786376953,28.155998992919923,0.09747171426103551
bounded_linear,42,joint,96,10.721350746788085,8.716000923728943,21.231687635183334,0.045699340452978764
bounded_linear,42,legacy,226,9.541216120066924,7.591254830360413,18.666083335876465,0.05539525851805054
bounded_linear,42,mechanism,64,8.292638733244686,7.15624761581421,16.856506967544554,0.09382651484295919
bounded_linear,2026,accessibility,51,13.767948715851821,8.874269485473633,28.56904059946537,0.09747171426103551
bounded_linear,2026,joint,96,12.42364098218816,9.507688903808594,26.41345817127228,0.045699340452978764
bounded_linear,2026,legacy,226,10.081405519656931,6.6053796382904055,25.34473103837967,0.05539525851805054
bounded_linear,2026,mechanism,64,8.108244159498438,6.281643104553223,16.798172993192676,0.09382651484295919
bounded_linear,7,accessibility,51,12.802759397480536,9.762532413005829,28.772335815429688,0.09747171426103551
bounded_linear,7,joint,96,13.737963557842127,12.07293161430359,25.87026852645874,0.045699340452978764
bounded_linear,7,legacy,226,12.242600798837394,9.859222707366943,23.657228589057922,0.05539525851805054
bounded_linear,7,mechanism,64,11.941364162501692,10.86895294189453,19.76173667907715,0.09382651484295919
independent_neural,42,accessibility,51,10.772841759372225,3.912170886993408,29.542239015865327,0.09747171426103551
independent_neural,42,joint,96,11.166353769574407,4.548050994110107,27.86867117881775,0.045699340452978764
independent_neural,42,legacy,226,7.563239060533626,2.9726659059524536,25.299701750278473,0.05539525851805054
independent_neural,42,mechanism,64,5.47233645782955,3.0850874185562134,13.580700022277833,0.09382651484295919
independent_neural,2026,accessibility,51,10.0270918076777,4.713561659622192,26.2428786277771,0.09747171426103551
independent_neural,2026,joint,96,8.361222124442396,6.4465019524097436,20.11612582206726,0.045699340452978764
independent_neural,2026,legacy,226,6.580381830381253,5.139147937297821,14.259305181884766,0.05539525851805054
independent_neural,2026,mechanism,64,6.401763436125219,4.274040222167969,11.90064629465103,0.09382651484295919
independent_neural,7,accessibility,51,11.662819823282257,6.240176012682915,27.786724734306336,0.09747171426103551
independent_neural,7,joint,96,7.403529299997413,4.942915534973144,18.06067705154419,0.045699340452978764
independent_neural,7,legacy,226,6.27717729012531,5.174654245376587,13.907962322235107,0.05539525851805054
independent_neural,7,mechanism,64,5.545092589026643,5.072792053222656,11.86713647425175,0.09382651484295919
soft_kl,42,accessibility,51,10.78894694753862,3.8276901245117188,29.48252821521759,0.5492349594582053
soft_kl,42,joint,96,11.244354641120509,4.657314220285416,27.965439319610596,0.4280632503449118
soft_kl,42,legacy,226,7.5938900723675316,2.936377110862732,25.338624954223633,0.43118494090179016
soft_kl,42,mechanism,64,5.495319202911667,3.138583183288574,13.635751754341126,0.40393012144959056
soft_kl,2026,accessibility,51,9.809703419572232,5.643559455871582,26.11123056411743,0.10811979960553361
soft_kl,2026,joint,96,7.74802193166924,6.071065950393677,19.15837269744873,0.057842737554929295
soft_kl,2026,legacy,226,6.3057324338162895,4.588628888130188,14.513777732849121,0.06057257754028241
soft_kl,2026,mechanism,64,6.419213510790468,5.30296745300293,13.435956567993166,0.06974519243367217
soft_kl,7,accessibility,51,11.242878041864845,6.665071487426758,27.398940205574036,0.3730753202061987
soft_kl,7,joint,96,7.7780512467868625,5.406657743453979,17.465282440185547,0.09082133323636164
soft_kl,7,legacy,226,6.64821102139839,5.153488636016846,15.61380690612793,0.10604294747540008
soft_kl,7,mechanism,64,5.846973420792819,5.487859439849854,10.753360223770143,0.10677564819327155
ce_kl,42,accessibility,51,10.790454089549476,3.9388036727905273,29.499774461555482,0.5368036115479159
ce_kl,42,joint,96,11.232582274938096,4.646997177815438,27.988922357559204,0.42433117497609757
ce_kl,42,legacy,226,7.588551882038048,2.9253488210678102,25.348117113113403,0.4256835597533721
ce_kl,42,mechanism,64,5.48441959471358,3.1423853635787964,13.607158381042481,0.39698422318814247
ce_kl,2026,accessibility,51,9.572964274382123,5.712460994720459,26.205823612213138,0.09730992653817143
ce_kl,2026,joint,96,7.373627124434212,6.055116471862793,18.443862619781495,0.0661589477088906
ce_kl,2026,legacy,226,5.846653729356021,5.2514337356567395,11.697957992553711,0.07796827784074274
ce_kl,2026,mechanism,64,6.5418991621784865,5.45214319229126,13.736301424331668,0.10701429911127128
ce_kl,7,accessibility,51,10.99594090144418,6.411287784576416,27.903421334922314,0.30380105064937973
ce_kl,7,joint,96,7.581614777082205,5.254288196563721,18.212316036224365,0.08709306462003659
ce_kl,7,legacy,226,6.417490540576825,4.668825325584412,14.675028505706788,0.08200965584021687
ce_kl,7,mechanism,64,5.706693338343501,5.044229802703858,11.208070739212038,0.06196232172522626
signed_l1,42,accessibility,51,10.790080735112172,3.835604190826416,29.478709166812898,0.5532465048212305
signed_l1,42,joint,96,11.247428858630608,4.661154446220397,27.95374059677124,0.42841405281734396
signed_l1,42,legacy,226,7.597200255603759,2.9495858577728273,25.346379280090332,0.4319622404315207
signed_l1,42,mechanism,64,5.497481801101565,3.1494877338409424,13.64324386745453,0.404707511847314
signed_l1,2026,accessibility,51,9.959455739483179,6.066208839416504,27.94278831481934,0.14013542161525389
signed_l1,2026,joint,96,8.621417333977297,6.145499062538146,18.85457491874695,0.08063146980195886
signed_l1,2026,legacy,226,6.722720560699411,4.985813763952255,14.365646543884278,0.08796897586764464
signed_l1,2026,mechanism,64,6.201692739102617,5.305107536697387,12.341789843864442,0.11141769421977828
signed_l1,7,accessibility,51,11.112576083074833,6.685011386871338,27.547329485416412,0.33685353177637495
signed_l1,7,joint,96,7.689066917107751,5.143232822418213,16.9621240524292,0.09402711976517646
signed_l1,7,legacy,226,6.573175851315101,4.965082406997681,15.260412397766114,0.11100984609021176
signed_l1,7,mechanism,64,5.831159617958218,5.454232406616211,10.564894795417787,0.11568184778448162
direction_magnitude,42,accessibility,51,10.788929088935197,3.8274002075195312,29.493921762275697,0.5513473753532174
direction_magnitude,42,joint,96,11.241677696949742,4.652584517216683,27.965046048164368,0.42832104372355245
direction_magnitude,42,legacy,226,7.591065893239917,2.9466168312072756,25.32723033428192,0.4317058298859152
direction_magnitude,42,mechanism,64,5.495065157147217,3.1190816164016724,13.624982911643983,0.40440128586187707
direction_magnitude,2026,accessibility,51,10.099359869455823,6.113815784454346,27.386450481414794,0.11453549768151151
direction_magnitude,2026,joint,96,7.672511688038956,5.898415279388428,18.886188563919067,0.054973737309952087
direction_magnitude,2026,legacy,226,6.132502513559782,4.700926065444946,13.29161262512207,0.060332600705461474
direction_magnitude,2026,mechanism,64,6.259822818657011,4.453694772720337,11.711473593583108,0.07954281047353937
direction_magnitude,7,accessibility,51,11.137057503498303,6.740043640136719,27.4730783700943,0.32956238051719433
direction_magnitude,7,joint,96,7.692539708316326,5.234053611755371,17.2114315032959,0.09356718876318276
direction_magnitude,7,legacy,226,6.572027366206287,4.949684143066406,15.338086605072021,0.11040564584614682
direction_magnitude,7,mechanism,64,5.797884930102481,5.462843894958496,10.519884228110314,0.11859319183169278
