model,seed,excluded_persona,n_pairs,response_gap_difference
ce_kl,42,P000002,328,0.0061989534389146166
ce_kl,42,P000008,341,0.008252310130022686
ce_kl,42,P000009,326,0.00842583248074714
ce_kl,42,P000015,340,0.00468571028556459
ce_kl,42,P000016,328,0.0074093322210018785
ce_kl,42,P000018,327,0.009650593340156
ce_kl,2026,P000002,328,0.005858003012287459
ce_kl,2026,P000008,341,0.003640990549027321
ce_kl,2026,P000009,326,0.00410059668177261
ce_kl,2026,P000015,340,0.0025186494849556863
ce_kl,2026,P000016,328,0.0011732690569285012
ce_kl,2026,P000018,327,0.005038850661426185
ce_kl,7,P000002,328,0.0053009417760856705
ce_kl,7,P000008,341,0.004754591510868213
ce_kl,7,P000009,326,0.007339031103325715
ce_kl,7,P000015,340,0.008717345146861734
ce_kl,7,P000016,328,0.008324600088145574
ce_kl,7,P000018,327,0.0063458805373868095
signed_l1,42,P000002,328,-0.005978502864469311
signed_l1,42,P000008,341,-0.006170832938597955
signed_l1,42,P000009,326,-0.00502557273831618
signed_l1,42,P000015,340,-0.004237733967420102
signed_l1,42,P000016,328,-0.005311839147558579
signed_l1,42,P000018,327,-0.004696073576231831
signed_l1,2026,P000002,328,-0.003727333122997646
signed_l1,2026,P000008,341,-0.0008305703071607782
signed_l1,2026,P000009,326,-0.004592122781481739
signed_l1,2026,P000015,340,-0.0031114604159156885
signed_l1,2026,P000016,328,-0.0039814118572584645
signed_l1,2026,P000018,327,-0.003929498931741941
signed_l1,7,P000002,328,-0.0008569203354381013
signed_l1,7,P000008,341,0.001056179462922911
signed_l1,7,P000009,326,0.0008776769042032949
signed_l1,7,P000015,340,0.0004441821280945468
signed_l1,7,P000016,328,0.0005063061260321104
signed_l1,7,P000018,327,-0.00046076890260700895
direction_magnitude,42,P000002,328,-0.0059919112086650175
direction_magnitude,42,P000008,341,-0.005536556926859818
direction_magnitude,42,P000009,326,-0.004672721742293238
direction_magnitude,42,P000015,340,-0.004188411073078244
direction_magnitude,42,P000016,328,-0.005324646114078521
direction_magnitude,42,P000018,327,-0.004205335480981145
direction_magnitude,2026,P000002,328,-0.005021455538829348
direction_magnitude,2026,P000008,341,-0.0031621524033716487
direction_magnitude,2026,P000009,326,-0.004593559162252206
direction_magnitude,2026,P000015,340,-0.0050927263731251355
direction_magnitude,2026,P000016,328,-0.004845316010174589
direction_magnitude,2026,P000018,327,-0.003743686802997452
direction_magnitude,7,P000002,328,-0.00121715943101125
direction_magnitude,7,P000008,341,-0.0005870772659268453
direction_magnitude,7,P000009,326,-0.0006613437418468178
direction_magnitude,7,P000015,340,-6.588504508280481e-05
direction_magnitude,7,P000016,328,-0.0016771941887191316
direction_magnitude,7,P000018,327,-0.0015043498439037237
