model,seed,metric,difference,ci_low,ci_high,n_units,n_personas
ce_kl,42,kl,0.03252195991183641,-0.0001804893462243154,0.06866253817432673,437,6
ce_kl,42,departure_mae,-0.23067779551193426,-0.43064529856587475,-0.05154827875316537,437,6
ce_kl,42,response_gap,0.007423749929063762,0.0015336914490717709,0.014694057175432438,398,6
ce_kl,42,interaction_gap,0.008608285695802638,0.001144876388246299,0.01721565796347618,94,6
ce_kl,2026,kl,0.009944785458555818,-0.00589517494124418,0.02625329014753897,437,6
ce_kl,2026,departure_mae,0.2079523040324381,-0.04814558355500348,0.4399838095445243,437,6
ce_kl,2026,response_gap,0.003712901771532823,-0.002068664656177868,0.010015883611144255,398,6
ce_kl,2026,interaction_gap,0.0011487417084071446,-0.0097346710966889,0.012746583289387813,94,6
ce_kl,7,kl,-7.404304118220181e-05,-0.016549167473204306,0.016502486587017303,437,6
ce_kl,7,departure_mae,-0.05745249806981472,-0.3490881003902075,0.1681115527159814,437,6
ce_kl,7,response_gap,0.0067949838502595825,0.0006943430057846633,0.012784757582303838,398,6
ce_kl,7,interaction_gap,0.008700393728290533,0.0007228588992013266,0.01716614336611735,94,6
signed_l1,42,kl,-0.008645042934756354,-0.015023036682375215,-0.004193608180873088,437,6
signed_l1,42,departure_mae,-0.022227743213714124,-0.18626289167108112,0.208730664487396,437,6
signed_l1,42,response_gap,-0.005237320870878777,-0.008152133327301208,-0.0022849864322134245,398,6
signed_l1,42,interaction_gap,0.0016771810618594234,-0.00041491157147015084,0.004800997576933659,94,6
signed_l1,2026,kl,0.00770786204252786,0.000634487170788738,0.014320565174853556,437,6
signed_l1,2026,departure_mae,0.08352650649291156,-0.5191842185753198,0.5582259302486234,437,6
signed_l1,2026,response_gap,-0.003342496254834083,-0.009414761759585376,0.00038062844582427863,398,6
signed_l1,2026,interaction_gap,-0.00038403169533047105,-0.003005209970112332,0.0021550279208904437,94,6
signed_l1,7,kl,-0.004458556774039316,-0.011359789184168462,0.0023339638065708783,437,6
signed_l1,7,departure_mae,-0.031941608409709714,-0.20970880607341197,0.2097629214790936,437,6
signed_l1,7,response_gap,0.0002671502006741082,-0.002517345567188811,0.003036876051865639,398,6
signed_l1,7,interaction_gap,0.0012213695504189397,-0.001852854430429289,0.0035799567020863877,94,6
direction_magnitude,42,kl,-0.005216757972014871,-0.010303688758449824,-0.0003531595370128735,437,6
direction_magnitude,42,departure_mae,-0.140452226631565,-0.3766492705607245,0.0779317888614226,437,6
direction_magnitude,42,response_gap,-0.004986084657806086,-0.007725206595904237,-0.0023493772031134745,398,6
direction_magnitude,42,interaction_gap,0.0028704303035461216,0.00011929459040140847,0.006415518581707827,94,6
direction_magnitude,2026,kl,-0.0026251016180084,-0.008207761522360663,0.0022322507940418404,437,6
direction_magnitude,2026,departure_mae,-0.03164077606776759,-0.31626784828821203,0.24234151103963367,437,6
direction_magnitude,2026,response_gap,-0.0044059336060100285,-0.0076163298499081124,-0.0017175427571977508,398,6
direction_magnitude,2026,interaction_gap,-0.0021326569191463555,-0.0044224846687563445,8.7404102010846e-05,94,6
direction_magnitude,7,kl,-0.006408608666341675,-0.012227754835194855,-9.394216945686505e-05,437,6
direction_magnitude,7,departure_mae,0.16996169029182376,-0.13642587617881452,0.6617235612727347,437,6
direction_magnitude,7,response_gap,-0.0009444536226529413,-0.0034236328835056916,0.001128659054579992,398,6
direction_magnitude,7,interaction_gap,0.001382047525468836,-0.0014630158874989767,0.004146030845836066,94,6
