city,profile,model,metric,n_training_seeds,respondent_mean,ci95_low,ci95_high,aggregation
Singapore,survey_options,s9,accuracy,1,0.23373493975903611,0.20481927710843373,0.26265060240963856,"arithmetic mean of per-seed per-respondent metrics, not ensemble classification"
Singapore,survey_options,s9,brier,1,1.0291251327378936,0.9936256378903917,1.0645205769990749,"arithmetic mean of per-seed per-respondent metrics, not ensemble classification"
Singapore,survey_options,s9,nll_clipped,1,2.0563284588702366,1.9756692980839354,2.135767344577079,"arithmetic mean of per-seed per-respondent metrics, not ensemble classification"
Singapore,survey_options,mnl_s,accuracy,1,0.31566265060240967,0.28885542168674694,0.34246987951807223,"arithmetic mean of per-seed per-respondent metrics, not ensemble classification"
Singapore,survey_options,mnl_s,brier,1,0.7681621659258923,0.7436158922035883,0.793193534293563,"arithmetic mean of per-seed per-respondent metrics, not ensemble classification"
Singapore,survey_options,mnl_s,nll_clipped,1,1.3459909265479975,1.29499508855395,1.3989214231393179,"arithmetic mean of per-seed per-respondent metrics, not ensemble classification"
Singapore,survey_options,soft_kl,accuracy,3,0.2850401606425703,0.26053965863453804,0.31014056224899594,"arithmetic mean of per-seed per-respondent metrics, not ensemble classification"
Singapore,survey_options,soft_kl,brier,3,0.817411515729517,0.7977278348709658,0.8366954523789046,"arithmetic mean of per-seed per-respondent metrics, not ensemble classification"
Singapore,survey_options,soft_kl,nll_clipped,3,1.4678021732145072,1.4313083222430056,1.5039709180088667,"arithmetic mean of per-seed per-respondent metrics, not ensemble classification"
Singapore,survey_options,ce_kl,accuracy,3,0.22821285140562253,0.2028112449799197,0.25421686746987954,"arithmetic mean of per-seed per-respondent metrics, not ensemble classification"
Singapore,survey_options,ce_kl,brier,3,0.9322507260009881,0.9066498064284065,0.9578496906687517,"arithmetic mean of per-seed per-respondent metrics, not ensemble classification"
Singapore,survey_options,ce_kl,nll_clipped,3,1.7843536595265581,1.7301976299653008,1.8397242421759592,"arithmetic mean of per-seed per-respondent metrics, not ensemble classification"
Singapore,survey_options,signed_l1,accuracy,3,0.2956827309236948,0.273995983935743,0.31777108433734946,"arithmetic mean of per-seed per-respondent metrics, not ensemble classification"
Singapore,survey_options,signed_l1,brier,3,0.8008113969138164,0.7826405067385507,0.8188306497400576,"arithmetic mean of per-seed per-respondent metrics, not ensemble classification"
Singapore,survey_options,signed_l1,nll_clipped,3,1.4288873538466433,1.3951312165982304,1.4630957959643762,"arithmetic mean of per-seed per-respondent metrics, not ensemble classification"
Singapore,survey_options,direction_magnitude,accuracy,3,0.3352409638554216,0.31275100401606426,0.3583333333333332,"arithmetic mean of per-seed per-respondent metrics, not ensemble classification"
Singapore,survey_options,direction_magnitude,brier,3,0.7863979777810493,0.7679932261770216,0.8045193259043225,"arithmetic mean of per-seed per-respondent metrics, not ensemble classification"
Singapore,survey_options,direction_magnitude,nll_clipped,3,1.448572138451634,1.4120792184977478,1.485006220530873,"arithmetic mean of per-seed per-respondent metrics, not ensemble classification"
Singapore,ownership,s9,accuracy,1,0.6692771084337349,0.6463855421686747,0.6918674698795181,"arithmetic mean of per-seed per-respondent metrics, not ensemble classification"
Singapore,ownership,s9,brier,1,0.5052855016958351,0.47669456077691924,0.5341725953500692,"arithmetic mean of per-seed per-respondent metrics, not ensemble classification"
Singapore,ownership,s9,nll_clipped,1,0.8500328918995267,0.787671430283691,0.9190879536872354,"arithmetic mean of per-seed per-respondent metrics, not ensemble classification"
Singapore,ownership,mnl_s,accuracy,1,0.71144578313253,0.6828313253012048,0.7400602409638554,"arithmetic mean of per-seed per-respondent metrics, not ensemble classification"
Singapore,ownership,mnl_s,brier,1,0.35272458105101573,0.3212969365637627,0.3838139278852632,"arithmetic mean of per-seed per-respondent metrics, not ensemble classification"
Singapore,ownership,mnl_s,nll_clipped,1,0.5850217402803505,0.5255252040234525,0.6513665573349953,"arithmetic mean of per-seed per-respondent metrics, not ensemble classification"
Singapore,ownership,soft_kl,accuracy,3,0.7291164658634538,0.7025100401606427,0.755421686746988,"arithmetic mean of per-seed per-respondent metrics, not ensemble classification"
Singapore,ownership,soft_kl,brier,3,0.3767242115907233,0.3501426862837149,0.4034498000324833,"arithmetic mean of per-seed per-respondent metrics, not ensemble classification"
Singapore,ownership,soft_kl,nll_clipped,3,0.6548927419172751,0.5999142043300324,0.7171153870900858,"arithmetic mean of per-seed per-respondent metrics, not ensemble classification"
Singapore,ownership,ce_kl,accuracy,3,0.696987951807229,0.6720883534136548,0.7209839357429719,"arithmetic mean of per-seed per-respondent metrics, not ensemble classification"
Singapore,ownership,ce_kl,brier,3,0.4336633631982207,0.4036285129935104,0.4640328593917639,"arithmetic mean of per-seed per-respondent metrics, not ensemble classification"
Singapore,ownership,ce_kl,nll_clipped,3,0.7454861545765332,0.6833133313113439,0.8137822213573374,"arithmetic mean of per-seed per-respondent metrics, not ensemble classification"
Singapore,ownership,signed_l1,accuracy,3,0.7306224899598394,0.7042168674698795,0.7568273092369479,"arithmetic mean of per-seed per-respondent metrics, not ensemble classification"
Singapore,ownership,signed_l1,brier,3,0.36671198509352126,0.3397651984743686,0.3938517458176286,"arithmetic mean of per-seed per-respondent metrics, not ensemble classification"
Singapore,ownership,signed_l1,nll_clipped,3,0.6383722424620096,0.5834410538564866,0.7002567983229161,"arithmetic mean of per-seed per-respondent metrics, not ensemble classification"
Singapore,ownership,direction_magnitude,accuracy,3,0.7183734939759037,0.6935742971887551,0.743074799196787,"arithmetic mean of per-seed per-respondent metrics, not ensemble classification"
Singapore,ownership,direction_magnitude,brier,3,0.3801749620774685,0.35419443261919364,0.40630095942665884,"arithmetic mean of per-seed per-respondent metrics, not ensemble classification"
Singapore,ownership,direction_magnitude,nll_clipped,3,0.6617440012367799,0.6065026058061314,0.7236129983809726,"arithmetic mean of per-seed per-respondent metrics, not ensemble classification"
Singapore,car_relaxed,s9,accuracy,1,0.2716867469879518,0.24156626506024098,0.30301204819277106,"arithmetic mean of per-seed per-respondent metrics, not ensemble classification"
Singapore,car_relaxed,s9,brier,1,0.954531072827434,0.9158846360387457,0.9935025405204146,"arithmetic mean of per-seed per-respondent metrics, not ensemble classification"
Singapore,car_relaxed,s9,nll_clipped,1,1.5547246858936068,1.4940497093629033,1.615015649056606,"arithmetic mean of per-seed per-respondent metrics, not ensemble classification"
Singapore,car_relaxed,mnl_s,accuracy,1,0.4798192771084337,0.45512048192771076,0.5051204819277109,"arithmetic mean of per-seed per-respondent metrics, not ensemble classification"
Singapore,car_relaxed,mnl_s,brier,1,0.5929848445767801,0.5688997646343796,0.6167139747717814,"arithmetic mean of per-seed per-respondent metrics, not ensemble classification"
Singapore,car_relaxed,mnl_s,nll_clipped,1,0.9326835896025146,0.8920185869048336,0.9730461924007274,"arithmetic mean of per-seed per-respondent metrics, not ensemble classification"
Singapore,car_relaxed,soft_kl,accuracy,3,0.3207831325301205,0.2960843373493976,0.3459839357429718,"arithmetic mean of per-seed per-respondent metrics, not ensemble classification"
Singapore,car_relaxed,soft_kl,brier,3,0.7750331216374138,0.7508821254714682,0.7989526452677908,"arithmetic mean of per-seed per-respondent metrics, not ensemble classification"
Singapore,car_relaxed,soft_kl,nll_clipped,3,1.2028351323353612,1.1667214364639098,1.2384721390007012,"arithmetic mean of per-seed per-respondent metrics, not ensemble classification"
Singapore,car_relaxed,ce_kl,accuracy,3,0.2872489959839358,0.2587324297188755,0.31646837349397594,"arithmetic mean of per-seed per-respondent metrics, not ensemble classification"
Singapore,car_relaxed,ce_kl,brier,3,0.8896242651064158,0.8581607692845611,0.9207665116450187,"arithmetic mean of per-seed per-respondent metrics, not ensemble classification"
Singapore,car_relaxed,ce_kl,nll_clipped,3,1.4400214501804132,1.3899018000539112,1.48900149974663,"arithmetic mean of per-seed per-respondent metrics, not ensemble classification"
Singapore,car_relaxed,signed_l1,accuracy,3,0.35532128514056227,0.3331325301204819,0.37791164658634535,"arithmetic mean of per-seed per-respondent metrics, not ensemble classification"
Singapore,car_relaxed,signed_l1,brier,3,0.7467611633230784,0.7247195703809821,0.7686083111804856,"arithmetic mean of per-seed per-respondent metrics, not ensemble classification"
Singapore,car_relaxed,signed_l1,nll_clipped,3,1.156594118486283,1.123069005646218,1.1897529926508918,"arithmetic mean of per-seed per-respondent metrics, not ensemble classification"
Singapore,car_relaxed,direction_magnitude,accuracy,3,0.3567269076305221,0.33333333333333337,0.3802208835341365,"arithmetic mean of per-seed per-respondent metrics, not ensemble classification"
Singapore,car_relaxed,direction_magnitude,brier,3,0.7464321729885661,0.7238573207330916,0.7687101047684354,"arithmetic mean of per-seed per-respondent metrics, not ensemble classification"
Singapore,car_relaxed,direction_magnitude,nll_clipped,3,1.1939564446126132,1.157661618811937,1.2297536359406025,"arithmetic mean of per-seed per-respondent metrics, not ensemble classification"
Shanghai,survey_options,s9,accuracy,1,0.12718068535825547,0.10155763239875393,0.1542056074766355,"arithmetic mean of per-seed per-respondent metrics, not ensemble classification"
Shanghai,survey_options,s9,brier,1,1.1050981820832355,1.0690845470709749,1.1394417673290997,"arithmetic mean of per-seed per-respondent metrics, not ensemble classification"
Shanghai,survey_options,s9,nll_clipped,1,2.1451681071191553,2.062152138792938,2.225589478375803,"arithmetic mean of per-seed per-respondent metrics, not ensemble classification"
Shanghai,survey_options,mnl_s,accuracy,1,0.24205607476635516,0.20996884735202495,0.2747663551401869,"arithmetic mean of per-seed per-respondent metrics, not ensemble classification"
Shanghai,survey_options,mnl_s,brier,1,0.9993638716610319,0.9557430944010152,1.0420350472487896,"arithmetic mean of per-seed per-respondent metrics, not ensemble classification"
Shanghai,survey_options,mnl_s,nll_clipped,1,1.9026421656916783,1.8052860178753634,2.00074837145687,"arithmetic mean of per-seed per-respondent metrics, not ensemble classification"
Shanghai,survey_options,soft_kl,accuracy,3,0.26451194184839044,0.24083592938733125,0.2894080996884735,"arithmetic mean of per-seed per-respondent metrics, not ensemble classification"
Shanghai,survey_options,soft_kl,brier,3,0.8414607892065524,0.8183665620951741,0.8634212906204509,"arithmetic mean of per-seed per-respondent metrics, not ensemble classification"
Shanghai,survey_options,soft_kl,nll_clipped,3,1.6010111745363544,1.548844541339244,1.6512256967024745,"arithmetic mean of per-seed per-respondent metrics, not ensemble classification"
Shanghai,survey_options,ce_kl,accuracy,3,0.2379023883696781,0.21505711318795426,0.26188992731048805,"arithmetic mean of per-seed per-respondent metrics, not ensemble classification"
Shanghai,survey_options,ce_kl,brier,3,0.9345249511893733,0.9064281687046775,0.9615817938612343,"arithmetic mean of per-seed per-respondent metrics, not ensemble classification"
Shanghai,survey_options,ce_kl,nll_clipped,3,1.8753402935155763,1.8055575944474826,1.941547304831696,"arithmetic mean of per-seed per-respondent metrics, not ensemble classification"
Shanghai,survey_options,signed_l1,accuracy,3,0.28683800623052963,0.26329179646936657,0.3113194444444445,"arithmetic mean of per-seed per-respondent metrics, not ensemble classification"
Shanghai,survey_options,signed_l1,brier,3,0.8244927727376111,0.8020529129358543,0.8460348989946248,"arithmetic mean of per-seed per-respondent metrics, not ensemble classification"
Shanghai,survey_options,signed_l1,nll_clipped,3,1.5643916991403433,1.5133032394037824,1.6132961598754831,"arithmetic mean of per-seed per-respondent metrics, not ensemble classification"
Shanghai,survey_options,direction_magnitude,accuracy,3,0.2849688473520249,0.26121365524402906,0.30965796988577365,"arithmetic mean of per-seed per-respondent metrics, not ensemble classification"
Shanghai,survey_options,direction_magnitude,brier,3,0.8233779480269487,0.8007568814523383,0.8454540135895131,"arithmetic mean of per-seed per-respondent metrics, not ensemble classification"
Shanghai,survey_options,direction_magnitude,nll_clipped,3,1.5580696350381795,1.50617394636917,1.6085644574542146,"arithmetic mean of per-seed per-respondent metrics, not ensemble classification"
Shanghai,ownership,s9,accuracy,1,0.804361370716511,0.7834890965732086,0.82398753894081,"arithmetic mean of per-seed per-respondent metrics, not ensemble classification"
Shanghai,ownership,s9,brier,1,0.324252385497971,0.3022518606432313,0.3482847679832547,"arithmetic mean of per-seed per-respondent metrics, not ensemble classification"
Shanghai,ownership,s9,nll_clipped,1,0.54851231049218,0.5111118237771239,0.5899039548962685,"arithmetic mean of per-seed per-respondent metrics, not ensemble classification"
Shanghai,ownership,mnl_s,accuracy,1,0.8180685358255453,0.7919003115264797,0.8436137071651089,"arithmetic mean of per-seed per-respondent metrics, not ensemble classification"
Shanghai,ownership,mnl_s,brier,1,0.2700610523402352,0.2394781222849037,0.3015195842434599,"arithmetic mean of per-seed per-respondent metrics, not ensemble classification"
Shanghai,ownership,mnl_s,nll_clipped,1,0.4741489407652846,0.42282827759944697,0.5301325687804314,"arithmetic mean of per-seed per-respondent metrics, not ensemble classification"
Shanghai,ownership,soft_kl,accuracy,3,0.7845794392523365,0.7632917964693665,0.8048818795430944,"arithmetic mean of per-seed per-respondent metrics, not ensemble classification"
Shanghai,ownership,soft_kl,brier,3,0.3192030216270634,0.2970076143898939,0.3425737411469541,"arithmetic mean of per-seed per-respondent metrics, not ensemble classification"
Shanghai,ownership,soft_kl,nll_clipped,3,0.5374552424526575,0.5004379296018562,0.5779501372504002,"arithmetic mean of per-seed per-respondent metrics, not ensemble classification"
Shanghai,ownership,ce_kl,accuracy,3,0.7706645898234683,0.7515576323987538,0.7886812045690549,"arithmetic mean of per-seed per-respondent metrics, not ensemble classification"
Shanghai,ownership,ce_kl,brier,3,0.33925016547567177,0.3170799243123412,0.36287611669501074,"arithmetic mean of per-seed per-respondent metrics, not ensemble classification"
Shanghai,ownership,ce_kl,nll_clipped,3,0.5663215917944683,0.5267031951911839,0.6101483763981074,"arithmetic mean of per-seed per-respondent metrics, not ensemble classification"
Shanghai,ownership,signed_l1,accuracy,3,0.7977414330218068,0.7767653167185877,0.8178868120456905,"arithmetic mean of per-seed per-respondent metrics, not ensemble classification"
Shanghai,ownership,signed_l1,brier,3,0.3079951404657636,0.2859036601234188,0.3314134603437878,"arithmetic mean of per-seed per-respondent metrics, not ensemble classification"
Shanghai,ownership,signed_l1,nll_clipped,3,0.5229994636207095,0.48578896895278045,0.5636138612856998,"arithmetic mean of per-seed per-respondent metrics, not ensemble classification"
Shanghai,ownership,direction_magnitude,accuracy,3,0.8024402907580479,0.7808411214953271,0.822897196261682,"arithmetic mean of per-seed per-respondent metrics, not ensemble classification"
Shanghai,ownership,direction_magnitude,brier,3,0.30442663457897484,0.2819153110347356,0.3281150420114448,"arithmetic mean of per-seed per-respondent metrics, not ensemble classification"
Shanghai,ownership,direction_magnitude,nll_clipped,3,0.5187654724539476,0.481419143464607,0.5593340081150744,"arithmetic mean of per-seed per-respondent metrics, not ensemble classification"
Shanghai,car_relaxed,s9,accuracy,1,0.37757009345794396,0.3457866043613706,0.4099688473520248,"arithmetic mean of per-seed per-respondent metrics, not ensemble classification"
Shanghai,car_relaxed,s9,brier,1,0.8592913392369416,0.8159946911601612,0.9018448955981107,"arithmetic mean of per-seed per-respondent metrics, not ensemble classification"
Shanghai,car_relaxed,s9,nll_clipped,1,1.4059848100586905,1.337124590362268,1.4755275186874128,"arithmetic mean of per-seed per-respondent metrics, not ensemble classification"
Shanghai,car_relaxed,mnl_s,accuracy,1,0.28037383177570097,0.24953271028037377,0.3118380062305296,"arithmetic mean of per-seed per-respondent metrics, not ensemble classification"
Shanghai,car_relaxed,mnl_s,brier,1,1.0068866938934653,0.957438566501282,1.0554747924664858,"arithmetic mean of per-seed per-respondent metrics, not ensemble classification"
Shanghai,car_relaxed,mnl_s,nll_clipped,1,1.6905724189856801,1.5974033036275324,1.7848221067059775,"arithmetic mean of per-seed per-respondent metrics, not ensemble classification"
Shanghai,car_relaxed,soft_kl,accuracy,3,0.34948078920041536,0.32357217030114227,0.3763239875389408,"arithmetic mean of per-seed per-respondent metrics, not ensemble classification"
Shanghai,car_relaxed,soft_kl,brier,3,0.7780467459279697,0.7489027068163261,0.8059932983479473,"arithmetic mean of per-seed per-respondent metrics, not ensemble classification"
Shanghai,car_relaxed,soft_kl,nll_clipped,3,1.2405402764448097,1.1920209782299656,1.289645496348991,"arithmetic mean of per-seed per-respondent metrics, not ensemble classification"
Shanghai,car_relaxed,ce_kl,accuracy,3,0.37149532710280375,0.34465212876427836,0.39927570093457937,"arithmetic mean of per-seed per-respondent metrics, not ensemble classification"
Shanghai,car_relaxed,ce_kl,brier,3,0.8369522994206817,0.8011780328132891,0.8715247465283391,"arithmetic mean of per-seed per-respondent metrics, not ensemble classification"
Shanghai,car_relaxed,ce_kl,nll_clipped,3,1.3837346308997607,1.3230894611524695,1.4442534717899205,"arithmetic mean of per-seed per-respondent metrics, not ensemble classification"
Shanghai,car_relaxed,signed_l1,accuracy,3,0.3785306334371755,0.35301077362409133,0.4045690550363447,"arithmetic mean of per-seed per-respondent metrics, not ensemble classification"
Shanghai,car_relaxed,signed_l1,brier,3,0.746197336234295,0.718514233840247,0.7730061803348739,"arithmetic mean of per-seed per-respondent metrics, not ensemble classification"
Shanghai,car_relaxed,signed_l1,nll_clipped,3,1.1921536660728251,1.145280730385811,1.2403392866309746,"arithmetic mean of per-seed per-respondent metrics, not ensemble classification"
Shanghai,car_relaxed,direction_magnitude,accuracy,3,0.3805295950155763,0.35451713395638634,0.40737409138110064,"arithmetic mean of per-seed per-respondent metrics, not ensemble classification"
Shanghai,car_relaxed,direction_magnitude,brier,3,0.7464772886386681,0.7180780862706984,0.7740833418765886,"arithmetic mean of per-seed per-respondent metrics, not ensemble classification"
Shanghai,car_relaxed,direction_magnitude,nll_clipped,3,1.1884390317846756,1.1407828823044197,1.237931295693541,"arithmetic mean of per-seed per-respondent metrics, not ensemble classification"
