city,profile,model,n_respondents,n_choices,accuracy,balanced_accuracy,majority_accuracy,nll_raw,nll_clipped,structural_zero_labels,brier,mean_absolute_response_bias,pt_bias
Singapore,survey_options,s9,332,3320,0.23373493975903614,0.36289181406828463,0.6656626506024096,2.0563284588702366,2.0563284588702366,0,1.0291251327378939,0.11334558230129081,-0.5890404872514913
Singapore,survey_options,mnl_s,332,3320,0.3156626506024096,0.396524064171123,0.6656626506024096,1.345990926547997,1.345990926547997,0,0.7681621659258924,0.11214805247087398,-0.41372740558780025
Singapore,survey_options,soft_kl_seed42,332,3320,0.2394578313253012,0.3014500205676677,0.6656626506024096,1.447239791934944,1.447239791934944,0,0.818316375706709,0.07133737991687403,-0.4828699474234178
Singapore,survey_options,soft_kl_seed2026,332,3320,0.37198795180722893,0.41358083093377207,0.6656626506024096,1.3265279926461182,1.3265279926461182,0,0.7401180637179858,0.07523550673960203,-0.451432878212128
Singapore,survey_options,soft_kl_seed7,332,3320,0.24367469879518072,0.34138831756478816,0.6656626506024096,1.6296387350624595,1.6296387350624595,0,0.893800107763856,0.13578889927187238,-0.514548500012382
Singapore,survey_options,ce_kl_seed42,332,3320,0.23825301204819277,0.3136096256684492,0.6656626506024096,1.872086448575442,1.872086448575442,0,0.9568254461090785,0.07654986753947582,-0.54939637939945
Singapore,survey_options,ce_kl_seed2026,332,3320,0.21807228915662652,0.3348457424928013,0.6656626506024096,1.543559332609743,1.543559332609743,0,0.8404717002578621,0.09978322012080665,-0.5089491609809359
Singapore,survey_options,ce_kl_seed7,332,3320,0.2283132530120482,0.3560180995475113,0.6656626506024096,1.9374151973944889,1.9374151973944889,0,0.9994550316360239,0.09001291275405919,-0.5737569351164422
Singapore,survey_options,signed_l1_seed42,332,3320,0.2216867469879518,0.2808802961744138,0.6656626506024096,1.476357390783662,1.476357390783662,0,0.8388039751781505,0.07700309732322952,-0.49297352345346146
Singapore,survey_options,signed_l1_seed2026,332,3320,0.42620481927710846,0.40855820649938296,0.6656626506024096,1.230204386192061,1.230204386192061,0,0.6937464075232508,0.06745437315092927,-0.4142608760132353
Singapore,survey_options,signed_l1_seed7,332,3320,0.2391566265060241,0.33247223364870426,0.6656626506024096,1.5801002845642074,1.5801002845642074,0,0.8698838080400481,0.11763560117098941,-0.5040965697346591
Singapore,survey_options,direction_magnitude_seed42,332,3320,0.21746987951807228,0.2732126696832579,0.6656626506024096,1.4623840796051344,1.4623840796051344,0,0.8313906421731642,0.07303797507052681,-0.4894449309737657
Singapore,survey_options,direction_magnitude_seed2026,332,3320,0.5412650602409639,0.4582990538872892,0.6656626506024096,1.1547333206691626,1.1547333206691626,0,0.6465829700029702,0.07940108928470367,-0.38980129863618
Singapore,survey_options,direction_magnitude_seed7,332,3320,0.2469879518072289,0.3432743726861374,0.6656626506024096,1.728599015080605,1.728599015080605,0,0.8812203211670132,0.11113669743511759,-0.5131391968620879
Singapore,ownership,s9,332,3320,0.6692771084337349,0.728311633646791,0.6656626506024096,Infinity,0.8500328918995266,8,0.5052855016958351,0.039897002099104316,-0.30674696102211
Singapore,ownership,mnl_s,332,3320,0.7114457831325302,0.5628455129002324,0.6656626506024096,Infinity,0.5850217402803506,8,0.3527245810510158,0.11059405569103302,-0.03773882309202481
Singapore,ownership,soft_kl_seed42,332,3320,0.7237951807228916,0.608570547099959,0.6656626506024096,Infinity,0.6244919166612217,8,0.36388620308406777,0.06101137238767851,-0.15811512528368865
Singapore,ownership,soft_kl_seed2026,332,3320,0.7400602409638555,0.6562609415208595,0.6656626506024096,Infinity,0.6185921427136466,8,0.3500848345469838,0.0635649865145335,-0.15778273316044134
Singapore,ownership,soft_kl_seed7,332,3320,0.7234939759036144,0.6159605100781571,0.6656626506024096,Infinity,0.7215941663769568,8,0.4162015971411185,0.12011531137311493,-0.21449286089480724
Singapore,ownership,ce_kl_seed42,332,3320,0.6954819277108434,0.6602286837649355,0.6656626506024096,Infinity,0.7509421583141938,8,0.4413155960044412,0.06780279572079721,-0.22176436523925114
Singapore,ownership,ce_kl_seed2026,332,3320,0.7,0.7106034458018041,0.6656626506024096,Infinity,0.6894303825885898,8,0.4004555634361646,0.08637320689509162,-0.20747567986065224
Singapore,ownership,ce_kl_seed7,332,3320,0.6954819277108434,0.686491777716128,0.6656626506024096,Infinity,0.7960859228268157,8,0.4592189301540562,0.052470235853646706,-0.2743882576567513
Singapore,ownership,signed_l1_seed42,332,3320,0.7237951807228916,0.6093973673385438,0.6656626506024096,Infinity,0.6287090169257562,8,0.3666644206364772,0.07157358160713709,-0.15949641081942123
Singapore,ownership,signed_l1_seed2026,332,3320,0.7439759036144579,0.6455415993035692,0.6656626506024096,Infinity,0.5917792285969329,8,0.3343690809844116,0.06595579378127334,-0.12519406738679806
Singapore,ownership,signed_l1_seed7,332,3320,0.7240963855421687,0.6179043938277864,0.6656626506024096,Infinity,0.6946284818633396,8,0.3991024536596749,0.12091235215887877,-0.19533361760444978
Singapore,ownership,direction_magnitude_seed42,332,3320,0.7243975903614458,0.6085129576306046,0.6656626506024096,Infinity,0.6299728945298493,8,0.3676277694889936,0.07024470946964728,-0.15995073489822353
Singapore,ownership,direction_magnitude_seed2026,332,3320,0.7454819277108434,0.5941509858130924,0.6656626506024096,Infinity,0.585052508460825,8,0.3313664124794653,0.08405388586268009,-0.10930278933416282
Singapore,ownership,direction_magnitude_seed7,332,3320,0.6852409638554217,0.6139466484268126,0.6656626506024096,Infinity,0.7702066007196655,8,0.4415307042639463,0.10882940430219386,-0.23280965805604925
Singapore,car_relaxed,s9,332,3320,0.2716867469879518,0.4300611290214573,0.6656626506024096,1.5547246858936068,1.5547246858936068,0,0.954531072827434,0.07268561257935881,-0.5312932740882914
Singapore,car_relaxed,mnl_s,332,3320,0.47981927710843375,0.4655059646236117,0.6656626506024096,0.9326835896025145,0.9326835896025145,0,0.5929848445767801,0.15432456793726876,-0.2736077786892434
Singapore,car_relaxed,soft_kl_seed42,332,3320,0.2421686746987952,0.30491155902920614,0.6656626506024096,1.2001414923456266,1.2001414923456266,0,0.7966906415047621,0.06744186297418123,-0.42778731268909137
Singapore,car_relaxed,soft_kl_seed2026,332,3320,0.4493975903614458,0.468716577540107,0.6656626506024096,1.027956855806485,1.027956855806485,0,0.6496436932212093,0.07118563844923334,-0.37309663272799404
Singapore,car_relaxed,soft_kl_seed7,332,3320,0.2707831325301205,0.35482723159193746,0.6656626506024096,1.3804070488539721,1.3804070488539721,0,0.8787650301862696,0.1421863851788263,-0.4641542683641639
Singapore,car_relaxed,ce_kl_seed42,332,3320,0.25662650602409637,0.3283833813245578,0.6656626506024096,1.6092458417469955,1.6092458417469955,0,0.9825266574743311,0.07676054928465803,-0.5091202869553382
Singapore,car_relaxed,ce_kl_seed2026,332,3320,0.30993975903614457,0.41740230357877417,0.6656626506024096,1.1894312713770863,1.1894312713770863,0,0.7545734034244138,0.08036615238076143,-0.43482256595533425
Singapore,car_relaxed,ce_kl_seed7,332,3320,0.29518072289156627,0.4213122171945701,0.6656626506024096,1.521387237417157,1.521387237417157,0,0.9317727344205027,0.09646423389596573,-0.5161122235755649
Singapore,car_relaxed,signed_l1_seed42,332,3320,0.22409638554216868,0.2839572192513369,0.6656626506024096,1.2387277882941905,1.2387277882941905,0,0.8310385237297231,0.07620493425841791,-0.44300123564786753
Singapore,car_relaxed,signed_l1_seed2026,332,3320,0.5801204819277108,0.5209337721102427,0.6656626506024096,0.8987676597516145,0.8987676597516145,0,0.553966014819348,0.0624533395013626,-0.3133077332205756
Singapore,car_relaxed,signed_l1_seed7,332,3320,0.26174698795180723,0.3444858083093377,0.6656626506024096,1.3322869074130437,1.3322869074130437,0,0.855278951420164,0.13564854426567546,-0.45307179767531847
Singapore,car_relaxed,direction_magnitude_seed42,332,3320,0.22108433734939759,0.2778280542986425,0.6656626506024096,1.2227863466132665,1.2227863466132665,0,0.8181776761063795,0.07219969226743084,-0.4379319239340453
Singapore,car_relaxed,direction_magnitude_seed2026,332,3320,0.566566265060241,0.4792040312628548,0.6656626506024096,0.9019231263077271,0.9019231263077271,0,0.5582698007226005,0.07635304700717868,-0.30972806311223694
Singapore,car_relaxed,direction_magnitude_seed7,332,3320,0.2825301204819277,0.36123817359111476,0.6656626506024096,1.4571598609168468,1.4571598609168468,0,0.8628490421367188,0.1148204368523726,-0.460064375973012
Singapore,taxi_for_all,s9,332,3320,0.23765060240963856,0.36732414644179345,0.6656626506024096,2.0578638308496924,2.0578638308496924,0,1.0286844490233635,0.11379145302652685,-0.5900813826985365
Singapore,taxi_for_all,mnl_s,332,3320,0.2924698795180723,0.35253187988482104,0.6656626506024096,1.3574798406060897,1.3574798406060897,0,0.7755894705648809,0.11353111192583702,-0.39739770776949274
Singapore,taxi_for_all,soft_kl_seed42,332,3320,0.22951807228915663,0.2884862196626902,0.6656626506024096,1.4483031110678022,1.4483031110678022,0,0.8195916775377338,0.07094631257231336,-0.48072346079286676
Singapore,taxi_for_all,soft_kl_seed2026,332,3320,0.372289156626506,0.4142492801316331,0.6656626506024096,1.3265875296622147,1.3265875296622147,0,0.7401932112599174,0.07524470980223044,-0.45120458198509295
Singapore,taxi_for_all,soft_kl_seed7,332,3320,0.2433734939759036,0.3404360345536816,0.6656626506024096,1.6302951783172364,1.6302951783172364,0,0.8935732190305921,0.13600847081292464,-0.5166192900849483
Singapore,taxi_for_all,ce_kl_seed42,332,3320,0.2322289156626506,0.3059173179761415,0.6656626506024096,1.8725368690532005,1.8725368690532005,0,0.9574211655285447,0.07612851713727933,-0.5487587056055395
Singapore,taxi_for_all,ce_kl_seed2026,332,3320,0.21987951807228914,0.33715343480049365,0.6656626506024096,1.5434606052610669,1.5434606052610669,0,0.8404070820051073,0.09971688459963954,-0.5089760213879958
Singapore,taxi_for_all,ce_kl_seed7,332,3320,0.22680722891566266,0.3540950226244344,0.6656626506024096,1.938283961988566,1.938283961988566,0,0.9998026396304226,0.09004621428482415,-0.5738737363129831
Singapore,taxi_for_all,signed_l1_seed42,332,3320,0.22108433734939759,0.28011106540518305,0.6656626506024096,1.475714219672716,1.475714219672716,0,0.8390526271876667,0.0766047958396824,-0.49023210453991606
Singapore,taxi_for_all,signed_l1_seed2026,332,3320,0.4198795180722892,0.39966680378445085,0.6656626506024096,1.2331173840731533,1.2331173840731533,0,0.6963975577111473,0.0668733987923577,-0.41257505158624463
Singapore,taxi_for_all,signed_l1_seed7,332,3320,0.2391566265060241,0.33247223364870426,0.6656626506024096,1.5795692072178262,1.5795692072178262,0,0.8695542791279846,0.11847887998334616,-0.5041569205853773
Singapore,taxi_for_all,direction_magnitude_seed42,332,3320,0.21024096385542168,0.2639819004524887,0.6656626506024096,1.462729013777078,1.462729013777078,0,0.8321411726578505,0.07275927129639201,-0.48768397094681853
Singapore,taxi_for_all,direction_magnitude_seed2026,332,3320,0.5355421686746988,0.44995475113122174,0.6656626506024096,1.1563881891515306,1.1563881891515306,0,0.6481434405495138,0.07892101246818721,-0.3875460899132023
Singapore,taxi_for_all,direction_magnitude_seed7,332,3320,0.24819277108433735,0.34508432743726863,0.6656626506024096,1.7278818343111428,1.7278818343111428,0,0.8809417687067209,0.11102000876843188,-0.5134641241653211
Singapore,missing_income_low,s9,332,3320,0.2289156626506024,0.3590086384204031,0.6656626506024096,2.053611877268017,2.053611877268017,0,1.0339590173363784,0.11214609417379888,-0.5883835516569866
Singapore,missing_income_low,mnl_s,332,3320,0.3105421686746988,0.38862813656931305,0.6656626506024096,1.3417657500590472,1.3417657500590472,0,0.7685201077978556,0.11192123356953868,-0.4111624161409932
Singapore,missing_income_low,soft_kl_seed42,332,3320,0.24186746987951807,0.3026388317564788,0.6656626506024096,1.4364507572678766,1.4364507572678766,0,0.8129808743842922,0.07137428401599089,-0.4796215022038892
Singapore,missing_income_low,soft_kl_seed2026,332,3320,0.363855421686747,0.4124763471822296,0.6656626506024096,1.332932122210262,1.332932122210262,0,0.7438524321614346,0.0749044241148036,-0.45370546471697826
Singapore,missing_income_low,soft_kl_seed7,332,3320,0.24518072289156626,0.341682435211847,0.6656626506024096,1.6218589646947907,1.6218589646947907,0,0.8908809759906506,0.13604063089735,-0.512625659413703
Singapore,missing_income_low,ce_kl_seed42,332,3320,0.2385542168674699,0.3131921020156314,0.6656626506024096,1.853184516274654,1.853184516274654,0,0.9485262398882658,0.07638136044618707,-0.5466633875929352
Singapore,missing_income_low,ce_kl_seed2026,332,3320,0.21596385542168675,0.334337721102427,0.6656626506024096,1.552463402473445,1.552463402473445,0,0.8442115136581247,0.09934682296364603,-0.511038596948878
Singapore,missing_income_low,ce_kl_seed7,332,3320,0.2286144578313253,0.356131221719457,0.6656626506024096,1.9243615464826151,1.9243615464826151,0,0.9963583483551471,0.08956791953946722,-0.5717590286489015
Singapore,missing_income_low,signed_l1_seed42,332,3320,0.22228915662650603,0.28194570135746605,0.6656626506024096,1.4676244828379779,1.4676244828379779,0,0.8342949040466461,0.07708941407007984,-0.4904393875298191
Singapore,missing_income_low,signed_l1_seed2026,332,3320,0.4213855421686747,0.41005553270259154,0.6656626506024096,1.2344055474566407,1.2344055474566407,0,0.6962296652751183,0.06748147293005183,-0.41649830264084214
Singapore,missing_income_low,signed_l1_seed7,332,3320,0.2397590361445783,0.3321554915672563,0.6656626506024096,1.5732909731248939,1.5732909731248939,0,0.867461770302339,0.11777738288987472,-0.5022521335990673
Singapore,missing_income_low,direction_magnitude_seed42,332,3320,0.2183734939759036,0.2743911970382558,0.6656626506024096,1.4533078095396381,1.4533078095396381,0,0.8265464273933042,0.07302265133574065,-0.4867963247752961
Singapore,missing_income_low,direction_magnitude_seed2026,332,3320,0.5367469879518072,0.4588111888111888,0.6656626506024096,1.1586403000866912,1.1586403000866912,0,0.6493454791724489,0.07919134280857551,-0.3920489174482154
Singapore,missing_income_low,direction_magnitude_seed7,332,3320,0.25,0.3430357877416701,0.6656626506024096,1.7193606771022207,1.7193606771022207,0,0.8781297318509059,0.11121107008454041,-0.5107640244007806
Singapore,missing_income_high,s9,332,3320,0.23433734939759035,0.36451254627725216,0.6656626506024096,2.039780448280905,2.039780448280905,0,1.0252456668642558,0.11342731008519338,-0.5876054350373683
Singapore,missing_income_high,mnl_s,332,3320,0.31626506024096385,0.39202385849444676,0.6656626506024096,1.33580671055404,1.33580671055404,0,0.7631076910082243,0.11242102875817055,-0.4109004168412143
Singapore,missing_income_high,soft_kl_seed42,332,3320,0.24096385542168675,0.3031262854792267,0.6656626506024096,1.438642009742112,1.438642009742112,0,0.8132306202976533,0.07154272963708065,-0.48078105166689095
Singapore,missing_income_high,soft_kl_seed2026,332,3320,0.36686746987951807,0.41278074866310155,0.6656626506024096,1.3271293360066123,1.3271293360066123,0,0.7409159232293183,0.07455429465857795,-0.451880638294079
Singapore,missing_income_high,soft_kl_seed7,332,3320,0.24307228915662651,0.3392245989304813,0.6656626506024096,1.6251903929431653,1.6251903929431653,0,0.8923950105669738,0.1362634062441627,-0.5135823258776666
Singapore,missing_income_high,ce_kl_seed42,332,3320,0.23885542168674698,0.31439119703825585,0.6656626506024096,1.8594170392158482,1.8594170392158482,0,0.9502556949328042,0.0766945116853072,-0.5478641579450804
Singapore,missing_income_high,ce_kl_seed2026,332,3320,0.21656626506024096,0.3356746194981489,0.6656626506024096,1.5475551167174486,1.5475551167174486,0,0.8424124611327007,0.09928679823179741,-0.509964072925364
Singapore,missing_income_high,ce_kl_seed7,332,3320,0.22981927710843372,0.3579411764705882,0.6656626506024096,1.928693730042812,1.928693730042812,0,0.9971430147786107,0.08957649221733573,-0.5726632984573896
Singapore,missing_income_high,signed_l1_seed42,332,3320,0.22259036144578312,0.2823303167420814,0.6656626506024096,1.4704593414205158,1.4704593414205158,0,0.8347433089693558,0.07732736168496579,-0.4916380241748888
Singapore,missing_income_high,signed_l1_seed2026,332,3320,0.4237951807228916,0.40793706293706294,0.6656626506024096,1.231031998241071,1.231031998241071,0,0.6946955452704922,0.06703993629282676,-0.4149911462828651
Singapore,missing_income_high,signed_l1_seed7,332,3320,0.23765060240963856,0.3296853146853147,0.6656626506024096,1.5773841640860828,1.5773841640860828,0,0.8696124947821605,0.1180746951819319,-0.5033735865152003
Singapore,missing_income_high,direction_magnitude_seed42,332,3320,0.21807228915662652,0.27454956807897984,0.6656626506024096,1.4572312041782183,1.4572312041782183,0,0.8276024105141464,0.07347463271300117,-0.4881926955419581
Singapore,missing_income_high,direction_magnitude_seed2026,332,3320,0.5406626506024096,0.4589119703825586,0.6656626506024096,1.1540674119344723,1.1540674119344723,0,0.6467295825126402,0.07884142965257887,-0.3901697355109345
Singapore,missing_income_high,direction_magnitude_seed7,332,3320,0.2469879518072289,0.3404977375565611,0.6656626506024096,1.721689339903601,1.721689339903601,0,0.8789378843365354,0.11163883088689566,-0.5115314093655458
Singapore,employed_office,s9,332,3320,0.21445783132530122,0.349062114356232,0.6656626506024096,2.0734004255463,2.0734004255463,0,1.047544310772267,0.10730745475346512,-0.5868746439710326
Singapore,employed_office,mnl_s,332,3320,0.344578313253012,0.381295763060469,0.6656626506024096,1.2949518552150379,1.2949518552150379,0,0.7400451053438816,0.11322266161440875,-0.39778297603589136
Singapore,employed_office,soft_kl_seed42,332,3320,0.2596385542168675,0.3338584944467297,0.6656626506024096,1.4404766627207255,1.4404766627207255,0,0.8086640579861905,0.06765618460948566,-0.47598727961710413
Singapore,employed_office,soft_kl_seed2026,332,3320,0.4346385542168675,0.40154463183874944,0.6656626506024096,1.2679920654475152,1.2679920654475152,0,0.7091065565288129,0.06732859079984117,-0.424625531399443
Singapore,employed_office,soft_kl_seed7,332,3320,0.2385542168674699,0.336676264911559,0.6656626506024096,1.6006565373883572,1.6006565373883572,0,0.8760050792784058,0.1258840761484062,-0.5090103321052324
Singapore,employed_office,ce_kl_seed42,332,3320,0.24457831325301205,0.3265117235705471,0.6656626506024096,1.8210680129050885,1.8210680129050885,0,0.9251342558635256,0.07107558957685392,-0.5340485848867227
Singapore,employed_office,ce_kl_seed2026,332,3320,0.25,0.31741670094611274,0.6656626506024096,1.4405913671385067,1.4405913671385067,0,0.7948954438612249,0.08733785391605672,-0.4679878386660445
Singapore,employed_office,ce_kl_seed7,332,3320,0.23162650602409637,0.3581139448786508,0.6656626506024096,1.8823486418512179,1.8823486418512179,0,0.9777698487944556,0.08028644643645419,-0.5670023527728528
Singapore,employed_office,signed_l1_seed42,332,3320,0.23132530120481928,0.3018510900863842,0.6656626506024096,1.4742799909449658,1.4742799909449658,0,0.8294551157150813,0.07407289087009358,-0.4884341580131236
Singapore,employed_office,signed_l1_seed2026,332,3320,0.4650602409638554,0.3952735499794323,0.6656626506024096,1.1972243152241668,1.1972243152241668,0,0.6741785452486172,0.06026203078273908,-0.39141937532765136
Singapore,employed_office,signed_l1_seed7,332,3320,0.24397590361445784,0.3464623611682435,0.6656626506024096,1.5453443902107922,1.5453443902107922,0,0.8479593381398308,0.10832638193415589,-0.4963745139247502
Singapore,employed_office,direction_magnitude_seed42,332,3320,0.22620481927710842,0.2938564376799671,0.6656626506024096,1.459418232158734,1.459418232158734,0,0.8235692807823899,0.06906227103872112,-0.4844298062621649
Singapore,employed_office,direction_magnitude_seed2026,332,3320,0.5147590361445783,0.415937885643768,0.6656626506024096,1.1564351030741995,1.1564351030741995,0,0.6479953469583932,0.07289671436266368,-0.3804409475447273
Singapore,employed_office,direction_magnitude_seed7,332,3320,0.24789156626506023,0.3468469765528589,0.6656626506024096,1.6950589617806386,1.6950589617806386,0,0.8654262772850769,0.10314029590212684,-0.5064499489551393
Singapore,transit_pass_yes,s9,332,3320,0.23313253012048193,0.35985191279308926,0.6656626506024096,1.9313896740973744,1.9313896740973744,0,0.9886992552363167,0.10234071981801415,-0.5723889564778318
Singapore,transit_pass_yes,mnl_s,332,3320,0.3069277108433735,0.37997737556561084,0.6656626506024096,1.3285283625751239,1.3285283625751239,0,0.7628916358163069,0.11194543091667519,-0.404933088410458
Singapore,transit_pass_yes,soft_kl_seed42,332,3320,0.2572289156626506,0.32009461127108185,0.6656626506024096,1.4173438648192582,1.4173438648192582,0,0.799585312332702,0.06882999259978531,-0.4727143546723457
Singapore,transit_pass_yes,soft_kl_seed2026,332,3320,0.3789156626506024,0.39132867132867133,0.6656626506024096,1.2950737031671156,1.2950737031671156,0,0.7225373801891661,0.06404687709298479,-0.4365654854866934
Singapore,transit_pass_yes,soft_kl_seed7,332,3320,0.23463855421686747,0.3215322912381736,0.6656626506024096,1.5866412941821373,1.5866412941821373,0,0.8810463380497373,0.13296783065804874,-0.4995794520006481
Singapore,transit_pass_yes,ce_kl_seed42,332,3320,0.2560240963855422,0.32966269025092554,0.6656626506024096,1.7895917065392677,1.7895917065392677,0,0.9222623854863162,0.0775969876240131,-0.5343175662210189
Singapore,transit_pass_yes,ce_kl_seed2026,332,3320,0.22439759036144577,0.3454154668860551,0.6656626506024096,1.517610477856107,1.517610477856107,0,0.8284786615397556,0.09030630906695972,-0.50234763396326
Singapore,transit_pass_yes,ce_kl_seed7,332,3320,0.21144578313253012,0.3343192102015632,0.6656626506024096,1.896858656694815,1.896858656694815,0,0.9946822031932122,0.0895686762255942,-0.5641636481488976
Singapore,transit_pass_yes,signed_l1_seed42,332,3320,0.23132530120481928,0.2806375976964212,0.6656626506024096,1.4398819405119785,1.4398819405119785,0,0.8171525752795886,0.07650659997913853,-0.48084242638222957
Singapore,transit_pass_yes,signed_l1_seed2026,332,3320,0.4587349397590361,0.41411147675853555,0.6656626506024096,1.2057237978166124,1.2057237978166124,0,0.6806240140174382,0.056465031574648536,-0.39990197596173865
Singapore,transit_pass_yes,signed_l1_seed7,332,3320,0.23463855421686747,0.32448169477581246,0.6656626506024096,1.5536378837678135,1.5536378837678135,0,0.864012149908899,0.11897788021982794,-0.4938598679894783
Singapore,transit_pass_yes,direction_magnitude_seed42,332,3320,0.2256024096385542,0.27602015631427396,0.6656626506024096,1.4219981540870739,1.4219981540870739,0,0.8084332111189602,0.0725436273064599,-0.4763136581046484
Singapore,transit_pass_yes,direction_magnitude_seed2026,332,3320,0.552710843373494,0.43918757712875356,0.6656626506024096,1.131483429174409,1.131483429174409,0,0.6309041948445411,0.06874523468943963,-0.37499638534970126
Singapore,transit_pass_yes,direction_magnitude_seed7,332,3320,0.23765060240963856,0.320392842451666,0.6656626506024096,1.7134036523707075,1.7134036523707075,0,0.8813668226661883,0.10980075177125048,-0.506330361291738
Singapore,flexible_schedule,s9,332,3320,0.23403614457831326,0.3422727272727273,0.6656626506024096,2.0282259542160683,2.0282259542160683,0,1.0175251720836733,0.11773314748958023,-0.588003943840053
Singapore,flexible_schedule,mnl_s,332,3320,0.4274096385542169,0.38018305224187576,0.6656626506024096,1.160870014832991,1.160870014832991,0,0.6589050435055589,0.11812106303217966,-0.33226883725187834
Singapore,flexible_schedule,soft_kl_seed42,332,3320,0.21174698795180724,0.25879679144385026,0.6656626506024096,1.4643171904401837,1.4643171904401837,0,0.8455853555828011,0.07083692233897296,-0.4856385023759521
Singapore,flexible_schedule,soft_kl_seed2026,332,3320,0.44608433734939756,0.3772871246400658,0.6656626506024096,1.2165998802476317,1.2165998802476317,0,0.687262261621424,0.08030411312019968,-0.4081147729744573
Singapore,flexible_schedule,soft_kl_seed7,332,3320,0.24427710843373493,0.33440765117235705,0.6656626506024096,1.644505461042251,1.644505461042251,0,0.9036377670154727,0.1374485765892384,-0.515644828334215
Singapore,flexible_schedule,ce_kl_seed42,332,3320,0.22650602409638554,0.26684491978609626,0.6656626506024096,1.8189998643004712,1.8189998643004712,0,0.9730926955775759,0.06437650268381259,-0.5340183780332242
Singapore,flexible_schedule,ce_kl_seed2026,332,3320,0.22981927710843372,0.29137597696421225,0.6656626506024096,1.4461937436498784,1.4461937436498784,0,0.8179527816206172,0.09411657630432263,-0.4820043522483074
Singapore,flexible_schedule,ce_kl_seed7,332,3320,0.23765060240963856,0.36230152200740434,0.6656626506024096,1.9445456802681518,1.9445456802681518,0,0.9989103915297741,0.0909244441881731,-0.5735279954220898
Singapore,flexible_schedule,signed_l1_seed42,332,3320,0.20903614457831327,0.2577663512957631,0.6656626506024096,1.4832849522270184,1.4832849522270184,0,0.8621775495491505,0.07126077928591565,-0.49273255566157487
Singapore,flexible_schedule,signed_l1_seed2026,332,3320,0.5231927710843374,0.4050493624023036,0.6656626506024096,1.136004930341223,1.136004930341223,0,0.642724243297911,0.07795505957588195,-0.375648795724117
Singapore,flexible_schedule,signed_l1_seed7,332,3320,0.23524096385542168,0.3279288358700123,0.6656626506024096,1.6081226633056522,1.6081226633056522,0,0.886302638909244,0.11760392652499119,-0.5073681990753477
Singapore,flexible_schedule,direction_magnitude_seed42,332,3320,0.1966867469879518,0.25006787330316743,0.6656626506024096,1.485703947472097,1.485703947472097,0,0.8682037485879646,0.06775204367060439,-0.4933108879915292
Singapore,flexible_schedule,direction_magnitude_seed2026,332,3320,0.5617469879518072,0.41095228301110653,0.6656626506024096,1.0850705093873894,1.0850705093873894,0,0.6106178093219731,0.08582473820726197,-0.34626090197476095
Singapore,flexible_schedule,direction_magnitude_seed7,332,3320,0.24909638554216867,0.3405614973262032,0.6656626506024096,1.7329797068962538,1.7329797068962538,0,0.8823116506236545,0.1098580704397432,-0.5121025728936313
Singapore,commute_morning,s9,332,3320,0.23463855421686747,0.35070547099958865,0.6656626506024096,1.9712783099956914,1.9712783099956914,0,1.008024335724156,0.10710323230834702,-0.5823319874835727
Singapore,commute_morning,mnl_s,332,3320,0.31234939759036146,0.3926758535582065,0.6656626506024096,1.3732483287657438,1.3732483287657438,0,0.7767910259984494,0.11160623860204774,-0.4315338532705151
Singapore,commute_morning,soft_kl_seed42,332,3320,0.22801204819277107,0.2875750719868367,0.6656626506024096,1.4989072357822526,1.4989072357822526,0,0.8364695058798616,0.07537546843200563,-0.49518273227836884
Singapore,commute_morning,soft_kl_seed2026,332,3320,0.5900602409638555,0.42145002056766767,0.6656626506024096,1.091845913175233,1.091845913175233,0,0.6059737684057133,0.05310097691569343,-0.34605692438781255
Singapore,commute_morning,soft_kl_seed7,332,3320,0.2283132530120482,0.29194570135746606,0.6656626506024096,1.6868597884919367,1.6868597884919367,0,0.9510108346830584,0.14176445188258874,-0.5244107788257547
Singapore,commute_morning,ce_kl_seed42,332,3320,0.23132530120481928,0.29860551213492387,0.6656626506024096,1.8963572162740476,1.8963572162740476,0,0.9579169342342934,0.07922810994618831,-0.5522538278037991
Singapore,commute_morning,ce_kl_seed2026,332,3320,0.3990963855421687,0.35649321266968326,0.6656626506024096,1.3076610481464548,1.3076610481464548,0,0.7253196310203136,0.07953019969176546,-0.43360213322469576
Singapore,commute_morning,ce_kl_seed7,332,3320,0.24246987951807228,0.3295701357466063,0.6656626506024096,1.9024691555890036,1.9024691555890036,0,1.006992978826836,0.0967228354123163,-0.5667030631373804
Singapore,commute_morning,signed_l1_seed42,332,3320,0.2246987951807229,0.2848621966269025,0.6656626506024096,1.509279826825219,1.509279826825219,0,0.8471398600669441,0.07808904030461267,-0.5005346002371376
Singapore,commute_morning,signed_l1_seed2026,332,3320,0.5795180722891566,0.4039160839160839,0.6656626506024096,1.0593806627441615,1.0593806627441615,0,0.5893894546992875,0.04807923462421421,-0.32356253452711253
Singapore,commute_morning,signed_l1_seed7,332,3320,0.2213855421686747,0.2799033319621555,0.6656626506024096,1.6450592790050724,1.6450592790050724,0,0.9319841320911074,0.12728774086964956,-0.5150495366501924
Singapore,commute_morning,direction_magnitude_seed42,332,3320,0.20933734939759036,0.2580522418757713,0.6656626506024096,1.4881017573407438,1.4881017573407438,0,0.8388937481881985,0.0757660954854036,-0.49478745209389774
Singapore,commute_morning,direction_magnitude_seed2026,332,3320,0.6445783132530121,0.4354833401892225,0.6656626506024096,0.9943708578357924,0.9943708578357924,0,0.5463065731116709,0.05920347922133752,-0.2925679597285497
Singapore,commute_morning,direction_magnitude_seed7,332,3320,0.23795180722891565,0.298909913615796,0.6656626506024096,1.7776548818390514,1.7776548818390514,0,0.9236105588771503,0.12560067872477537,-0.5191493334743777
Singapore,other_midday,s9,332,3320,0.22740963855421686,0.36787124640065816,0.6656626506024096,2.159334635708511,2.159334635708511,0,1.0596041819927715,0.12170117824416922,-0.5963576854273945
Singapore,other_midday,mnl_s,332,3320,0.3096385542168675,0.41222953517071165,0.6656626506024096,1.4165272050312594,1.4165272050312594,0,0.8009566586558212,0.10843789396396981,-0.4472636008875971
Singapore,other_midday,soft_kl_seed42,332,3320,0.2421686746987952,0.3197202797202797,0.6656626506024096,1.377878622831243,1.377878622831243,0,0.7864133339821815,0.07164115399256887,-0.46265307670032757
Singapore,other_midday,soft_kl_seed2026,332,3320,0.33343373493975903,0.4020135746606335,0.6656626506024096,1.370358265800134,1.370358265800134,0,0.7607404797823705,0.07503610803487609,-0.46682413282512447
Singapore,other_midday,soft_kl_seed7,332,3320,0.2753012048192771,0.3617811600164541,0.6656626506024096,1.4667696798287142,1.4667696798287142,0,0.8207259519198191,0.12720221132937687,-0.47155142322811017
Singapore,other_midday,ce_kl_seed42,332,3320,0.2283132530120482,0.31269025092554503,0.6656626506024096,1.74909682177549,1.74909682177549,0,0.9221445202829356,0.07737618979762297,-0.5291988720247769
Singapore,other_midday,ce_kl_seed2026,332,3320,0.21656626506024096,0.32446935417523654,0.6656626506024096,1.59248390685407,1.59248390685407,0,0.8634441251776794,0.1010968958476491,-0.5210975139525281
Singapore,other_midday,ce_kl_seed7,332,3320,0.23524096385542168,0.3715528589058001,0.6656626506024096,1.741791416663969,1.741791416663969,0,0.9321117607490431,0.09159547836654428,-0.542260659727021
Singapore,other_midday,signed_l1_seed42,332,3320,0.225,0.2952180172768408,0.6656626506024096,1.4216903270044998,1.4216903270044998,0,0.813949418332966,0.07882694154528969,-0.47745303800329564
Singapore,other_midday,signed_l1_seed2026,332,3320,0.37560240963855424,0.39255244755244756,0.6656626506024096,1.262801140682177,1.262801140682177,0,0.7099198711126865,0.06694153989609107,-0.4282512686462197
Singapore,other_midday,signed_l1_seed7,332,3320,0.25903614457831325,0.34297408473879065,0.6656626506024096,1.4400377226637828,1.4400377226637828,0,0.8081946510283136,0.11903578727001167,-0.46803756174350897
Singapore,other_midday,direction_magnitude_seed42,332,3320,0.21506024096385543,0.2846976552858906,0.6656626506024096,1.407188207714861,1.407188207714861,0,0.8062750634896165,0.07355969867792475,-0.47100649969427877
Singapore,other_midday,direction_magnitude_seed2026,332,3320,0.4819277108433735,0.4475524475524475,0.6656626506024096,1.2003053952212401,1.2003053952212401,0,0.6724379972950605,0.07837532852742687,-0.40965440042249585
Singapore,other_midday,direction_magnitude_seed7,332,3320,0.28433734939759037,0.3441217605923489,0.6656626506024096,1.5550659830989164,1.5550659830989164,0,0.8103463459347297,0.10178104068309697,-0.47010472056270763
Singapore,accessibility_lower,s9,332,3320,0.23373493975903614,0.36289181406828463,0.6656626506024096,2.076936586032501,2.076936586032501,0,1.0338101883839317,0.11454628129399953,-0.591618192228713
Singapore,accessibility_lower,mnl_s,332,3320,0.26385542168674697,0.3929000411353353,0.6656626506024096,1.5249552871889143,1.5249552871889143,0,0.8592077694355865,0.10330416324037044,-0.4764140017605539
Singapore,accessibility_lower,soft_kl_seed42,332,3320,0.261144578313253,0.30823735088440973,0.6656626506024096,1.3855552795833426,1.3855552795833426,0,0.783849615094921,0.06931495229567748,-0.4590068562685635
Singapore,accessibility_lower,soft_kl_seed2026,332,3320,0.25933734939759034,0.3840456602221308,0.6656626506024096,1.4935900536709692,1.4935900536709692,0,0.8170123365375982,0.08914925660152571,-0.5027799859087555
Singapore,accessibility_lower,soft_kl_seed7,332,3320,0.23674698795180724,0.33878650761003704,0.6656626506024096,1.6697337559871401,1.6697337559871401,0,0.9133528148931892,0.1315052214549877,-0.5271669236825307
Singapore,accessibility_lower,ce_kl_seed42,332,3320,0.24849397590361447,0.3169127930892637,0.6656626506024096,1.7854625558158512,1.7854625558158512,0,0.9267356057278179,0.07451386673008484,-0.5321278340289094
Singapore,accessibility_lower,ce_kl_seed2026,332,3320,0.2069277108433735,0.33121554915672563,0.6656626506024096,1.7073335995144638,1.7073335995144638,0,0.9030892311517396,0.10786732093610585,-0.545964886958666
Singapore,accessibility_lower,ce_kl_seed7,332,3320,0.22259036144578312,0.353868778280543,0.6656626506024096,2.0832252794430066,2.0832252794430066,0,1.0396006285032926,0.09781511738021151,-0.5949724300562527
Singapore,accessibility_lower,signed_l1_seed42,332,3320,0.22921686746987951,0.28370835047305637,0.6656626506024096,1.4325196898633028,1.4325196898633028,0,0.8166162100175519,0.07692917143724051,-0.4789536192306283
Singapore,accessibility_lower,signed_l1_seed2026,332,3320,0.24728915662650602,0.3618737145207733,0.6656626506024096,1.3768232291503357,1.3768232291503357,0,0.7696588300007374,0.08145111111183483,-0.4692833122786089
Singapore,accessibility_lower,signed_l1_seed7,332,3320,0.23373493975903614,0.33043603455368165,0.6656626506024096,1.6348345396307915,1.6348345396307915,0,0.897875680536612,0.11793296513854559,-0.5217419460051165
Singapore,accessibility_lower,direction_magnitude_seed42,332,3320,0.22409638554216868,0.27570135746606333,0.6656626506024096,1.4006194987807854,1.4006194987807854,0,0.8024165189817436,0.0744548718860171,-0.47074028515559896
Singapore,accessibility_lower,direction_magnitude_seed2026,332,3320,0.3463855421686747,0.4160839160839161,0.6656626506024096,1.3344222214354386,1.3344222214354386,0,0.7394483095923985,0.0932124128161245,-0.4588186209022729
Singapore,accessibility_lower,direction_magnitude_seed7,332,3320,0.2385542168674699,0.3406499382969971,0.6656626506024096,1.671361865364682,1.671361865364682,0,0.8971177588478304,0.10380817628746111,-0.5256196439069841
Singapore,accessibility_upper,s9,332,3320,0.23373493975903614,0.36289181406828463,0.6656626506024096,2.0418035231521374,2.0418035231521374,0,1.0257408911888808,0.11241992578606111,-0.5871698388094867
Singapore,accessibility_upper,mnl_s,332,3320,0.37349397590361444,0.39448786507610034,0.6656626506024096,1.2273286243165695,1.2273286243165695,0,0.6974543040679381,0.11637900955708957,-0.3566507499600736
Singapore,accessibility_upper,soft_kl_seed42,332,3320,0.22951807228915663,0.2977169888934595,0.6656626506024096,1.5144263276140204,1.5144263276140204,0,0.8473919966284227,0.07230243666479028,-0.5005927841167852
Singapore,accessibility_upper,soft_kl_seed2026,332,3320,0.4490963855421687,0.4389489921842863,0.6656626506024096,1.2371384179091138,1.2371384179091138,0,0.6974672922971411,0.08236531345285925,-0.4202221781329577
Singapore,accessibility_upper,soft_kl_seed7,332,3320,0.2355421686746988,0.33833401892225423,0.6656626506024096,1.8516685705707494,1.8516685705707494,0,0.9543964010187145,0.13374950940614141,-0.5529507900516681
Singapore,accessibility_upper,ce_kl_seed42,332,3320,0.23493975903614459,0.3123652817770465,0.6656626506024096,2.0101334285233645,2.0101334285233645,0,0.9911309918507506,0.08022045202466313,-0.5678193250670327
Singapore,accessibility_upper,ce_kl_seed2026,332,3320,0.27349397590361446,0.35290826820238586,0.6656626506024096,1.4502728204485733,1.4502728204485733,0,0.7995397293155285,0.08896921994445103,-0.4822162957589916
Singapore,accessibility_upper,ce_kl_seed7,332,3320,0.22409638554216868,0.3544343891402715,0.6656626506024096,2.085866672990612,2.085866672990612,0,1.0362873306373976,0.08937947576955318,-0.5929184852908533
Singapore,accessibility_upper,signed_l1_seed42,332,3320,0.21445783132530122,0.27816536404771697,0.6656626506024096,1.5933181021490452,1.5933181021490452,0,0.8872016784355132,0.08176362433257592,-0.522096428314381
Singapore,accessibility_upper,signed_l1_seed2026,332,3320,0.48704819277108435,0.41508227067050596,0.6656626506024096,1.1627346958085822,1.1627346958085822,0,0.6580673936763284,0.06989557627947575,-0.38492427362600357
Singapore,accessibility_upper,signed_l1_seed7,332,3320,0.2325301204819277,0.32998354586589884,0.6656626506024096,1.798965837706616,1.798965837706616,0,0.9319454248461532,0.1251807603314631,-0.5426562427073234
Singapore,accessibility_upper,direction_magnitude_seed42,332,3320,0.2141566265060241,0.2719683257918552,0.6656626506024096,1.5308745160619888,1.5308745160619888,0,0.8605772440848696,0.07144485518156764,-0.5071564005822482
Singapore,accessibility_upper,direction_magnitude_seed2026,332,3320,0.5909638554216867,0.4612793089263677,0.6656626506024096,1.0920630288314215,1.0920630288314215,0,0.610505990988607,0.08296322512204748,-0.3569835913131933
Singapore,accessibility_upper,direction_magnitude_seed7,332,3320,0.23734939759036144,0.3401974496092143,0.6656626506024096,2.0079623683307615,2.0079623683307615,0,0.9525824466201686,0.12475002661841103,-0.5576834007946168
Singapore,delay_in_vehicle,s9,332,3320,0.23373493975903614,0.36289181406828463,0.6656626506024096,2.0560648919102835,2.0560648919102835,0,1.0291066732747642,0.11336781227658224,-0.5890293722638456
Singapore,delay_in_vehicle,mnl_s,332,3320,0.3265060240963855,0.40132455779514603,0.6656626506024096,1.332847037268497,1.332847037268497,0,0.756708698992622,0.10798502335508778,-0.4116458910299075
Singapore,delay_in_vehicle,soft_kl_seed42,332,3320,0.2394578313253012,0.3014500205676677,0.6656626506024096,1.4508884207970547,1.4508884207970547,0,0.8196384825037326,0.07040014712880534,-0.4833385638174522
Singapore,delay_in_vehicle,soft_kl_seed2026,332,3320,0.37198795180722893,0.41358083093377207,0.6656626506024096,1.3170828113368478,1.3170828113368478,0,0.7366543649230837,0.07947125071659684,-0.44931500622363063
Singapore,delay_in_vehicle,soft_kl_seed7,332,3320,0.24367469879518072,0.34138831756478816,0.6656626506024096,1.667007883496398,1.667007883496398,0,0.8975164025656118,0.13159065240578927,-0.5166476234454235
Singapore,delay_in_vehicle,ce_kl_seed42,332,3320,0.23825301204819277,0.3136096256684492,0.6656626506024096,1.8715581281789055,1.8715581281789055,0,0.9569774287975596,0.0764962060009522,-0.5494232101687118
Singapore,delay_in_vehicle,ce_kl_seed2026,332,3320,0.21807228915662652,0.3348457424928013,0.6656626506024096,1.560254464349738,1.560254464349738,0,0.8452567324318905,0.09458192259757722,-0.5115498097425506
Singapore,delay_in_vehicle,ce_kl_seed7,332,3320,0.2283132530120482,0.3560180995475113,0.6656626506024096,1.9357694812659165,1.9357694812659165,0,0.9993463220417934,0.09019883065203946,-0.573663976167452
Singapore,delay_in_vehicle,signed_l1_seed42,332,3320,0.2216867469879518,0.2808802961744138,0.6656626506024096,1.4830172199053968,1.4830172199053968,0,0.841075969706423,0.07506977361907444,-0.49394018530553896
Singapore,delay_in_vehicle,signed_l1_seed2026,332,3320,0.42620481927710846,0.40855820649938296,0.6656626506024096,1.2359555199788739,1.2359555199788739,0,0.6962480630769993,0.06649132062490266,-0.41594894228963153
Singapore,delay_in_vehicle,signed_l1_seed7,332,3320,0.2391566265060241,0.33247223364870426,0.6656626506024096,1.6172377265811673,1.6172377265811673,0,0.8730940851987016,0.12106172278865679,-0.5058096305434928
Singapore,delay_in_vehicle,direction_magnitude_seed42,332,3320,0.21746987951807228,0.2732126696832579,0.6656626506024096,1.4720328322804033,1.4720328322804033,0,0.8350482386553865,0.0691580642553338,-0.49138488638136213
Singapore,delay_in_vehicle,direction_magnitude_seed2026,332,3320,0.5388554216867469,0.4573940765117236,0.6656626506024096,1.172886002545992,1.172886002545992,0,0.655592557363048,0.08009251501545848,-0.396107318430735
Singapore,delay_in_vehicle,direction_magnitude_seed7,332,3320,0.2469879518072289,0.3432743726861374,0.6656626506024096,1.748306931099382,1.748306931099382,0,0.881640359077616,0.11071251714574062,-0.5133512870067763
Singapore,heavier_rain,s9,332,3320,0.23403614457831326,0.36327642945290006,0.6656626506024096,2.0539568816581806,2.0539568816581806,0,1.0327275715031694,0.12912859343587008,-0.5890089731267933
Singapore,heavier_rain,mnl_s,332,3320,0.31596385542168676,0.3969086795557384,0.6656626506024096,1.3387469290394958,1.3387469290394958,0,0.7666485298611737,0.12578056793549028,-0.41199952499624315
Singapore,heavier_rain,soft_kl_seed42,332,3320,0.2358433734939759,0.29790826820238586,0.6656626506024096,1.4481149390536592,1.4481149390536592,0,0.8187484211686293,0.07173870924905121,-0.4827707047652767
Singapore,heavier_rain,soft_kl_seed2026,332,3320,0.37289156626506026,0.41473467708761824,0.6656626506024096,1.3234677871506584,1.3234677871506584,0,0.7386391493012732,0.07097833002861363,-0.45071164898978294
Singapore,heavier_rain,soft_kl_seed7,332,3320,0.24367469879518072,0.34138831756478816,0.6656626506024096,1.63117854825707,1.63117854825707,0,0.8945953163683029,0.13489026121166817,-0.5149474892765283
Singapore,heavier_rain,ce_kl_seed42,332,3320,0.23765060240963856,0.3131118881118881,0.6656626506024096,1.874337597058154,1.874337597058154,0,0.9579436662849478,0.07534341038631118,-0.5497366179215598
Singapore,heavier_rain,ce_kl_seed2026,332,3320,0.2177710843373494,0.3341772932949404,0.6656626506024096,1.541810084192623,1.541810084192623,0,0.8398083225515411,0.09949917532615812,-0.5086089655431548
Singapore,heavier_rain,ce_kl_seed7,332,3320,0.2283132530120482,0.3560180995475113,0.6656626506024096,1.9394002171246187,1.9394002171246187,0,1.0007504450449238,0.09417220946760421,-0.5741347250382763
Singapore,heavier_rain,signed_l1_seed42,332,3320,0.2216867469879518,0.2808802961744138,0.6656626506024096,1.4760031897581156,1.4760031897581156,0,0.8387078479783576,0.07633957997278636,-0.4926271469803549
Singapore,heavier_rain,signed_l1_seed2026,332,3320,0.4237951807228916,0.4070979020979021,0.6656626506024096,1.2286430975942693,1.2286430975942693,0,0.6928337084778204,0.06493159631626254,-0.41376551489390606
Singapore,heavier_rain,signed_l1_seed7,332,3320,0.2391566265060241,0.33247223364870426,0.6656626506024096,1.5812854526193667,1.5812854526193667,0,0.8705943764546079,0.11653978727668164,-0.5045400186105216
Singapore,heavier_rain,direction_magnitude_seed42,332,3320,0.21746987951807228,0.2732126696832579,0.6656626506024096,1.4614613094315547,1.4614613094315547,0,0.8310888991306877,0.07174745944878423,-0.4890570803994245
Singapore,heavier_rain,direction_magnitude_seed2026,332,3320,0.5424698795180722,0.458751542575072,0.6656626506024096,1.1526169186614779,1.1526169186614779,0,0.6455692497866096,0.07713342727756643,-0.3890567485579704
Singapore,heavier_rain,direction_magnitude_seed7,332,3320,0.2469879518072289,0.3435458658988071,0.6656626506024096,1.7291327129176588,1.7291327129176588,0,0.8816298361645893,0.1098018163617375,-0.5134536702901893
Shanghai,survey_options,s9,321,3208,0.12718204488778054,0.33944853345571585,0.7197630922693267,2.1453448531712,2.1453448531712,0,1.1051649075229482,0.06653855890410393,-0.6071540714515764
Shanghai,survey_options,mnl_s,321,3208,0.24189526184538654,0.31648349652293356,0.7197630922693267,1.9027639794503566,1.9027639794503566,0,0.9995352446937824,0.12348749224842516,-0.5422237184733403
Shanghai,survey_options,soft_kl_seed42,321,3208,0.3594139650872818,0.3219866790581156,0.7197630922693267,1.4220069039662346,1.4220069039662346,0,0.7524427062999356,0.07479582782231839,-0.4279415858555306
Shanghai,survey_options,soft_kl_seed2026,321,3208,0.23659600997506233,0.36602457037742614,0.7197630922693267,1.7265421160299652,1.7265421160299652,0,0.886615204131944,0.07268539892018033,-0.5505815755002238
Shanghai,survey_options,soft_kl_seed7,321,3208,0.19731920199501246,0.29552600471315077,0.7197630922693267,1.654368724351475,1.654368724351475,0,0.885347918668752,0.08839487552371186,-0.5286351255619633
Shanghai,survey_options,ce_kl_seed42,321,3208,0.3226309226932668,0.3678638756419591,0.7197630922693267,1.7943460886232123,1.7943460886232123,0,0.8761755231451368,0.0776725526500259,-0.49456244377777014
Shanghai,survey_options,ce_kl_seed2026,321,3208,0.19295511221945136,0.3687808109620401,0.7197630922693267,1.9702809604216451,1.9702809604216451,0,0.9641811822157215,0.07586281712578669,-0.5947559834700344
Shanghai,survey_options,ce_kl_seed7,321,3208,0.1979426433915212,0.3019214275559478,0.7197630922693267,1.8609197416427976,1.8609197416427976,0,0.9630871945363753,0.09976352216829715,-0.5326168504581343
Shanghai,survey_options,signed_l1_seed42,321,3208,0.37125935162094764,0.3220569619705882,0.7197630922693267,1.4572293364963405,1.4572293364963405,0,0.7520172470426557,0.08464288846750104,-0.42688029826191387
Shanghai,survey_options,signed_l1_seed2026,321,3208,0.28771820448877805,0.42048603570425025,0.7197630922693267,1.6020000371405227,1.6020000371405227,0,0.8436143731038688,0.07286261490169132,-0.5260778560594626
Shanghai,survey_options,signed_l1_seed7,321,3208,0.2013715710723192,0.28953582266768557,0.7197630922693267,1.6336579293576268,1.6336579293576268,0,0.8777992641176058,0.09229171798029834,-0.5213646091662458
Shanghai,survey_options,direction_magnitude_seed42,321,3208,0.341645885286783,0.31703917494726297,0.7197630922693267,1.4535120618200856,1.4535120618200856,0,0.7673358759134065,0.07405392571005714,-0.43878073810351237
Shanghai,survey_options,direction_magnitude_seed2026,321,3208,0.3036159600997506,0.4132148056130336,0.7197630922693267,1.6223741922728034,1.6223741922728034,0,0.8409331521200208,0.08103724144133242,-0.5234569435569916
Shanghai,survey_options,direction_magnitude_seed7,321,3208,0.20947630922693267,0.29402533648415197,0.7197630922693267,1.598124722007746,1.598124722007746,0,0.8618459947584629,0.08947751415442418,-0.510991715405141
Shanghai,ownership,s9,321,3208,0.8045511221945137,0.7170927375603183,0.7197630922693267,Infinity,0.5482648802510364,2,0.3240897229240812,0.058169872704285655,-0.16844484595578402
Shanghai,ownership,mnl_s,321,3208,0.8182668329177057,0.6588813259392852,0.7197630922693267,Infinity,0.47353204997374904,2,0.26978614823420777,0.041098304602629955,-0.05361907624563356
Shanghai,ownership,soft_kl_seed42,321,3208,0.8045511221945137,0.5866393781181873,0.7197630922693267,Infinity,0.4931724465837321,2,0.2858938975550406,0.07752527384192798,-0.03171677424797692
Shanghai,ownership,soft_kl_seed2026,321,3208,0.7715087281795511,0.6791435397371719,0.7197630922693267,Infinity,0.5432981087586324,2,0.32682050415366404,0.06669513411733621,-0.16813408165120347
Shanghai,ownership,soft_kl_seed7,321,3208,0.7780548628428927,0.6640891116224086,0.7197630922693267,Infinity,0.574808332424004,2,0.344282149788142,0.0838979117266808,-0.16820695178416045
Shanghai,ownership,ce_kl_seed42,321,3208,0.8020573566084788,0.6351422933098063,0.7197630922693267,Infinity,0.5293054122250287,2,0.31030846573260623,0.0744198411084812,-0.08338691431888501
Shanghai,ownership,ce_kl_seed2026,321,3208,0.743142144638404,0.71139935267064,0.7197630922693267,Infinity,0.5955725486114377,2,0.3618421404962953,0.08783087170101461,-0.21842763759587724
Shanghai,ownership,ce_kl_seed7,321,3208,0.76714463840399,0.6729380012831602,0.7197630922693267,Infinity,0.5726868862326779,2,0.3449082222380752,0.11206167040980636,-0.14733255848531235
Shanghai,ownership,signed_l1_seed42,321,3208,0.7861596009975063,0.5934131632452396,0.7197630922693267,Infinity,0.5082060465874152,2,0.298384656557791,0.09266839426135423,-0.036084670190260404
Shanghai,ownership,signed_l1_seed2026,321,3208,0.8076683291770573,0.6806901779633519,0.7197630922693267,Infinity,0.5057561136746028,2,0.29754021955073495,0.05659058303807969,-0.1351463733928422
Shanghai,ownership,signed_l1_seed7,321,3208,0.7998753117206983,0.6690838386964144,0.7197630922693267,Infinity,0.5538576334772387,2,0.32741165023552826,0.08027910849061719,-0.1506092065708372
Shanghai,ownership,direction_magnitude_seed42,321,3208,0.8079800498753117,0.6026063033354107,0.7197630922693267,Infinity,0.49150873100003717,2,0.2840224541396335,0.07618107945629979,-0.035856643942489
Shanghai,ownership,direction_magnitude_seed2026,321,3208,0.800498753117207,0.6748522448360882,0.7197630922693267,Infinity,0.5129852285300318,2,0.3033667769010986,0.06366934975596444,-0.13671830085575343
Shanghai,ownership,direction_magnitude_seed7,321,3208,0.7992518703241895,0.662981256511837,0.7197630922693267,Infinity,0.5507251448246039,2,0.3252832291190611,0.08433981235878454,-0.1404280513223084
Shanghai,car_relaxed,s9,321,3208,0.3774937655860349,0.5039079936098863,0.7197630922693267,Infinity,1.4062719636701446,2,0.8594622420955573,0.11112410483445195,-0.46249451201297037
Shanghai,car_relaxed,mnl_s,321,3208,0.28023690773067333,0.33444228027484707,0.7197630922693267,Infinity,1.6907138969461522,2,1.0070711573943913,0.13410998249034112,-0.4890642972030459
Shanghai,car_relaxed,soft_kl_seed42,321,3208,0.40741895261845384,0.3641878805554849,0.7197630922693267,Infinity,1.1222453051465662,2,0.6988694948391108,0.09534705469066189,-0.33503668635103506
Shanghai,car_relaxed,soft_kl_seed2026,321,3208,0.30423940149625933,0.39725514038115667,0.7197630922693267,Infinity,1.3710836713625016,2,0.8590439032866548,0.09368665315190147,-0.47347593539338695
Shanghai,car_relaxed,soft_kl_seed7,321,3208,0.3363466334164589,0.394869940839115,0.7197630922693267,Infinity,1.2285200101801266,2,0.7764725127905725,0.11940259046266115,-0.4255977133538648
Shanghai,car_relaxed,ce_kl_seed42,321,3208,0.3843516209476309,0.42333814979089845,0.7197630922693267,Infinity,1.422015773604261,2,0.848399143205459,0.10300015195314932,-0.4146875515130193
Shanghai,car_relaxed,ce_kl_seed2026,321,3208,0.30423940149625933,0.4331227799387688,0.7197630922693267,Infinity,1.4933702673486249,2,0.9177016432982845,0.10052523434348311,-0.509356670345945
Shanghai,car_relaxed,ce_kl_seed7,321,3208,0.425498753117207,0.4727878016799907,0.7197630922693267,Infinity,1.235946750812008,2,0.7449953081385592,0.1568047516422927,-0.38914850974679593
Shanghai,car_relaxed,signed_l1_seed42,321,3208,0.4158354114713217,0.358812618913502,0.7197630922693267,Infinity,1.166004254926431,2,0.7086758521905203,0.1048608773313713,-0.33589177450427593
Shanghai,car_relaxed,signed_l1_seed2026,321,3208,0.37188279301745636,0.4632566834922859,0.7197630922693267,Infinity,1.2004641886843948,2,0.7626227870065664,0.0983851477027462,-0.4282222647670461
Shanghai,car_relaxed,signed_l1_seed7,321,3208,0.34756857855361595,0.40171811187422596,0.7197630922693267,Infinity,1.2100654927761472,2,0.7674640546192107,0.1265721769631027,-0.415052533631638
Shanghai,car_relaxed,direction_magnitude_seed42,321,3208,0.4027431421446384,0.3684291298803916,0.7197630922693267,Infinity,1.1424869274616773,2,0.7112657608149214,0.0933875588609781,-0.3441141951310116
Shanghai,car_relaxed,direction_magnitude_seed2026,321,3208,0.3668952618453865,0.44331634543353793,0.7197630922693267,Infinity,1.2600825908308488,2,0.7946059144802498,0.10280127231578554,-0.43847306220887455
Shanghai,car_relaxed,direction_magnitude_seed7,321,3208,0.371571072319202,0.4152104943621416,0.7197630922693267,Infinity,1.1629227707114334,2,0.7337795250749855,0.12412224695241698,-0.3973086109324509
Shanghai,household_1,s9,321,3208,0.12624688279301746,0.33796338494086436,0.7197630922693267,2.145777721704937,2.145777721704937,0,1.1029382196411623,0.06671417722878754,-0.6063594525320539
Shanghai,household_1,mnl_s,321,3208,0.23223192019950126,0.315560341234986,0.7197630922693267,1.945723271291925,1.945723271291925,0,1.0119342513702398,0.12234342591048344,-0.5527522491160182
Shanghai,household_1,soft_kl_seed42,321,3208,0.35816708229426436,0.3238105901686982,0.7197630922693267,1.4361527907561933,1.4361527907561933,0,0.7609187027924547,0.07731058232678822,-0.4339364571682644
Shanghai,household_1,soft_kl_seed2026,321,3208,0.26932668329177056,0.38082518114012875,0.7197630922693267,1.6747247647582768,1.6747247647582768,0,0.8620857431885217,0.07236664037336935,-0.5371155103112912
Shanghai,household_1,soft_kl_seed7,321,3208,0.20542394014962592,0.29706813268225557,0.7197630922693267,1.6333262080431252,1.6333262080431252,0,0.8752945725493281,0.08970443910724288,-0.5232938166029584
Shanghai,household_1,ce_kl_seed42,321,3208,0.3167082294264339,0.36380915428123906,0.7197630922693267,1.8266953561635502,1.8266953561635502,0,0.8884920764511365,0.08107336886835773,-0.5024752205536696
Shanghai,household_1,ce_kl_seed2026,321,3208,0.20230673316708228,0.3639066422978805,0.7197630922693267,1.9126882028814438,1.9126882028814438,0,0.944094145064979,0.07310480613183568,-0.5845153074848879
Shanghai,household_1,ce_kl_seed7,321,3208,0.2091645885286783,0.30759155073689737,0.7197630922693267,1.8180713580459462,1.8180713580459462,0,0.9437901318946196,0.10009118781770134,-0.5231452030460687
Shanghai,household_1,signed_l1_seed42,321,3208,0.36845386533665836,0.3225170133474517,0.7197630922693267,1.4678941190838555,1.4678941190838555,0,0.7580028244352236,0.08695694602121246,-0.4310725233156148
Shanghai,household_1,signed_l1_seed2026,321,3208,0.3160847880299252,0.42912950844912334,0.7197630922693267,1.5537715874258027,1.5537715874258027,0,0.8201387561215231,0.07102931684426253,-0.5116265187808718
Shanghai,household_1,signed_l1_seed7,321,3208,0.2076059850374065,0.2968419809997098,0.7197630922693267,1.6125396924034157,1.6125396924034157,0,0.8683281082606915,0.09318928247124508,-0.5161592146164582
Shanghai,household_1,direction_magnitude_seed42,321,3208,0.3394638403990025,0.3264011528889897,0.7197630922693267,1.4638047134242813,1.4638047134242813,0,0.7731843043194769,0.0752531390456915,-0.4432295265827012
Shanghai,household_1,direction_magnitude_seed2026,321,3208,0.3397755610972569,0.4285454640087737,0.7197630922693267,1.5645413463096156,1.5645413463096156,0,0.8132220494055188,0.08042916964680491,-0.5063419515676936
Shanghai,household_1,direction_magnitude_seed7,321,3208,0.21009975062344138,0.29082454883792974,0.7197630922693267,1.5774685197692448,1.5774685197692448,0,0.8522581570393434,0.0897115970996928,-0.5056382629734713
Shanghai,household_4,s9,321,3208,0.13092269326683292,0.3458885159540458,0.7197630922693267,2.142239119824963,2.142239119824963,0,1.1104899980001846,0.06644592533265214,-0.6083839011764411
Shanghai,household_4,mnl_s,321,3208,0.2630922693266833,0.315821552641187,0.7197630922693267,1.8215231013840048,1.8215231013840048,0,0.974351143752233,0.1257267128011346,-0.5202282561393615
Shanghai,household_4,soft_kl_seed42,321,3208,0.3706359102244389,0.32894446707028663,0.7197630922693267,1.4028482389553063,1.4028482389553063,0,0.7407222805060959,0.07225569427193641,-0.419214528750749
Shanghai,household_4,soft_kl_seed2026,321,3208,0.19887780548628428,0.34965316364670307,0.7197630922693267,1.8175755921858379,1.8175755921858379,0,0.9286412511821346,0.07792054587300407,-0.5718186962490256
Shanghai,household_4,soft_kl_seed7,321,3208,0.1848503740648379,0.29456351236314265,0.7197630922693267,1.6987959347309516,1.6987959347309516,0,0.9060267628563244,0.08631125021568314,-0.5395081235093536
Shanghai,household_4,ce_kl_seed42,321,3208,0.3213840399002494,0.3560379624385013,0.7197630922693267,1.7490985114803803,1.7490985114803803,0,0.8588253902023644,0.0758075945361015,-0.4832849538737143
Shanghai,household_4,ce_kl_seed2026,321,3208,0.17768079800498754,0.3605280981333013,0.7197630922693267,2.083712022535807,2.083712022535807,0,1.001621433023866,0.082540443079737,-0.6126763847470167
Shanghai,household_4,ce_kl_seed7,321,3208,0.17175810473815462,0.2868486413758896,0.7197630922693267,1.9528467754477856,1.9528467754477856,0,1.0019197006565517,0.098817741593206,-0.5519208737647281
Shanghai,household_4,signed_l1_seed42,321,3208,0.3790523690773067,0.3238286507000372,0.7197630922693267,1.442521992683053,1.442521992683053,0,0.7436874222390858,0.08215627899343392,-0.42077277550425035
Shanghai,household_4,signed_l1_seed2026,321,3208,0.23566084788029926,0.41014016569065725,0.7197630922693267,1.6924797598707422,1.6924797598707422,0,0.8873141989641594,0.08115055434458118,-0.549832508850499
Shanghai,household_4,signed_l1_seed7,321,3208,0.189214463840399,0.2749533905150263,0.7197630922693267,1.679453760954173,1.679453760954173,0,0.8977142026423748,0.09065224661559493,-0.5323166234605711
Shanghai,household_4,direction_magnitude_seed42,321,3208,0.3463216957605985,0.31556903442952994,0.7197630922693267,1.4389242058641367,1.4389242058641367,0,0.7587896440449253,0.0725057490337145,-0.43228564855696033
Shanghai,household_4,direction_magnitude_seed2026,321,3208,0.24345386533665836,0.3729989394427672,0.7197630922693267,1.7265701905987474,1.7265701905987474,0,0.8899459982231512,0.08758798808057436,-0.5507338591125512
Shanghai,household_4,direction_magnitude_seed7,321,3208,0.19918952618453864,0.2923225826718542,0.7197630922693267,1.6426684750515772,1.6426684750515772,0,0.8819003514768351,0.08862756023663905,-0.5222253323894951
Shanghai,coverage_0.5,s9,321,3208,0.12718204488778054,0.33944853345571585,0.7197630922693267,2.164252377942131,2.164252377942131,0,1.1112602543485812,0.0674583268411531,-0.6101716665047809
Shanghai,coverage_0.5,mnl_s,321,3208,0.22350374064837905,0.31296444812897756,0.7197630922693267,2.0276591192257865,2.0276591192257865,0,1.0449598165209846,0.12339106281232809,-0.5693880865604594
Shanghai,coverage_0.5,soft_kl_seed42,321,3208,0.3933915211970075,0.32439305326128515,0.7197630922693267,1.357795491868923,1.357795491868923,0,0.7232692066631105,0.0718053259920801,-0.4037261953109415
Shanghai,coverage_0.5,soft_kl_seed2026,321,3208,0.18952618453865336,0.35083583409366353,0.7197630922693267,1.8210560056317022,1.8210560056317022,0,0.934040285966433,0.07160103326961031,-0.5780033030636618
Shanghai,coverage_0.5,soft_kl_seed7,321,3208,0.15243142144638405,0.2917144425190038,0.7197630922693267,1.84238934679136,1.84238934679136,0,0.9576672601406147,0.08797624508494956,-0.5738222129919341
Shanghai,coverage_0.5,ce_kl_seed42,321,3208,0.3456982543640898,0.3647083986433908,0.7197630922693267,1.6678869901044118,1.6678869901044118,0,0.8343975329961224,0.0789610664237792,-0.463309854483859
Shanghai,coverage_0.5,ce_kl_seed2026,321,3208,0.18391521197007482,0.36564092356489847,0.7197630922693267,2.0340654621924132,2.0340654621924132,0,0.9816894912831621,0.07807413173661608,-0.6039633188969189
Shanghai,coverage_0.5,ce_kl_seed7,321,3208,0.15149625935162095,0.29740694976637394,0.7197630922693267,2.1439466366340887,2.1439466366340887,0,1.0576492651365796,0.09465732690488177,-0.5871265338768049
Shanghai,coverage_0.5,signed_l1_seed42,321,3208,0.3831047381546135,0.3230770769747261,0.7197630922693267,1.439956988068037,1.439956988068037,0,0.7424081088736605,0.08474755536075254,-0.41818068647119067
Shanghai,coverage_0.5,signed_l1_seed2026,321,3208,0.2135286783042394,0.4031285206457329,0.7197630922693267,1.7320393412613888,1.7320393412613888,0,0.9055645584974924,0.07501211572758801,-0.5633364597038177
Shanghai,coverage_0.5,signed_l1_seed7,321,3208,0.14806733167082295,0.2850726374030702,0.7197630922693267,1.8485908605866848,1.8485908605866848,0,0.9585239903295351,0.0931532346916254,-0.571826618529991
Shanghai,coverage_0.5,direction_magnitude_seed42,321,3208,0.3566084788029925,0.316708733675901,0.7197630922693267,1.3999111317958792,1.3999111317958792,0,0.7472919688788671,0.06840731965431782,-0.42329793669308935
Shanghai,coverage_0.5,direction_magnitude_seed2026,321,3208,0.2353491271820449,0.3924359066721954,0.7197630922693267,1.7537672417511947,1.7537672417511947,0,0.9031721179089959,0.08520229441910544,-0.5619487466936248
Shanghai,coverage_0.5,direction_magnitude_seed7,321,3208,0.15679551122194513,0.2897786951779602,0.7197630922693267,1.794853697330334,1.794853697330334,0,0.9362016230640705,0.08900273948882306,-0.5587183863509265
Shanghai,coverage_1.0,s9,321,3208,0.12718204488778054,0.33944853345571585,0.7197630922693267,2.1329996128246247,2.1329996128246247,0,1.1011295340790157,0.06591070738162631,-0.6051452279448981
Shanghai,coverage_1.0,mnl_s,321,3208,0.2609102244389027,0.316175036577738,0.7197630922693267,1.8240215161298639,1.8240215161298639,0,0.967663467271292,0.12330397735260754,-0.5224270771296805
Shanghai,coverage_1.0,soft_kl_seed42,321,3208,0.3485037406483791,0.3302509292106061,0.7197630922693267,1.463728040642701,1.463728040642701,0,0.7700679041613147,0.07792553386645176,-0.4419353219733905
Shanghai,coverage_1.0,soft_kl_seed2026,321,3208,0.28834164588528677,0.3801788884553772,0.7197630922693267,1.628469252679768,1.628469252679768,0,0.8420336008723759,0.07733280984044041,-0.5229581142740877
Shanghai,coverage_1.0,soft_kl_seed7,321,3208,0.25311720698254364,0.29980764414742955,0.7197630922693267,1.5379679553683392,1.5379679553683392,0,0.832982306213261,0.09109886285188956,-0.4931951432519051
Shanghai,coverage_1.0,ce_kl_seed42,321,3208,0.310785536159601,0.368229315041408,0.7197630922693267,1.8694097717789921,1.8694097717789921,0,0.8949300487764029,0.07981125941293281,-0.5075761670063242
Shanghai,coverage_1.0,ce_kl_seed2026,321,3208,0.20230673316708228,0.3720289703383935,0.7197630922693267,1.9067697099058556,1.9067697099058556,0,0.9452872872332454,0.07318465813763526,-0.5845434314262428
Shanghai,coverage_1.0,ce_kl_seed7,321,3208,0.22443890274314215,0.30587121612797513,0.7197630922693267,1.73123289239659,1.73123289239659,0,0.9176588863781276,0.10434680303134708,-0.5049969120322149
Shanghai,coverage_1.0,signed_l1_seed42,321,3208,0.3640897755610973,0.322660926654627,0.7197630922693267,1.4757549113845572,1.4757549113845572,0,0.7623944666328906,0.08444822565059473,-0.43572158142262396
Shanghai,coverage_1.0,signed_l1_seed2026,321,3208,0.3419576059850374,0.43473297456441806,0.7197630922693267,1.4976633557108563,1.4976633557108563,0,0.7928784191027741,0.07742944427860335,-0.4926227639490817
Shanghai,coverage_1.0,signed_l1_seed7,321,3208,0.24968827930174564,0.2926044890044685,0.7197630922693267,1.518387858354005,1.518387858354005,0,0.8262246101256123,0.0940966810686889,-0.48638054623066485
Shanghai,coverage_1.0,direction_magnitude_seed42,321,3208,0.3266832917705736,0.3160966727282234,0.7197630922693267,1.493394611392226,1.493394611392226,0,0.7815066147566837,0.07845577164256175,-0.4495944737882337
Shanghai,coverage_1.0,direction_magnitude_seed2026,321,3208,0.34819201995012466,0.42499147908229906,0.7197630922693267,1.5412505535619068,1.5412505535619068,0,0.8017581950525982,0.08441533187836617,-0.4970484182727465
Shanghai,coverage_1.0,direction_magnitude_seed7,321,3208,0.246571072319202,0.29335776726867885,0.7197630922693267,1.5058423644006043,1.5058423644006043,0,0.8210238878545169,0.09069122068838376,-0.4828597867450307
Shanghai,times_0.8,s9,321,3208,0.11876558603491272,0.3282413062771167,0.7197630922693267,2.0791027405607214,2.0791027405607214,0,1.0895939646431965,0.057210740201094346,-0.604494327760564
Shanghai,times_0.8,mnl_s,321,3208,0.2699501246882793,0.3236968090120107,0.7197630922693267,1.6595428340585603,1.6595428340585603,0,0.9034704764029154,0.11114560264465759,-0.49984057213177513
Shanghai,times_0.8,soft_kl_seed42,321,3208,0.3634663341645885,0.33596209399251553,0.7197630922693267,1.4290924827458802,1.4290924827458802,0,0.7549140877834944,0.07141883768067105,-0.43871485210253747
Shanghai,times_0.8,soft_kl_seed2026,321,3208,0.2927057356608479,0.4146296712154125,0.7197630922693267,1.6007035799439993,1.6007035799439993,0,0.8326692660181937,0.06463377323314012,-0.5290519883339421
Shanghai,times_0.8,soft_kl_seed7,321,3208,0.23659600997506233,0.3027693331964648,0.7197630922693267,1.5386450115710884,1.5386450115710884,0,0.8309814739183953,0.08040398297974397,-0.5041065815931414
Shanghai,times_0.8,ce_kl_seed42,321,3208,0.32076059850374067,0.36152519179379305,0.7197630922693267,1.7876750879825594,1.7876750879825594,0,0.8684129633701669,0.0684626315104303,-0.49819888170708976
Shanghai,times_0.8,ce_kl_seed2026,321,3208,0.19077306733167082,0.36302424195459415,0.7197630922693267,1.8365755164390793,1.8365755164390793,0,0.9284686679722837,0.06517785781755285,-0.5824856998357095
Shanghai,times_0.8,ce_kl_seed7,321,3208,0.2119700748129676,0.303214779316464,0.7197630922693267,1.7109598338034744,1.7109598338034744,0,0.9179350677246626,0.09508636513628092,-0.5129422495116078
Shanghai,times_0.8,signed_l1_seed42,321,3208,0.364713216957606,0.31664008541504834,0.7197630922693267,1.4392197012880008,1.4392197012880008,0,0.7526936945447393,0.0791953229535236,-0.4372870327055366
Shanghai,times_0.8,signed_l1_seed2026,321,3208,0.3248129675810474,0.44727489005250287,0.7197630922693267,1.4920175572595467,1.4920175572595467,0,0.7943417621304519,0.06529812411783859,-0.5043298619476488
Shanghai,times_0.8,signed_l1_seed7,321,3208,0.22693266832917705,0.2932881275560828,0.7197630922693267,1.5162014199867861,1.5162014199867861,0,0.8249952578294167,0.08239189148151133,-0.4972835124744348
Shanghai,times_0.8,direction_magnitude_seed42,321,3208,0.33728179551122195,0.33838740527934197,0.7197630922693267,1.4639749413591776,1.4639749413591776,0,0.7700601049991752,0.06871851922918258,-0.4491004883947473
Shanghai,times_0.8,direction_magnitude_seed2026,321,3208,0.32980049875311723,0.44058130438518517,0.7197630922693267,1.5420561034139368,1.5420561034139368,0,0.8076957818606303,0.07211105343083551,-0.5120593355753763
Shanghai,times_0.8,direction_magnitude_seed7,321,3208,0.22630922693266833,0.2824180899171632,0.7197630922693267,1.4994201093525295,1.4994201093525295,0,0.8171451610870188,0.0801047692315637,-0.4914422976909823
Shanghai,times_1.2,s9,321,3208,0.13809226932668328,0.35284382474459336,0.7197630922693267,2.2431883833938238,2.2431883833938238,0,1.123628009280428,0.07895895682931242,-0.6156944954803241
Shanghai,times_1.2,mnl_s,321,3208,0.22537406483790523,0.3137756357036163,0.7197630922693267,2.174086914997115,2.174086914997115,0,1.084831996351042,0.1301556140418458,-0.5757898731181519
Shanghai,times_1.2,soft_kl_seed42,321,3208,0.3640897755610973,0.32575514686053664,0.7197630922693267,1.4227468084203256,1.4227468084203256,0,0.7524312263377974,0.08116454489493229,-0.42129858830848477
Shanghai,times_1.2,soft_kl_seed2026,321,3208,0.20293017456359103,0.34635570294058904,0.7197630922693267,1.844643374128436,1.844643374128436,0,0.9361949668670771,0.08054720194019958,-0.5691323715123926
Shanghai,times_1.2,soft_kl_seed7,321,3208,0.17736907730673318,0.2855855460692326,0.7197630922693267,1.7695661807036644,1.7695661807036644,0,0.9317258312687982,0.09610343282584946,-0.5481168440144806
Shanghai,times_1.2,ce_kl_seed42,321,3208,0.31546134663341646,0.34710196760172607,0.7197630922693267,1.816905648081784,1.816905648081784,0,0.8886102319204905,0.08302446870057167,-0.4967148287593099
Shanghai,times_1.2,ce_kl_seed2026,321,3208,0.18983790523690772,0.35384254713405416,0.7197630922693267,2.0951838679990984,2.0951838679990984,0,0.9925018986037027,0.0868334815332948,-0.6025619369057968
Shanghai,times_1.2,ce_kl_seed7,321,3208,0.1770573566084788,0.29581281618515476,0.7197630922693267,2.043458937903551,2.043458937903551,0,1.0117375993089737,0.1034595626833976,-0.5570706759207589
Shanghai,times_1.2,signed_l1_seed42,321,3208,0.3656483790523691,0.3247346753128208,0.7197630922693267,1.5082936484745046,1.5082936484745046,0,0.7685189936389889,0.08986984366973365,-0.4325020632682196
Shanghai,times_1.2,signed_l1_seed2026,321,3208,0.25374064837905236,0.40773455787850077,0.7197630922693267,1.6928511718437038,1.6928511718437038,0,0.8812894763979768,0.0801433648571494,-0.5413113461146619
Shanghai,times_1.2,signed_l1_seed7,321,3208,0.18298004987531172,0.2859383868059071,0.7197630922693267,1.7722305204134639,1.7722305204134639,0,0.9283990878390519,0.10156132036521219,-0.544057038576665
Shanghai,times_1.2,direction_magnitude_seed42,321,3208,0.34756857855361595,0.3249469502245502,0.7197630922693267,1.4507658829958483,1.4507658829958483,0,0.7678197317137482,0.08159533055276882,-0.43292707829919647
Shanghai,times_1.2,direction_magnitude_seed2026,321,3208,0.27275561097256856,0.37337973509120137,0.7197630922693267,1.7106830568294575,1.7106830568294575,0,0.8749547100221087,0.08870156393683128,-0.535566291369456
Shanghai,times_1.2,direction_magnitude_seed7,321,3208,0.19482543640897756,0.28951911013166787,0.7197630922693267,1.7282338036333793,1.7282338036333793,0,0.9092197848188265,0.09844712371149883,-0.5323984818164366
Shanghai,pt_wait_more,s9,321,3208,0.12718204488778054,0.33944853345571585,0.7197630922693267,2.1546185208658892,2.1546185208658892,0,1.1081057649239876,0.06699461152746952,-0.6086111347898817
Shanghai,pt_wait_more,mnl_s,321,3208,0.24064837905236908,0.3170491854839345,0.7197630922693267,1.880609382150854,1.880609382150854,0,0.9829962295184821,0.1207750762394276,-0.5410509411789264
Shanghai,pt_wait_more,soft_kl_seed42,321,3208,0.36034912718204487,0.32463216015018326,0.7197630922693267,1.448120204618471,1.448120204618471,0,0.7594653253752963,0.07575555422284924,-0.4330618215969849
Shanghai,pt_wait_more,soft_kl_seed2026,321,3208,0.22412718204488777,0.36169369120895495,0.7197630922693267,1.7982420929469694,1.7982420929469694,0,0.9056556880535453,0.07759423356038153,-0.5605891191286204
Shanghai,pt_wait_more,soft_kl_seed7,321,3208,0.22288029925187033,0.30081069836368296,0.7197630922693267,1.6151591467977648,1.6151591467977648,0,0.8667384827548289,0.09278384486311789,-0.5160815117409234
Shanghai,pt_wait_more,ce_kl_seed42,321,3208,0.32512468827930174,0.3687300514756533,0.7197630922693267,1.8094698298661778,1.8094698298661778,0,0.8770038564206134,0.07867012202002577,-0.4948383813234818
Shanghai,pt_wait_more,ce_kl_seed2026,321,3208,0.17736907730673318,0.36336721200145106,0.7197630922693267,2.0755548008629607,2.0755548008629607,0,0.9927634651163755,0.07479288592009178,-0.6098809374445245
Shanghai,pt_wait_more,ce_kl_seed7,321,3208,0.19981296758104738,0.30141072685400233,0.7197630922693267,1.8514537720099546,1.8514537720099546,0,0.9611689544391947,0.10321348978242464,-0.5310626724927089
Shanghai,pt_wait_more,signed_l1_seed42,321,3208,0.3706359102244389,0.3233875281151195,0.7197630922693267,1.4983488244403522,1.4983488244403522,0,0.7583809211240996,0.08759298773696052,-0.4316244577124431
Shanghai,pt_wait_more,signed_l1_seed2026,321,3208,0.27057356608478805,0.41796312979306804,0.7197630922693267,1.6812203402474002,1.6812203402474002,0,0.8682742593470387,0.07810509694569316,-0.5398538054606907
Shanghai,pt_wait_more,signed_l1_seed7,321,3208,0.2125935162094763,0.2907261712391387,0.7197630922693267,1.5999058962635737,1.5999058962635737,0,0.8620440168238619,0.09763857324618233,-0.5107468594268587
Shanghai,pt_wait_more,direction_magnitude_seed42,321,3208,0.3397755610972569,0.3158901546330682,0.7197630922693267,1.4766818209480512,1.4766818209480512,0,0.771199524698646,0.0747148932275929,-0.4414348415101407
Shanghai,pt_wait_more,direction_magnitude_seed2026,321,3208,0.27899002493765584,0.40427454172956423,0.7197630922693267,1.7181592947609667,1.7181592947609667,0,0.8732617217186536,0.08742385088653945,-0.5416533321643275
Shanghai,pt_wait_more,direction_magnitude_seed7,321,3208,0.21913965087281795,0.2929019932302206,0.7197630922693267,1.575567273492252,1.575567273492252,0,0.8521444859074303,0.09302225353133159,-0.5043271393306145
Shanghai,pt_walk_more,s9,321,3208,0.12655860349127182,0.3392319894972923,0.7197630922693267,2.329939227834925,2.329939227834925,0,1.1572691567479068,0.07414398569121361,-0.6320938539172045
Shanghai,pt_walk_more,mnl_s,321,3208,0.23753117206982544,0.31674002074329416,0.7197630922693267,1.9032255205575597,1.9032255205575597,0,0.993531229545808,0.12150597993210854,-0.5449214502474942
Shanghai,pt_walk_more,soft_kl_seed42,321,3208,0.3790523690773067,0.32261937333663837,0.7197630922693267,1.3957064462415922,1.3957064462415922,0,0.7349406474431069,0.07803762891759401,-0.4122829040839915
Shanghai,pt_walk_more,soft_kl_seed2026,321,3208,0.21664588528678305,0.3590951637078722,0.7197630922693267,1.8181248854779786,1.8181248854779786,0,0.9136187057901743,0.07709642695133036,-0.5652516548515429
Shanghai,pt_walk_more,soft_kl_seed7,321,3208,0.20012468827930174,0.2965004525260568,0.7197630922693267,1.626295734321135,1.626295734321135,0,0.8772766895707654,0.09029764578249498,-0.5236268370212555
Shanghai,pt_walk_more,ce_kl_seed42,321,3208,0.3485037406483791,0.36324957038867917,0.7197630922693267,1.713513844254933,1.713513844254933,0,0.8340929893777118,0.0852525781054124,-0.46091984758697746
Shanghai,pt_walk_more,ce_kl_seed2026,321,3208,0.17487531172069826,0.36250103616775686,0.7197630922693267,2.1103447629434564,2.1103447629434564,0,0.9997855955118179,0.0749916293664504,-0.6134838426623266
Shanghai,pt_walk_more,ce_kl_seed7,321,3208,0.18360349127182046,0.2998735810187476,0.7197630922693267,1.8968698742774295,1.8968698742774295,0,0.9830112420258424,0.10168581849544561,-0.5441264969707835
Shanghai,pt_walk_more,signed_l1_seed42,321,3208,0.3915211970074813,0.32522686536196677,0.7197630922693267,1.4345615904979643,1.4345615904979643,0,0.7374014768761452,0.08619807646929895,-0.41402860729072005
Shanghai,pt_walk_more,signed_l1_seed2026,321,3208,0.2577930174563591,0.41352397864538504,0.7197630922693267,1.7087141789411755,1.7087141789411755,0,0.8802422967628553,0.07657696082029683,-0.5471314002630275
Shanghai,pt_walk_more,signed_l1_seed7,321,3208,0.19856608478802992,0.28778781980330215,0.7197630922693267,1.6148239520724177,1.6148239520724177,0,0.8727630099771907,0.09534158222867806,-0.518289166268082
Shanghai,pt_walk_more,direction_magnitude_seed42,321,3208,0.36440149625935164,0.3186419781047181,0.7197630922693267,1.4249563335949686,1.4249563335949686,0,0.7481274032395329,0.07644234179626827,-0.4223658381052608
Shanghai,pt_walk_more,direction_magnitude_seed2026,321,3208,0.28023690773067333,0.4047076296464114,0.7197630922693267,1.7338234586073484,1.7338234586073484,0,0.876283037071745,0.08813311449609113,-0.543276972613504
Shanghai,pt_walk_more,direction_magnitude_seed7,321,3208,0.19918952618453864,0.29249885971204215,0.7197630922693267,1.604022149130898,1.604022149130898,0,0.8691963469103834,0.09030679157576543,-0.5162547862283802
