city,profile,model,n_training_seeds,accuracy_mean,accuracy_sd,balanced_accuracy_mean,balanced_accuracy_sd,brier_mean,brier_sd,nll_clipped_mean,nll_clipped_sd,pt_bias_mean,pt_bias_sd,mean_absolute_response_bias_mean,mean_absolute_response_bias_sd
Singapore,accessibility_lower,s9,1,0.23373493975903614,0.0,0.36289181406828463,0.0,1.0338101883839317,0.0,2.076936586032501,0.0,-0.591618192228713,0.0,0.11454628129399953,0.0
Singapore,accessibility_lower,mnl_s,1,0.26385542168674697,0.0,0.3929000411353353,0.0,0.8592077694355865,0.0,1.5249552871889143,0.0,-0.4764140017605539,0.0,0.10330416324037044,0.0
Singapore,accessibility_lower,soft_kl,3,0.2524096385542169,0.013594318188429814,0.34368983957219257,0.038141276059004955,0.8380715888419027,0.06727100987951505,1.5162930297471506,0.14344309134577615,-0.4963179219532832,0.034536464792919934,0.09665647678406364,0.03176753312233563
Singapore,accessibility_lower,ce_kl,3,0.22600401606425702,0.02099234089269759,0.3339990401755108,0.01863456672566488,0.9564751551276167,0.0729532110369085,1.8586738115911074,0.19835209789416894,-0.5576883836812759,0.03302182753897456,0.09339876834880073,0.017109685296454676
Singapore,accessibility_lower,signed_l1,3,0.23674698795180724,0.009405117467467469,0.3253393665158371,0.039331133380491594,0.8280502401849671,0.06486865941837186,1.48139248621481,0.13577139518828132,-0.4899929591714512,0.027917330331888028,0.09210441589587363,0.02248215851716678
Singapore,accessibility_lower,direction_magnitude,3,0.2696787148594378,0.06682222862599344,0.3441450706156588,0.07025651324587232,0.8129941958073242,0.07936516390959968,1.4688011951936355,0.17851789464110274,-0.485059516654952,0.03562828176699009,0.09049182032986758,0.014864566506567433
Singapore,accessibility_upper,s9,1,0.23373493975903614,0.0,0.36289181406828463,0.0,1.0257408911888808,0.0,2.0418035231521374,0.0,-0.5871698388094867,0.0,0.11241992578606111,0.0
Singapore,accessibility_upper,mnl_s,1,0.37349397590361444,0.0,0.39448786507610034,0.0,0.6974543040679381,0.0,1.2273286243165695,0.0,-0.3566507499600736,0.0,0.11637900955708957,0.0
Singapore,accessibility_upper,soft_kl,3,0.30471887550200805,0.12507086586556876,0.3583333333333334,0.07270900302624102,0.8330852299814261,0.129060661729414,1.5344111053646277,0.3077521253198573,-0.49125525076713705,0.06685516623462061,0.09613908650793031,0.032957902015293326
Singapore,accessibility_upper,ce_kl,3,0.24417670682730927,0.025961921861677086,0.3399026463732346,0.023860261900423677,0.9423193506012256,0.12569522235955874,1.8487576406541832,0.3471692599152565,-0.5476513687056258,0.0580413950524431,0.08618971591288911,0.005173602321977084
Singapore,accessibility_upper,signed_l1,3,0.3113453815261044,0.1524311658368523,0.3410770601947073,0.06912929462182432,0.8257381656526649,0.14692044290047046,1.5183395452214146,0.3246749982358227,-0.4832256482159026,0.085749907735611,0.09227998698117161,0.029104266120847527
Singapore,accessibility_upper,direction_magnitude,3,0.34748995983935743,0.21117322162189237,0.35781502810914567,0.09587724645602759,0.8078885605645484,0.1770201920761904,1.543633304408057,0.4580829510403947,-0.4739411308966861,0.10439130225590341,0.09305270230734204,0.02804832415461307
Singapore,car_relaxed,s9,1,0.2716867469879518,0.0,0.4300611290214573,0.0,0.954531072827434,0.0,1.5547246858936068,0.0,-0.5312932740882914,0.0,0.07268561257935881,0.0
Singapore,car_relaxed,mnl_s,1,0.47981927710843375,0.0,0.4655059646236117,0.0,0.5929848445767801,0.0,0.9326835896025145,0.0,-0.2736077786892434,0.0,0.15432456793726876,0.0
Singapore,car_relaxed,soft_kl,3,0.3207831325301205,0.1122985123306604,0.37615178938708355,0.08395876128319209,0.7750331216374137,0.11608588582712208,1.2028351323353614,0.1762405356809223,-0.42167940459374975,0.045835064720017825,0.09360462886741362,0.0421146559813566
Singapore,car_relaxed,ce_kl,3,0.2872489959839358,0.027527440045972115,0.38903263403263405,0.052560163114823144,0.8896242651064159,0.11967891045262287,1.440021450180413,0.2214189736070719,-0.4866850254954124,0.04505005911855167,0.08453031185379507,0.010491137445630608
Singapore,car_relaxed,signed_l1,3,0.35532128514056227,0.1955898799083494,0.38312559989030576,0.1231228929618206,0.7467611633230783,0.16740482833116088,1.156594118486283,0.22813195591656746,-0.4031269221812539,0.07794850276979479,0.09143560600848533,0.038901986088002605
Singapore,car_relaxed,direction_magnitude,3,0.3567269076305221,0.18430494570434205,0.3727567530508707,0.10118092349425745,0.7464321729885662,0.16447702419584645,1.1939564446126134,0.2787388209451187,-0.40257478767309807,0.08116555337441247,0.08779105870899405,0.02350006491505629
Singapore,commute_morning,s9,1,0.23463855421686747,0.0,0.35070547099958865,0.0,1.008024335724156,0.0,1.9712783099956914,0.0,-0.5823319874835727,0.0,0.10710323230834702,0.0
Singapore,commute_morning,mnl_s,1,0.31234939759036146,0.0,0.3926758535582065,0.0,0.7767910259984494,0.0,1.3732483287657438,0.0,-0.4315338532705151,0.0,0.11160623860204774,0.0
Singapore,commute_morning,soft_kl,3,0.34879518072289156,0.20894172549036905,0.3336569313039901,0.0760624446893399,0.7978180363228778,0.175735870984,1.4258709791498074,0.30415637268025597,-0.4552168118306454,0.0956581436477992,0.09008029907676258,0.04612458109858078
Singapore,commute_morning,ce_kl,3,0.29096385542168673,0.09381115850013663,0.32822295351707115,0.028967354785519803,0.896743181360481,0.15047139178805127,1.702162473336502,0.3416619232637451,-0.5175196747219584,0.07303294070924367,0.08516038168342337,0.010014517798086358
Singapore,commute_morning,signed_l1,3,0.3418674698795181,0.20581812609833114,0.3228938708350473,0.07021108775757925,0.7895044822857796,0.17842128747233177,1.4045732561914843,0.30655743317807804,-0.4463822238048141,0.10661227837576748,0.08448533859949214,0.03998976543212152
Singapore,commute_morning,direction_magnitude,3,0.3639558232931727,0.24344698232405818,0.33081516522692994,0.09291882194935923,0.7696036267256732,0.1979656917696799,1.4200424990051959,0.39605241136568425,-0.43550158176560844,0.12438203466567713,0.08685675114383884,0.03456007823595482
Singapore,delay_in_vehicle,s9,1,0.23373493975903614,0.0,0.36289181406828463,0.0,1.0291066732747642,0.0,2.0560648919102835,0.0,-0.5890293722638456,0.0,0.11336781227658224,0.0
Singapore,delay_in_vehicle,mnl_s,1,0.3265060240963855,0.0,0.40132455779514603,0.0,0.756708698992622,0.0,1.332847037268497,0.0,-0.4116458910299075,0.0,0.10798502335508778,0.0
Singapore,delay_in_vehicle,soft_kl,3,0.2850401606425703,0.07532850910594507,0.35213972302207597,0.05683330183809546,0.8179364166641427,0.08044452473424316,1.4783263718767667,0.17656873987503027,-0.48310039782883546,0.03366694042770621,0.0938206834170638,0.033022706553704415
Singapore,delay_in_vehicle,ce_kl,3,0.2282128514056225,0.010090736071688535,0.33482448923625396,0.0212042449279256,0.9338601610904145,0.07960343243993903,1.7891940245981868,0.20085010866658995,-0.5448789986929048,0.03130542782198847,0.08709231975018962,0.009434569078174339
Singapore,delay_in_vehicle,signed_l1,3,0.2956827309236948,0.11337244300841468,0.34063691210750036,0.06422934436057529,0.8034727059940412,0.09422915136216922,1.4454034888218128,0.1934040455688547,-0.4718995860462211,0.04881676797112641,0.08754093901087796,0.029345011036814313
Singapore,delay_in_vehicle,direction_magnitude,3,0.334437751004016,0.17764505963699648,0.3579603729603729,0.09296481381882787,0.7907603850320167,0.11935435747772646,1.4644085886419258,0.2877862193931557,-0.46694783060629114,0.0623250696997636,0.08665436547217764,0.021540347021752435
Singapore,employed_office,s9,1,0.21445783132530122,0.0,0.349062114356232,0.0,1.047544310772267,0.0,2.0734004255463,0.0,-0.5868746439710326,0.0,0.10730745475346512,0.0
Singapore,employed_office,mnl_s,1,0.344578313253012,0.0,0.381295763060469,0.0,0.7400451053438816,0.0,1.2949518552150379,0.0,-0.39778297603589136,0.0,0.11322266161440875,0.0
Singapore,employed_office,soft_kl,3,0.3109437751004016,0.10764030892685723,0.35735979706567944,0.03829111744962194,0.7979252312644697,0.08396589202478853,1.436375088518866,0.16637015930184065,-0.4698743810405932,0.04252322064818211,0.08695628385257768,0.03371285495469649
Singapore,employed_office,ce_kl,3,0.24206827309236947,0.009440420881860652,0.3340141231317702,0.021360733023665333,0.8992665161730686,0.0941414731265702,1.7146693406316043,0.2393279769198968,-0.5230129254418734,0.05042130338942912,0.07956662997645494,0.008154993081639687
Singapore,employed_office,signed_l1,3,0.31345381526104416,0.1314472923689119,0.34786233374468667,0.04672696165521721,0.7838643330345098,0.0954401938050476,1.4056162321266417,0.18393730041367126,-0.4587426824218417,0.058438712097160575,0.08088710119566285,0.024746122113828192
Singapore,employed_office,direction_magnitude,3,0.32961847389558235,0.1607026744990127,0.3522137666255314,0.06121741427892603,0.7789969683419534,0.1153649454682735,1.4369707656711908,0.27001265128829716,-0.4571069009206772,0.06730135939442254,0.08169976043450387,0.018666766183646554
Singapore,flexible_schedule,s9,1,0.23403614457831326,0.0,0.3422727272727273,0.0,1.0175251720836733,0.0,2.0282259542160683,0.0,-0.588003943840053,0.0,0.11773314748958023,0.0
Singapore,flexible_schedule,mnl_s,1,0.4274096385542169,0.0,0.38018305224187576,0.0,0.6589050435055589,0.0,1.160870014832991,0.0,-0.33226883725187834,0.0,0.11812106303217966,0.0
Singapore,flexible_schedule,soft_kl,3,0.30070281124497994,0.12695035755750864,0.32349718908542435,0.059993903043978905,0.8121617947398994,0.11199303839166463,1.441807510576689,0.2148390345920938,-0.4697993678948748,0.05548726734351203,0.09619653734947035,0.036037549603178606
Singapore,flexible_schedule,ce_kl,3,0.23132530120481928,0.005722891566265067,0.30684080625257093,0.04957178063775617,0.9299852895759891,0.09787798774570246,1.7365797627395005,0.25919773926249134,-0.5298502419012071,0.045903968609061784,0.08313917439210278,0.016327149600788952
Singapore,flexible_schedule,signed_l1,3,0.32248995983935747,0.17430687585280452,0.33024818318935967,0.07366889349748072,0.7970681439187685,0.13420892194002593,1.409137515291298,0.24463681294517087,-0.45858318348701327,0.07219511770015057,0.08893992179559625,0.02504839760334459
Singapore,flexible_schedule,direction_magnitude,3,0.33584337349397586,0.19738547267258624,0.3338605512134924,0.08065125746615544,0.7870444028445308,0.15295265738601108,1.4345847212519134,0.32696553873635964,-0.45055812095330716,0.09081142147526976,0.08781161743920318,0.02112321328260921
Singapore,heavier_rain,s9,1,0.23403614457831326,0.0,0.36327642945290006,0.0,1.0327275715031694,0.0,2.0539568816581806,0.0,-0.5890089731267933,0.0,0.12912859343587008,0.0
Singapore,heavier_rain,mnl_s,1,0.31596385542168676,0.0,0.3969086795557384,0.0,0.7666485298611737,0.0,1.3387469290394958,0.0,-0.41199952499624315,0.0,0.12578056793549028,0.0
Singapore,heavier_rain,soft_kl,3,0.28413654618473894,0.07696377463512948,0.35134375428493075,0.059046045536271505,0.8173276289460686,0.07798779070767803,1.4675870914871292,0.1547767801237188,-0.48280994767719604,0.03211793812405565,0.09253576682977767,0.036682038382550575
Singapore,heavier_rain,ce_kl,3,0.2279116465863454,0.00994584212057944,0.33443576031811323,0.021454273440066694,0.9328341446271375,0.08335740972812061,1.7851826327917986,0.21326259444924195,-0.5441601028343303,0.033116905497671434,0.08967159839335785,0.012691212313585594
Singapore,heavier_rain,signed_l1,3,0.2948795180722891,0.11198542418581507,0.3401501439736734,0.06345812589009345,0.8007119776369286,0.09477593783308308,1.428643913323917,0.18102854315739778,-0.47031089349492755,0.04933065992330579,0.08593698785524351,0.027109666580363158
Singapore,heavier_rain,direction_magnitude,3,0.3356425702811245,0.17972473684099244,0.3585033593857123,0.09366943630154553,0.7860959950272955,0.12429570054922132,1.4477369803368971,0.28850283042551356,-0.46385583308252804,0.06591642954422276,0.08622756769602939,0.020592742956625512
Singapore,missing_income_high,s9,1,0.23433734939759035,0.0,0.36451254627725216,0.0,1.0252456668642558,0.0,2.039780448280905,0.0,-0.5876054350373683,0.0,0.11342731008519338,0.0
Singapore,missing_income_high,mnl_s,1,0.31626506024096385,0.0,0.39202385849444676,0.0,0.7631076910082243,0.0,1.33580671055404,0.0,-0.4109004168412143,0.0,0.11242102875817055,0.0
Singapore,missing_income_high,soft_kl,3,0.28363453815261047,0.07208954200226068,0.3517105443576032,0.055883355741604676,0.8155138513646486,0.07576535047923445,1.4636539128972965,0.15059646373709115,-0.48208133861287883,0.030871388408558704,0.09412014351327376,0.03652818536655257
Singapore,missing_income_high,ce_kl,3,0.22841365461847388,0.01121086333510671,0.336002331002331,0.021776839147627066,0.9299370569480385,0.07934117055513754,1.7785552953253696,0.2030286355681194,-0.5434971764426113,0.03157690795757449,0.08851926737814679,0.011333187818091128
Singapore,missing_income_high,signed_l1,3,0.29467871485943775,0.11207140149152091,0.33998423145481965,0.06343354347182191,0.7996837830073362,0.09257895320821051,1.4262918345825566,0.1773500273233516,-0.4700009189909847,0.04799986641554402,0.08748066438657481,0.026989883670185573
Singapore,missing_income_high,direction_magnitude,3,0.3352409638554217,0.17848692088249515,0.3579864253393665,0.0934171531147251,0.7844232924544406,0.1219774611815429,1.4443293186720971,0.2840308209773325,-0.46329794680614605,0.06439701356555806,0.08798496441749189,0.020659856644274006
Singapore,missing_income_low,s9,1,0.2289156626506024,0.0,0.3590086384204031,0.0,1.0339590173363784,0.0,2.053611877268017,0.0,-0.5883835516569866,0.0,0.11214609417379888,0.0
Singapore,missing_income_low,mnl_s,1,0.3105421686746988,0.0,0.38862813656931305,0.0,0.7685201077978556,0.0,1.3417657500590472,0.0,-0.4111624161409932,0.0,0.11192123356953868,0.0
Singapore,missing_income_low,soft_kl,3,0.28363453815261047,0.06949307179588904,0.3522658713835185,0.055678333215222885,0.8159047608454592,0.0735578684381438,1.4637472813909767,0.14638478489556953,-0.4819842087781902,0.029531070460485687,0.09410644634271481,0.03635893766291809
Singapore,missing_income_low,ce_kl,3,0.22771084337349398,0.011322256704344882,0.33455368161250515,0.021470374459736385,0.9296987006338459,0.0778011696754188,1.7766698217435712,0.1974029666412211,-0.5431536710635716,0.030511985989880613,0.08843203431643343,0.011524790392459766
Singapore,missing_income_low,signed_l1,3,0.2944779116465863,0.11025179901544536,0.3413855752091046,0.06455174710916631,0.7993287798747012,0.09081343968664102,1.4251070011398375,0.17339733308229416,-0.46972994125657613,0.046476776509469915,0.08744942329666879,0.02670050529583493
Singapore,missing_income_low,direction_magnitude,3,0.3350401606425703,0.1753975259466102,0.35874605786370495,0.09320833000254132,0.7846738794722197,0.1200022552724017,1.4437695955761833,0.28048185047221663,-0.463203088874764,0.06277578944054281,0.08780835474295219,0.02050069517458647
Singapore,other_midday,s9,1,0.22740963855421686,0.0,0.36787124640065816,0.0,1.0596041819927715,0.0,2.159334635708511,0.0,-0.5963576854273945,0.0,0.12170117824416922,0.0
Singapore,other_midday,mnl_s,1,0.3096385542168675,0.0,0.41222953517071165,0.0,0.8009566586558212,0.0,1.4165272050312594,0.0,-0.4472636008875971,0.0,0.10843789396396981,0.0
Singapore,other_midday,soft_kl,3,0.28363453815261047,0.04619968764537292,0.3611716714657891,0.0411500328706437,0.7892932552281238,0.030096256854886105,1.405002189486697,0.05362421178751461,-0.4670095442511874,0.004452069830967521,0.09129315778560727,0.031144446102705507
Singapore,other_midday,ce_kl,3,0.22670682730923694,0.009440420881860643,0.3362374880021939,0.031145920838629573,0.9059001354032193,0.037104192132839484,1.6944573817645097,0.088387128163231,-0.5308523485681087,0.010678022910521404,0.09002285467060545,0.011938292710631107
Singapore,other_midday,signed_l1,3,0.2865461847389558,0.07898020751723085,0.343581516522693,0.048670058139458884,0.7773546468246554,0.0584710703525712,1.3748430634501532,0.09746384496329098,-0.45791395613100816,0.026116452092786614,0.08826808957046416,0.02730025841249035
Singapore,other_midday,direction_magnitude,3,0.32710843373493975,0.13847955033693013,0.3587906211435623,0.08241239253564395,0.7630198022398021,0.0784725517328983,1.3875198620116727,0.17819624447460647,-0.45025520689316073,0.03516422067886367,0.08457202262948287,0.015096698297610182
Singapore,ownership,s9,1,0.6692771084337349,0.0,0.728311633646791,0.0,0.5052855016958351,0.0,0.8500328918995266,0.0,-0.30674696102211,0.0,0.039897002099104316,0.0
Singapore,ownership,mnl_s,1,0.7114457831325302,0.0,0.5628455129002324,0.0,0.3527245810510158,0.0,0.5850217402803506,0.0,-0.03773882309202481,0.0,0.11059405569103302,0.0
Singapore,ownership,soft_kl,3,0.7291164658634538,0.009478783739062578,0.6269306662329919,0.025668106173836792,0.3767242115907233,0.0348778930096847,0.654892741917275,0.05784039982461305,-0.1767969064463124,0.03264607721408725,0.08156389009177566,0.033410915856733
Singapore,ownership,ce_kl,3,0.696987951807229,0.0026085102523627354,0.6857746357609559,0.025195036852636007,0.4336633631982207,0.030119774520998656,0.745486154576533,0.05353668880745223,-0.23454276758555156,0.03523902583390613,0.06888207948984518,0.01697723479986835
Singapore,ownership,signed_l1,3,0.7306224899598394,0.011565376053518631,0.6242811201566332,0.01889704620013794,0.36671198509352126,0.032366712549497696,0.6383722424620095,0.05210111006675138,-0.1600080319368897,0.03507257394759475,0.08614724251576307,0.030238212933100035
Singapore,ownership,direction_magnitude,3,0.7183734939759036,0.03056895049726576,0.6055368639568366,0.010227898843132003,0.38017496207746837,0.056143715832524616,0.66174400123678,0.09657930361152013,-0.1673543940961452,0.062085403135604664,0.08770933321150708,0.019550355247928905
Singapore,survey_options,s9,1,0.23373493975903614,0.0,0.36289181406828463,0.0,1.0291251327378939,0.0,2.0563284588702366,0.0,-0.5890404872514913,0.0,0.11334558230129081,0.0
Singapore,survey_options,mnl_s,1,0.3156626506024096,0.0,0.396524064171123,0.0,0.7681621659258924,0.0,1.345990926547997,0.0,-0.41372740558780025,0.0,0.11214805247087398,0.0
Singapore,survey_options,soft_kl,3,0.2850401606425703,0.07532850910594507,0.35213972302207597,0.05683330183809546,0.8174115157295171,0.07684501769284029,1.4678021732145072,0.15259796586115096,-0.48295044188264263,0.031557887893942566,0.09412059530944948,0.03613840774730078
Singapore,survey_options,ce_kl,3,0.2282128514056225,0.010090736071688535,0.33482448923625396,0.0212042449279256,0.9322507260009881,0.08229132740038791,1.784353659526558,0.21107674495798207,-0.5440341584989427,0.032734950081511935,0.08878200013811388,0.01166548444957079
Singapore,survey_options,signed_l1,3,0.2956827309236948,0.11337244300841468,0.34063691210750036,0.06422934436057529,0.8008113969138164,0.0940142168375737,1.4288873538466433,0.1797132110600505,-0.47044365640045194,0.048972534635978136,0.08736435721504941,0.026646870197261325
Singapore,survey_options,direction_magnitude,3,0.3352409638554217,0.17903149266686672,0.35826203208556145,0.09344899600924254,0.7863979777810491,0.12362008949659327,1.448572138451634,0.2871820608854296,-0.46412847549067787,0.06545037412701685,0.08785858726344935,0.020408946947329445
Singapore,taxi_for_all,s9,1,0.23765060240963856,0.0,0.36732414644179345,0.0,1.0286844490233635,0.0,2.0578638308496924,0.0,-0.5900813826985365,0.0,0.11379145302652685,0.0
Singapore,taxi_for_all,mnl_s,1,0.2924698795180723,0.0,0.35253187988482104,0.0,0.7755894705648809,0.0,1.3574798406060897,0.0,-0.39739770776949274,0.0,0.11353111192583702,0.0
Singapore,taxi_for_all,soft_kl,3,0.28172690763052205,0.0787345787118807,0.3477238447826683,0.063197476041999,0.8177860359427477,0.07670594469863604,1.4683952730157508,0.15284748997513,-0.48284911095430266,0.032759117820904925,0.09406649772915614,0.03638634200227071
Singapore,taxi_for_all,ce_kl,3,0.22630522088353414,0.006189984996706176,0.3323885918003565,0.02443973410056872,0.9325436290546915,0.08255849328462352,1.784760478767611,0.21154170220802462,-0.5438694877688395,0.03272394671967701,0.08863053867391435,0.011857734731445423
Singapore,taxi_for_all,signed_l1,3,0.2933734939759036,0.10992944331864254,0.3374167009461127,0.05993103922421451,0.8016681546755996,0.09243382298548068,1.4294669369878985,0.17779573900086582,-0.4689880255705126,0.04934868641399952,0.08731902487179542,0.02742038384218566
Singapore,taxi_for_all,direction_magnitude,3,0.3313253012048193,0.17787209347560104,0.353006993006993,0.09323921798090574,0.7870754606380284,0.12276788748727342,1.4489996790799171,0.2859940866309567,-0.46289806167511394,0.06651762030694061,0.08756676417767036,0.020543436298307353
Singapore,transit_pass_yes,s9,1,0.23313253012048193,0.0,0.35985191279308926,0.0,0.9886992552363167,0.0,1.9313896740973744,0.0,-0.5723889564778318,0.0,0.10234071981801415,0.0
Singapore,transit_pass_yes,mnl_s,1,0.3069277108433735,0.0,0.37997737556561084,0.0,0.7628916358163069,0.0,1.3285283625751239,0.0,-0.404933088410458,0.0,0.11194543091667519,0.0
Singapore,transit_pass_yes,soft_kl,3,0.29026104417670684,0.07760355752236343,0.3443185246126423,0.040718326974703636,0.8010563435238686,0.07926471711982022,1.4330196207228372,0.146414521222921,-0.4696197640532291,0.03162075840773582,0.08861490011693962,0.03848514498057903
Singapore,transit_pass_yes,ce_kl,3,0.23062248995983936,0.0229318236165046,0.33646578911284797,0.008092795789827549,0.9151410834064281,0.0833303007436241,1.7346869470300632,0.1954947435372415,-0.5336096161110588,0.030914087362695717,0.085823990972189,0.007134333439105465
Singapore,transit_pass_yes,signed_l1,3,0.30823293172690763,0.13034908986125532,0.3397435897435897,0.06803317702766482,0.7872629130686418,0.09527773101176155,1.399747874032135,0.17739535019264546,-0.45820142344448217,0.0509066069296944,0.08398317059120501,0.03192003121116408
Singapore,transit_pass_yes,direction_magnitude,3,0.3386546184738956,0.18547598308396396,0.3452001919648979,0.08436501197899578,0.7735680762098965,0.12881989445734554,1.4222950785440636,0.2909602252272763,-0.45254680158202926,0.06881715564385778,0.08369653792238334,0.022686547382067615
Shanghai,car_relaxed,s9,1,0.3774937655860349,0.0,0.5039079936098863,0.0,0.8594622420955573,0.0,1.4062719636701446,0.0,-0.46249451201297037,0.0,0.11112410483445195,0.0
Shanghai,car_relaxed,mnl_s,1,0.28023690773067333,0.0,0.33444228027484707,0.0,1.0070711573943913,0.0,1.6907138969461522,0.0,-0.4890642972030459,0.0,0.13410998249034112,0.0
Shanghai,car_relaxed,soft_kl,3,0.349334995843724,0.05280178132744086,0.3854376539252522,0.018441446402429826,0.7781286369721127,0.08010004582307477,1.240616328896398,0.12485941622528202,-0.411370111699429,0.07030771583176744,0.10281209943507484,0.014391752072621177
Shanghai,car_relaxed,ce_kl,3,0.3713632585203657,0.0616642583494657,0.44308291046988596,0.02618625914741871,0.8370320315474342,0.08691247304996186,1.3837775972549646,0.13290348119748166,-0.4377309105352534,0.06333046474587399,0.1201100459796417,0.03180263152704666
Shanghai,car_relaxed,signed_l1,3,0.378428927680798,0.03460099750623442,0.4079291380933379,0.052498317034502785,0.7462542312720992,0.03263373099759574,1.1921779787956577,0.023169896977597276,-0.3930555243009867,0.04994127724298254,0.10993940066574005,0.014763830941674463
Shanghai,car_relaxed,direction_magnitude,3,0.3804031587697423,0.019487738293340672,0.408985323225357,0.03782972812600616,0.7465504001233856,0.043112837303598106,1.1884974296679864,0.0628309827741607,-0.3932986227574457,0.047307070855499116,0.10677035937639355,0.01574707916061017
Shanghai,coverage_0.5,s9,1,0.12718204488778054,0.0,0.33944853345571585,0.0,1.1112602543485812,0.0,2.164252377942131,0.0,-0.6101716665047809,0.0,0.0674583268411531,0.0
Shanghai,coverage_0.5,mnl_s,1,0.22350374064837905,0.0,0.31296444812897756,0.0,1.0449598165209846,0.0,2.0276591192257865,0.0,-0.5693880865604594,0.0,0.12339106281232809,0.0
Shanghai,coverage_0.5,soft_kl,3,0.24511637572734832,0.12974260840315466,0.3223144432913175,0.029615455424262825,0.8716589175900528,0.12905110696500427,1.6737469480973284,0.27382981919596716,-0.5185172371221791,0.09943393705686683,0.07712753478221333,0.009395813977704911
Shanghai,coverage_0.5,ce_kl,3,0.2270365752285952,0.1040345745108841,0.34258542399155445,0.03912848451791583,0.9579120964719546,0.11350928311787825,1.9486330296436378,0.2492633590439859,-0.551466569085861,0.07680868492245849,0.08389750835509235,0.009328822792995782
Shanghai,coverage_0.5,signed_l1,3,0.24823358270989196,0.12130114757911714,0.3370927450078431,0.06026298287391858,0.8688322192335626,0.11264309617199242,1.67352906330537,0.21050653175677125,-0.5177812549016664,0.086361019117301,0.08430430192665532,0.009078678566948413
Shanghai,coverage_0.5,direction_magnitude,3,0.24958437240232753,0.10066422978519905,0.3329744451753522,0.053226457667973445,0.8622219032839779,0.10089303454386517,1.6495106902924694,0.2171335508604869,-0.5146550232458802,0.0791340429559018,0.08087078452074878,0.010959667560631315
Shanghai,coverage_1.0,s9,1,0.12718204488778054,0.0,0.33944853345571585,0.0,1.1011295340790157,0.0,2.1329996128246247,0.0,-0.6051452279448981,0.0,0.06591070738162631,0.0
Shanghai,coverage_1.0,mnl_s,1,0.2609102244389027,0.0,0.316175036577738,0.0,0.967663467271292,0.0,1.8240215161298639,0.0,-0.5224270771296805,0.0,0.12330397735260754,0.0
Shanghai,coverage_1.0,soft_kl,3,0.2966541978387365,0.04823351108078273,0.33674582060447095,0.04057735746158842,0.8150279370823171,0.039198659466169926,1.5433884162302693,0.08250425917991906,-0.4860295264997944,0.040983933018062996,0.08211906885292725,0.00778237467875985
Shanghai,coverage_1.0,ce_kl,3,0.24584372402327515,0.05731960794700401,0.3487098338359255,0.03714794369059907,0.9192920741292587,0.025218313641531567,1.8358041246938124,0.09246782257807591,-0.5323721701549272,0.04520003889417866,0.08578090686063838,0.016416374038794184
Shanghai,coverage_1.0,signed_l1,3,0.3185785536159601,0.06067833759960514,0.34999946340783783,0.07490442774460128,0.7938324986204256,0.031925765540858436,1.4972687084831395,0.02131921320430692,-0.4715749638674569,0.031206411121156137,0.08532478366596234,0.008368121713976454
Shanghai,coverage_1.0,direction_magnitude,3,0.30714879467996675,0.05355279340789682,0.34481530635973373,0.0703592812619877,0.801429565887933,0.019760686124679055,1.5134958431182455,0.024829007281766194,-0.47650089293533693,0.02435766531601554,0.08452077473643722,0.006118406000378311
Shanghai,household_1,s9,1,0.12624688279301746,0.0,0.33796338494086436,0.0,1.1029382196411623,0.0,2.145777721704937,0.0,-0.6063594525320539,0.0,0.06671417722878754,0.0
Shanghai,household_1,mnl_s,1,0.23223192019950126,0.0,0.315560341234986,0.0,1.0119342513702398,0.0,1.945723271291925,0.0,-0.5527522491160182,0.0,0.12234342591048344,0.0
Shanghai,household_1,soft_kl,3,0.2776392352452203,0.07671010857793388,0.33390130133036083,0.0427805753865549,0.8327663395101016,0.06257140297055787,1.5814012545191984,0.12748057614263897,-0.498115261360838,0.056008472438848655,0.07979388726913349,0.0089316806263762
Shanghai,household_1,ce_kl,3,0.24272651704073148,0.06416173213591367,0.34510244910533894,0.03248542747577771,0.9254587844702451,0.032014469108974083,1.8524849723636467,0.05231553363454653,-0.5367119103615421,0.04266949292478473,0.08475645427263158,0.013865065369308134
Shanghai,household_1,signed_l1,3,0.29738154613466333,0.082038823688758,0.3494961675987616,0.07014915218843927,0.8154898962724794,0.05530936617079019,1.5447351329710246,0.0727449558531107,-0.48628608557098163,0.047870026379561725,0.08372518177890668,0.011428002635441012
Shanghai,household_1,direction_magnitude,3,0.29644638403990026,0.0747785404993684,0.3485903885785644,0.07149149777588465,0.8128881702547797,0.03953798366705435,1.5352715265010473,0.06222866688212024,-0.4850699137079553,0.036236546337954985,0.08179796859739641,0.007325773696353445
Shanghai,household_4,s9,1,0.13092269326683292,0.0,0.3458885159540458,0.0,1.1104899980001846,0.0,2.142239119824963,0.0,-0.6083839011764411,0.0,0.06644592533265214,0.0
Shanghai,household_4,mnl_s,1,0.2630922693266833,0.0,0.315821552641187,0.0,0.974351143752233,0.0,1.8215231013840048,0.0,-0.5202282561393615,0.0,0.1257267128011346,0.0
Shanghai,household_4,soft_kl,3,0.25145469659185365,0.10345198630414393,0.32438704769337745,0.02782615627730217,0.8584634315148517,0.1025918503157513,1.6397399219573652,0.21357762959386925,-0.5101804495030428,0.08041823382433766,0.0788291634535412,0.00707169376123531
Shanghai,household_4,ce_kl,3,0.2236076475477972,0.08472860644421548,0.3344715673158974,0.04130372423831813,0.9541221746275941,0.08252957095633476,1.9285524364879911,0.16862446923364963,-0.549294070795153,0.06473569854601768,0.08572192640301483,0.011830388581936559
Shanghai,household_4,signed_l1,3,0.267975893599335,0.09895859841899447,0.33630740230190687,0.06845184786952446,0.8429052746152067,0.08608238316708017,1.6048185045026562,0.14070372231590583,-0.5009739692717735,0.0700062509462556,0.08465302665120333,0.005219755803981008
Shanghai,household_4,direction_magnitude,3,0.26298836242726514,0.07548619915903042,0.32696351884805047,0.04152763347254259,0.8435453312483038,0.07351073386165682,1.6027209571714873,0.1479253401958943,-0.5017482800196689,0.061822139248596475,0.08290709911697597,0.009022817754606307
Shanghai,ownership,s9,1,0.8045511221945137,0.0,0.7170927375603183,0.0,0.3240897229240812,0.0,0.5482648802510364,0.0,-0.16844484595578402,0.0,0.058169872704285655,0.0
Shanghai,ownership,mnl_s,1,0.8182668329177057,0.0,0.6588813259392852,0.0,0.26978614823420777,0.0,0.47353204997374904,0.0,-0.05361907624563356,0.0,0.041098304602629955,0.0
Shanghai,ownership,soft_kl,3,0.7847049044056525,0.01749620645025186,0.6432906764925893,0.04963553321054162,0.3189988504989489,0.029969662979916992,0.5370929625887895,0.041170163267508574,-0.12268593589444694,0.07878161337209504,0.07603943989531499,0.008697106775061608
Shanghai,ownership,ce_kl,3,0.7707813798836244,0.02962549521631629,0.6731598824212021,0.038129013874213864,0.3390196094889923,0.026266646697740426,0.5658549490230481,0.03365768657737749,-0.14971570346669152,0.06755189687044326,0.09143746107310073,0.019078323916467577
Shanghai,ownership,signed_l1,3,0.797901080631754,0.010889423229440084,0.6477290599683353,0.04739556155823359,0.30777884211468476,0.017007752188255683,0.5226065979130856,0.027091898432802623,-0.1072800833846466,0.06213988210008256,0.07651269526335037,0.018331435216983324
Shanghai,ownership,direction_magnitude,3,0.8025768911055694,0.004720622066334372,0.6468132682277786,0.038741733307828624,0.3042241533865977,0.020643745028559007,0.5184063681182244,0.029978116725147774,-0.10433433204018361,0.05933241852086333,0.07473008052368292,0.010411342587797577
Shanghai,pt_wait_more,s9,1,0.12718204488778054,0.0,0.33944853345571585,0.0,1.1081057649239876,0.0,2.1546185208658892,0.0,-0.6086111347898817,0.0,0.06699461152746952,0.0
Shanghai,pt_wait_more,mnl_s,1,0.24064837905236908,0.0,0.3170491854839345,0.0,0.9829962295184821,0.0,1.880609382150854,0.0,-0.5410509411789264,0.0,0.1207750762394276,0.0
Shanghai,pt_wait_more,soft_kl,3,0.26911886949293434,0.07901018046866502,0.32904551657427367,0.03068049853968976,0.8439531653945568,0.07571184550917863,1.6205071481210684,0.17512220022114253,-0.5032441508221762,0.06472558443497597,0.08204454421544956,0.009345834324838214
Shanghai,pt_wait_more,ce_kl,3,0.2341022443890274,0.07962252207434756,0.34450266344370223,0.03741492030052387,0.9436454253253945,0.05983625410903193,1.9121594675796978,0.14305309872052563,-0.5452606637535719,0.058820784137908866,0.08555883257418073,0.015411795184179775
Shanghai,pt_wait_more,signed_l1,3,0.2846009975062344,0.07994952282976871,0.34402560971577545,0.06608145514915727,0.8295663990983334,0.06172708632593551,1.593158353650442,0.09162229434956794,-0.49407504086666415,0.05600767875104995,0.08777888597627866,0.009768064942043495
Shanghai,pt_wait_more,direction_magnitude,3,0.2793017456359102,0.06031855921907462,0.337688896530951,0.05879923469788995,0.83220191077491,0.053874416398926046,1.5901361297337566,0.12139617485285954,-0.49580510433502756,0.05064982998589769,0.08505366588182132,0.009381001707715967
Shanghai,pt_walk_more,s9,1,0.12655860349127182,0.0,0.3392319894972923,0.0,1.1572691567479068,0.0,2.329939227834925,0.0,-0.6320938539172045,0.0,0.07414398569121361,0.0
Shanghai,pt_walk_more,mnl_s,1,0.23753117206982544,0.0,0.31674002074329416,0.0,0.993531229545808,0.0,1.9032255205575597,0.0,-0.5449214502474942,0.0,0.12150597993210854,0.0
Shanghai,pt_walk_more,soft_kl,3,0.26527431421446385,0.09888034088694812,0.32607166319018915,0.03143983454009291,0.841945347601349,0.09443352120772261,1.6133756886802353,0.21150539032433277,-0.5003871319855966,0.0790880686036436,0.08181056721713979,0.007365075845923677
Shanghai,pt_walk_more,ce_kl,3,0.23566084788029928,0.09782220665968656,0.3418747291917279,0.03637598674615516,0.9389632756384573,0.09120678395287357,1.9069094938252729,0.19860586591864166,-0.5395100624066959,0.07638669222712269,0.08731000865576947,0.013465500312494834
Shanghai,pt_walk_more,signed_l1,3,0.2826267664172901,0.09884561269219881,0.3421795546035513,0.0645595900272119,0.8301355945387304,0.08039712287575469,1.5860332405038526,0.13932547951468327,-0.4931497246072765,0.07002201096455327,0.08603887317275793,0.009383323687115985
Shanghai,pt_walk_more,direction_magnitude,3,0.28127597672485455,0.08261088616085188,0.3386161558210572,0.058710542870331,0.8312022624072203,0.07203214187888021,1.5876006471110717,0.15508699018548794,-0.4939658656490484,0.06346237150833117,0.08496074928937496,0.00745678668567348
Shanghai,survey_options,s9,1,0.12718204488778054,0.0,0.33944853345571585,0.0,1.1051649075229482,0.0,2.1453448531712,0.0,-0.6071540714515764,0.0,0.06653855890410393,0.0
Shanghai,survey_options,mnl_s,1,0.24189526184538654,0.0,0.31648349652293356,0.0,0.9995352446937824,0.0,1.9027639794503566,0.0,-0.5422237184733403,0.0,0.12348749224842516,0.0
Shanghai,survey_options,soft_kl,3,0.26444305901911885,0.08455927897535136,0.32784575138289745,0.03561261695748159,0.8414686097002105,0.0771012977211643,1.600972581449225,0.15913448684777123,-0.5023860956392392,0.06539801559623704,0.0786253674220702,0.00852619164391562
Shanghai,survey_options,ce_kl,3,0.2378428927680798,0.07347092200826053,0.3461887047199823,0.038339327892301295,0.9344812999657446,0.05049724656109011,1.8751822635625517,0.08883036883474224,-0.5406450925686463,0.050576930042807895,0.0844329639813699,0.013307452664165092
Shanghai,survey_options,signed_l1,3,0.286783042394015,0.0849477509475227,0.34402627344750797,0.06818341116912426,0.8244769614213766,0.06503813765237781,1.56429576766483,0.09406365423092558,-0.4914409211625408,0.055960782661224596,0.08326574044983023,0.009787487629964857
Shanghai,survey_options,direction_magnitude,3,0.28491271820448877,0.06804085281655904,0.3414264390148161,0.06322646893771298,0.8233716742639633,0.04964216725117136,1.5580036587002117,0.09130103814280016,-0.4910764656885483,0.04571627523055262,0.08152289376860458,0.007723254738938869
Shanghai,times_0.8,s9,1,0.11876558603491272,0.0,0.3282413062771167,0.0,1.0895939646431965,0.0,2.0791027405607214,0.0,-0.604494327760564,0.0,0.057210740201094346,0.0
Shanghai,times_0.8,mnl_s,1,0.2699501246882793,0.0,0.3236968090120107,0.0,0.9034704764029154,0.0,1.6595428340585603,0.0,-0.49984057213177513,0.0,0.11114560264465759,0.0
Shanghai,times_0.8,soft_kl,3,0.2975893599334996,0.06357599491566131,0.35112036613479763,0.05745009761682674,0.8061882759066945,0.04441276771732443,1.5228136914203223,0.08689398824816708,-0.4906244740098737,0.04665324173396681,0.07215219796451837,0.007910641051293705
Shanghai,times_0.8,ce_kl,3,0.24116791354945968,0.06973933542280215,0.3425880710216171,0.034106507628610346,0.9049388996890378,0.032067853085634285,1.778403479408371,0.0633190095876979,-0.5312089436848023,0.045014675546698336,0.07624228482142137,0.016401888816170326
Shanghai,times_0.8,signed_l1,3,0.30548628428927677,0.07089436092090133,0.35240103434121134,0.08298864294050692,0.7906769048348693,0.03628983876513909,1.4824795595114446,0.03936719832851748,-0.4796334690425401,0.036841936201258245,0.07562844618429117,0.00908796886471385
Shanghai,times_0.8,direction_magnitude,3,0.29779717373233583,0.06202328073812104,0.35379559986056347,0.08019950092054168,0.7983003493156081,0.02490895905552642,1.5018170513752145,0.03909572822253704,-0.4842007072203686,0.03209804642009403,0.07364478063052728,0.005846016731201406
Shanghai,times_1.2,s9,1,0.13809226932668328,0.0,0.35284382474459336,0.0,1.123628009280428,0.0,2.2431883833938238,0.0,-0.6156944954803241,0.0,0.07895895682931242,0.0
Shanghai,times_1.2,mnl_s,1,0.22537406483790523,0.0,0.3137756357036163,0.0,1.084831996351042,0.0,2.174086914997115,0.0,-0.5757898731181519,0.0,0.1301556140418458,0.0
Shanghai,times_1.2,soft_kl,3,0.24812967581047385,0.10123438632142016,0.31923213195678607,0.03090574839925789,0.8734506748245575,0.10482973565395773,1.6789854544174754,0.22506183377013217,-0.5128492679451193,0.07997848651638227,0.0859383932203271,0.008808592436781146
Shanghai,times_1.2,ce_kl,3,0.22745220282626766,0.07648557152209466,0.33225244364031165,0.03173710273340777,0.9642832432777223,0.06623674608032531,1.9851828179948112,0.14800936299369938,-0.5521158138619552,0.05309722751010504,0.09110583763908801,0.01086683194600724
Shanghai,times_1.2,signed_l1,3,0.26745635910224436,0.09210331243536336,0.33946920666574293,0.06222062867432961,0.859402519292006,0.08215649882312545,1.6577917802438906,0.1354161688896212,-0.5059568159865155,0.06362849384869544,0.09052484296403175,0.01072399051626714
Shanghai,times_1.2,direction_magnitude,3,0.27171654197838735,0.07637687226075249,0.3292819318158065,0.04209804215991857,0.8506647421848945,0.07376310498941471,1.6298942478195617,0.15537771877478723,-0.5002972838283629,0.05836580504989764,0.08958133940036632,0.008460274039050602
