family,variant,selection,card,metric,n_personas,mean,ci_low,ci_high
delay_holdout,signed_l1,response,ALL,departure_mae,12,11.402449750394652,9.40841920417561,13.416515151365664
delay_holdout,signed_l1,response,ALL,kl,12,0.2449939837162671,0.17015366153525482,0.3285195989594879
delay_holdout,signed_l1,response,ALL,probability_l1,12,0.540739359612859,0.44258077202220364,0.6447348005115786
delay_holdout,signed_l1,response,ALL,response_gap,12,0.11084533816756398,0.07551156165090342,0.15283337366828886
delay_holdout,signed_l1,response,access_20,departure_mae,12,9.569454567575898,7.293028493577409,11.913135562154155
delay_holdout,signed_l1,response,access_20,kl,12,0.31088147952577394,0.20461262271059394,0.4313001508198968
delay_holdout,signed_l1,response,access_20,probability_l1,12,0.6389230968885952,0.4942617222901986,0.7869107249494366
delay_holdout,signed_l1,response,access_20,response_gap,12,0.1207392001968383,0.06758303523195311,0.19140637965365825
delay_holdout,signed_l1,response,access_5,departure_mae,12,8.093359677741924,5.5759837830542685,10.899130083413587
delay_holdout,signed_l1,response,access_5,kl,12,0.24300163702576952,0.1393446355695517,0.3540007732310449
delay_holdout,signed_l1,response,access_5,probability_l1,12,0.5558468931057938,0.39964259664562557,0.7151961810975164
delay_holdout,signed_l1,response,access_5,response_gap,12,0.06852108720758997,0.034300977140711036,0.11158125787597996
delay_holdout,signed_l1,response,baseline,departure_mae,12,11.457127144353256,8.548676181594946,14.616867536420203
delay_holdout,signed_l1,response,baseline,kl,12,0.20923124316278816,0.11181869357615662,0.3271949680309997
delay_holdout,signed_l1,response,baseline,probability_l1,12,0.5176679928324841,0.38956394611009293,0.6604101700904191
delay_holdout,signed_l1,response,delay_45,departure_mae,12,11.095505042122332,7.055693825992273,15.619826352511339
delay_holdout,signed_l1,response,delay_45,kl,12,0.3232416990180111,0.25062160505908293,0.39455508100165915
delay_holdout,signed_l1,response,delay_45,probability_l1,12,0.6236390176967338,0.5341548294244264,0.7142204311122705
delay_holdout,signed_l1,response,delay_45,response_gap,12,0.11969580708657977,0.07475851454165545,0.18931437358022152
delay_holdout,signed_l1,response,delay_8,departure_mae,12,12.026850756878654,9.39352899053548,14.786312365014519
delay_holdout,signed_l1,response,delay_8,kl,12,0.30849682673777873,0.21200752377696128,0.40715364283729016
delay_holdout,signed_l1,response,delay_8,probability_l1,12,0.6570106272923725,0.518428279844837,0.7959781944320572
delay_holdout,signed_l1,response,delay_8,response_gap,12,0.1134830422237239,0.05019527019978857,0.2013664416723516
delay_holdout,signed_l1,response,fare_1_25,departure_mae,12,6.9886902442408925,4.930848759961212,9.221997895143511
delay_holdout,signed_l1,response,fare_1_25,kl,12,0.21021494945503746,0.1133097715988686,0.3212472933948239
delay_holdout,signed_l1,response,fare_1_25,probability_l1,12,0.5115217548774348,0.37968463787408896,0.6551495745739452
delay_holdout,signed_l1,response,fare_1_25,response_gap,12,0.03263816043642568,0.02043323431584846,0.04782193444731335
delay_holdout,signed_l1,response,fare_2_5,departure_mae,12,11.43668245234423,7.954812036258066,15.251420427713956
delay_holdout,signed_l1,response,fare_2_5,kl,12,0.25444684258848144,0.14994707394174567,0.3669794830978968
delay_holdout,signed_l1,response,fare_2_5,probability_l1,12,0.5637441574671754,0.4205487541995115,0.7102185146505771
delay_holdout,signed_l1,response,fare_2_5,response_gap,12,0.06880521176497877,0.0438522271240751,0.09771124613912845
delay_holdout,signed_l1,response,fare_access,departure_mae,12,10.819640310308722,7.685178797742938,13.963691623574466
delay_holdout,signed_l1,response,fare_access,interaction_gap,12,0.057127364810188264,0.03285436026125939,0.08910616947532873
delay_holdout,signed_l1,response,fare_access,kl,12,0.31927761001839733,0.23460896531680184,0.40985202486171934
delay_holdout,signed_l1,response,fare_access,probability_l1,12,0.6713180108120044,0.555772319070719,0.7920616526621633
delay_holdout,signed_l1,response,fare_access,response_gap,12,0.1403268157005494,0.08020661566429484,0.22244912664327812
delay_holdout,signed_l1,response,fare_delay,departure_mae,12,11.516159134606523,8.54378618867033,14.928722621686754
delay_holdout,signed_l1,response,fare_delay,interaction_gap,12,0.06394682446207252,0.03810119409646757,0.09165072145072145
delay_holdout,signed_l1,response,fare_delay,kl,12,0.30722036892568794,0.236817985673714,0.38119576459543736
delay_holdout,signed_l1,response,fare_delay,probability_l1,12,0.5988764465641645,0.5012925568023283,0.6994404234942049
delay_holdout,signed_l1,response,fare_delay,response_gap,12,0.12646036946640157,0.08365826858885952,0.19317120139167435
delay_holdout,signed_l1,response,pt_infeasible,departure_mae,12,21.04450225788686,17.91564011078121,24.56172954934753
delay_holdout,signed_l1,response,pt_infeasible,infeasible_pt_mass,12,0.0006689722378925782,0.0004215989165560233,0.0009501154915596996
delay_holdout,signed_l1,response,pt_infeasible,kl,12,0.0883615756597736,0.03999424769160719,0.1469757203145503
delay_holdout,signed_l1,response,pt_infeasible,probability_l1,12,0.24812604851931816,0.13714895956429976,0.36205707421605626
delay_holdout,signed_l1,response,pt_infeasible,response_gap,12,0.16117491790955638,0.11764510099610552,0.2093356103893795
delay_holdout,signed_l1,response,pt_infeasible,top_choice_violation,12,0.0,0.0,0.0
delay_holdout,signed_l1,response,weather_0_25,departure_mae,12,10.760503613493507,7.479781481473604,14.1867815458371
delay_holdout,signed_l1,response,weather_0_25,kl,12,0.16648478206267392,0.07483901449003089,0.27639242956398363
delay_holdout,signed_l1,response,weather_0_25,probability_l1,12,0.4282030052360561,0.2943964555843699,0.5817035249057744
delay_holdout,signed_l1,response,weather_0_25,response_gap,12,0.08149126215435473,0.05116480175685138,0.1188045042388394
delay_holdout,signed_l1,response,weather_0_9,departure_mae,12,12.020921803183024,8.47018071135713,15.906387317946384
delay_holdout,signed_l1,response,weather_0_9,kl,12,0.19906879041503223,0.10167885507045957,0.3081807508340558
delay_holdout,signed_l1,response,weather_0_9,probability_l1,12,0.4739952640621751,0.3247942528320407,0.6286962647355264
delay_holdout,signed_l1,response,weather_0_9,response_gap,12,0.18596284569620533,0.12173773767519742,0.2523204598629066
delay_holdout,signed_l1,static,ALL,departure_mae,12,11.326708811839731,9.43730839585812,13.214891912546374
delay_holdout,signed_l1,static,ALL,kl,12,0.24273257963412678,0.1697977484581816,0.32588129614855726
delay_holdout,signed_l1,static,ALL,probability_l1,12,0.5408178336374523,0.4489045847405381,0.6417449572665286
delay_holdout,signed_l1,static,ALL,response_gap,12,0.11079495609774566,0.0754626100800063,0.15295592074826564
delay_holdout,signed_l1,static,access_20,departure_mae,12,9.644141185890746,7.4575812924653295,11.846583188366559
delay_holdout,signed_l1,static,access_20,kl,12,0.30823716033903126,0.20306116354125028,0.4259517892274165
delay_holdout,signed_l1,static,access_20,probability_l1,12,0.6412231256757621,0.4978876279960904,0.7870021593874942
delay_holdout,signed_l1,static,access_20,response_gap,12,0.12056386102197898,0.06622200079553726,0.19148851952198775
delay_holdout,signed_l1,static,access_5,departure_mae,12,8.181073286587855,5.714143717623127,10.89969218514765
delay_holdout,signed_l1,static,access_5,kl,12,0.24447373474965062,0.14138630187083856,0.3578568510462024
delay_holdout,signed_l1,static,access_5,probability_l1,12,0.5640161395542048,0.4135486572201329,0.7181096296502898
delay_holdout,signed_l1,static,access_5,response_gap,12,0.06950884368891515,0.03407193592706417,0.11348928375835929
delay_holdout,signed_l1,static,baseline,departure_mae,12,11.526319180925688,8.75108795038735,14.542121281298911
delay_holdout,signed_l1,static,baseline,kl,12,0.2092359551221776,0.1115958803781231,0.32919465489414723
delay_holdout,signed_l1,static,baseline,probability_l1,12,0.5181499293777677,0.39552173907944455,0.6583402072188479
delay_holdout,signed_l1,static,delay_45,departure_mae,12,11.188243108611829,7.240943431385569,15.592478702289773
delay_holdout,signed_l1,static,delay_45,kl,12,0.3199985045197819,0.25118068750577194,0.3889129845031958
delay_holdout,signed_l1,static,delay_45,probability_l1,12,0.6230645460014542,0.5444305701298225,0.7030675098804963
delay_holdout,signed_l1,static,delay_45,response_gap,12,0.11902156317871017,0.07391668231598457,0.1881513081752884
delay_holdout,signed_l1,static,delay_8,departure_mae,12,12.152038057852122,9.639107849614488,14.758012341221585
delay_holdout,signed_l1,static,delay_8,kl,12,0.30238019148990486,0.20980121767331805,0.39747814672731835
delay_holdout,signed_l1,static,delay_8,probability_l1,12,0.6541297747249957,0.5234455578680391,0.7843063081250424
delay_holdout,signed_l1,static,delay_8,response_gap,12,0.11278789341311761,0.049959353768289735,0.20028095789590594
delay_holdout,signed_l1,static,fare_1_25,departure_mae,12,7.0196045847713116,4.959755728520555,9.264598643200264
delay_holdout,signed_l1,static,fare_1_25,kl,12,0.2099454481251215,0.11404892702476485,0.3220021247100727
delay_holdout,signed_l1,static,fare_1_25,probability_l1,12,0.5115971335492753,0.3840887852624334,0.6520599675184048
delay_holdout,signed_l1,static,fare_1_25,response_gap,12,0.03127666629023023,0.018963903250379697,0.046966705674788466
delay_holdout,signed_l1,static,fare_2_5,departure_mae,12,11.448690856910416,8.059121331914017,15.145676210139772
delay_holdout,signed_l1,static,fare_2_5,kl,12,0.23587423501594187,0.14079526350202592,0.3383195930264612
delay_holdout,signed_l1,static,fare_2_5,probability_l1,12,0.541088644164028,0.40561966753406115,0.6767498376016954
delay_holdout,signed_l1,static,fare_2_5,response_gap,12,0.06118286762248587,0.03926613367689245,0.08729911795166541
delay_holdout,signed_l1,static,fare_access,departure_mae,12,10.824336317816266,7.7069236170293545,13.905975300104666
delay_holdout,signed_l1,static,fare_access,interaction_gap,12,0.059248974870338485,0.03622002658544016,0.0895207722417171
delay_holdout,signed_l1,static,fare_access,kl,12,0.3114929876932662,0.23173969514434054,0.3954136470710895
delay_holdout,signed_l1,static,fare_access,probability_l1,12,0.665141234513786,0.553811903293624,0.7788083100768012
delay_holdout,signed_l1,static,fare_access,response_gap,12,0.14094753742172025,0.08144119629268477,0.2227864678314438
delay_holdout,signed_l1,static,fare_delay,departure_mae,12,11.503111751957073,8.664583632960502,14.769156100073205
delay_holdout,signed_l1,static,fare_delay,interaction_gap,12,0.059801326543552635,0.03538822557051654,0.08596812480109758
delay_holdout,signed_l1,static,fare_delay,kl,12,0.2927044509391417,0.22758178529612233,0.36003639625780554
delay_holdout,signed_l1,static,fare_delay,probability_l1,12,0.5763119425196891,0.48854662161786105,0.6659000962769821
delay_holdout,signed_l1,static,fare_delay,response_gap,12,0.12038729020141432,0.07889166021843753,0.18513940136589938
delay_holdout,signed_l1,static,pt_infeasible,departure_mae,12,19.330545547107857,16.034990583091147,22.981067418451932
delay_holdout,signed_l1,static,pt_infeasible,infeasible_pt_mass,12,0.0005375030399995415,0.00034603844265398547,0.0007570426283564302
delay_holdout,signed_l1,static,pt_infeasible,kl,12,0.09468317319951497,0.04452250548874191,0.15516170932488707
delay_holdout,signed_l1,static,pt_infeasible,probability_l1,12,0.26324164080262974,0.14757621407704374,0.3804138171424266
delay_holdout,signed_l1,static,pt_infeasible,response_gap,12,0.15783585663356497,0.11771846322384796,0.20204283330101105
delay_holdout,signed_l1,static,pt_infeasible,top_choice_violation,12,0.0,0.0,0.0
delay_holdout,signed_l1,static,weather_0_25,departure_mae,12,10.801957783875642,7.621779446041694,14.105547535212503
delay_holdout,signed_l1,static,weather_0_25,kl,12,0.17022944897773828,0.07565412935388724,0.28143370123217387
delay_holdout,signed_l1,static,weather_0_25,probability_l1,12,0.42499002678802716,0.2812477991447129,0.5860322869432468
delay_holdout,signed_l1,static,weather_0_25,response_gap,12,0.08789494537437954,0.05629867002616325,0.12594053542877856
delay_holdout,signed_l1,static,weather_0_9,departure_mae,12,12.300444079769983,8.903499177367323,15.977926849801507
delay_holdout,signed_l1,static,weather_0_9,kl,12,0.21353566543825084,0.11681476532918983,0.3215531236591959
delay_holdout,signed_l1,static,weather_0_9,probability_l1,12,0.5068598659778083,0.36553295273892583,0.6526149064475602
delay_holdout,signed_l1,static,weather_0_9,response_gap,12,0.19733719222868484,0.13068644586500405,0.2658918078223382
delay_holdout,soft_kl,response,ALL,departure_mae,12,11.580059413746413,9.768082560011456,13.364442341640322
delay_holdout,soft_kl,response,ALL,kl,12,0.24824104130504768,0.16824989956765074,0.3396991389728437
delay_holdout,soft_kl,response,ALL,probability_l1,12,0.54063959346029,0.4426606226394598,0.6491006566493761
delay_holdout,soft_kl,response,ALL,response_gap,12,0.11237977527643679,0.07708129695035124,0.15497933463361896
delay_holdout,soft_kl,response,access_20,departure_mae,12,9.449315577193543,7.100012244173774,11.841295922368209
delay_holdout,soft_kl,response,access_20,kl,12,0.31132179842559526,0.20301545480848393,0.43174148758364994
delay_holdout,soft_kl,response,access_20,probability_l1,12,0.642733926270847,0.4990533555464612,0.7877157876664013
delay_holdout,soft_kl,response,access_20,response_gap,12,0.12681121176798585,0.07475743252030333,0.19866252851111374
delay_holdout,soft_kl,response,access_5,departure_mae,12,8.170278221575751,5.741300436419745,10.871656327730873
delay_holdout,soft_kl,response,access_5,kl,12,0.2578578560091808,0.14886822796913496,0.3802870632772781
delay_holdout,soft_kl,response,access_5,probability_l1,12,0.5689217817921329,0.41643993816255687,0.7251695634869652
delay_holdout,soft_kl,response,access_5,response_gap,12,0.06955506693985726,0.033533236580107484,0.11457094723848554
delay_holdout,soft_kl,response,baseline,departure_mae,12,11.529768388718367,8.937257842864428,14.37818563837144
delay_holdout,soft_kl,response,baseline,kl,12,0.22390155581447949,0.11678724323424924,0.35629223511129793
delay_holdout,soft_kl,response,baseline,probability_l1,12,0.5254034977240695,0.39760572494442264,0.6726576290880503
delay_holdout,soft_kl,response,delay_45,departure_mae,12,11.077443401294724,7.313717099061854,15.23646092765654
delay_holdout,soft_kl,response,delay_45,kl,12,0.30161032667085347,0.22909373174693787,0.37812633842257415
delay_holdout,soft_kl,response,delay_45,probability_l1,12,0.5972988611045811,0.5113289332100086,0.6867918986061381
delay_holdout,soft_kl,response,delay_45,response_gap,12,0.10941688718251241,0.06555404063130235,0.17698453161844777
delay_holdout,soft_kl,response,delay_8,departure_mae,12,12.086851627876364,9.674775914444279,14.503749931562279
delay_holdout,soft_kl,response,delay_8,kl,12,0.30155167906375663,0.20534486706967842,0.40256998550857637
delay_holdout,soft_kl,response,delay_8,probability_l1,12,0.6419954382241876,0.5123931315703386,0.7735470969129906
delay_holdout,soft_kl,response,delay_8,response_gap,12,0.10702410128427507,0.04599302303919821,0.19253401083233587
delay_holdout,soft_kl,response,fare_1_25,departure_mae,12,7.079796241113434,5.1610285370024265,9.284077127774554
delay_holdout,soft_kl,response,fare_1_25,kl,12,0.2214348699764582,0.11562163021113547,0.34482117376071875
delay_holdout,soft_kl,response,fare_1_25,probability_l1,12,0.516411057892773,0.3831165980829134,0.6635565769319182
delay_holdout,soft_kl,response,fare_1_25,response_gap,12,0.033085441733538,0.020479718937084404,0.04881778652255456
delay_holdout,soft_kl,response,fare_2_5,departure_mae,12,11.661707005153099,8.359814852253635,15.22908027333518
delay_holdout,soft_kl,response,fare_2_5,kl,12,0.24405502870869666,0.1395874065861366,0.3573592821234188
delay_holdout,soft_kl,response,fare_2_5,probability_l1,12,0.5373593436347114,0.38679891443197373,0.6881120350436756
delay_holdout,soft_kl,response,fare_2_5,response_gap,12,0.06884145633650969,0.042964542189969424,0.09784320221565965
delay_holdout,soft_kl,response,fare_access,departure_mae,12,11.164004677251258,8.077753387728741,14.34933277584733
delay_holdout,soft_kl,response,fare_access,interaction_gap,12,0.05723399527370931,0.034578430434435974,0.08578139598180115
delay_holdout,soft_kl,response,fare_access,kl,12,0.32413592207333874,0.23289250950930893,0.4175865956041249
delay_holdout,soft_kl,response,fare_access,probability_l1,12,0.6698708031547289,0.5474754710628617,0.7947673410632545
delay_holdout,soft_kl,response,fare_access,response_gap,12,0.15217716201312012,0.08892634043053804,0.23779549075391734
delay_holdout,soft_kl,response,fare_delay,departure_mae,12,11.740479891084965,8.931774839251819,14.950382216026386
delay_holdout,soft_kl,response,fare_delay,interaction_gap,12,0.05848955976132902,0.03515267444422675,0.08340001893433581
delay_holdout,soft_kl,response,fare_delay,kl,12,0.28308542571718054,0.21133617004620833,0.3576249734934188
delay_holdout,soft_kl,response,fare_delay,probability_l1,12,0.5677552485576384,0.47133172519622313,0.6660231827562675
delay_holdout,soft_kl,response,fare_delay,response_gap,12,0.12282270672547134,0.07850043129954017,0.1908227954195513
delay_holdout,soft_kl,response,pt_infeasible,departure_mae,12,21.31827366289993,18.29345005471259,24.71040649562039
delay_holdout,soft_kl,response,pt_infeasible,infeasible_pt_mass,12,0.0015256423693143816,0.0009202948986967385,0.0022191533809341802
delay_holdout,soft_kl,response,pt_infeasible,kl,12,0.09839493452185057,0.04408017055830284,0.16569408863548232
delay_holdout,soft_kl,response,pt_infeasible,probability_l1,12,0.262154318853427,0.146641148764611,0.3855487602669941
delay_holdout,soft_kl,response,pt_infeasible,response_gap,12,0.1600699355324931,0.12176686661775514,0.20224023884210662
delay_holdout,soft_kl,response,pt_infeasible,top_choice_violation,12,0.0,0.0,0.0
delay_holdout,soft_kl,response,weather_0_25,departure_mae,12,11.138517576856193,8.158546302991887,14.176288161535433
delay_holdout,soft_kl,response,weather_0_25,kl,12,0.17946372840159577,0.07868897427925528,0.29992510062595973
delay_holdout,soft_kl,response,weather_0_25,probability_l1,12,0.43514069409282113,0.28928136717334946,0.6020040894342519
delay_holdout,soft_kl,response,weather_0_25,response_gap,12,0.08856341747590053,0.05667591491208218,0.12755985270355494
delay_holdout,soft_kl,response,weather_0_9,departure_mae,12,12.544276693939333,9.243408377390976,16.09216541133614
delay_holdout,soft_kl,response,weather_0_9,kl,12,0.23207937027758604,0.1289470867561749,0.34679483142006556
delay_holdout,soft_kl,response,weather_0_9,probability_l1,12,0.5226301502215642,0.37856366526156116,0.6730615466920038
delay_holdout,soft_kl,response,weather_0_9,response_gap,12,0.19781014104914152,0.1292068605868054,0.26768105298039263
delay_holdout,soft_kl,static,ALL,departure_mae,12,11.385469578414936,9.592140946541893,13.166657771403615
delay_holdout,soft_kl,static,ALL,kl,12,0.24489788695844786,0.16381749076591673,0.338160476454675
delay_holdout,soft_kl,static,ALL,probability_l1,12,0.5418843936879245,0.445112596007495,0.6512785673573394
delay_holdout,soft_kl,static,ALL,response_gap,12,0.11021585512611008,0.07598586722198128,0.15179146869779833
delay_holdout,soft_kl,static,access_20,departure_mae,12,9.512492483550751,7.227961651304806,11.88269050391391
delay_holdout,soft_kl,static,access_20,kl,12,0.2967311431307564,0.19146997118236786,0.4132179989864612
delay_holdout,soft_kl,static,access_20,probability_l1,12,0.6287661296957069,0.49134883348188463,0.7690692719904083
delay_holdout,soft_kl,static,access_20,response_gap,12,0.12046102739456628,0.07148697852422654,0.18844088563393152
delay_holdout,soft_kl,static,access_5,departure_mae,12,8.174007125871462,5.79063727306202,10.805931922111712
delay_holdout,soft_kl,static,access_5,kl,12,0.25519371477452446,0.14464470626625392,0.38056016759848466
delay_holdout,soft_kl,static,access_5,probability_l1,12,0.5724223558328769,0.4239859045347957,0.7270913814976812
delay_holdout,soft_kl,static,access_5,response_gap,12,0.06962974981899246,0.0332977703757998,0.11502854430302975
delay_holdout,soft_kl,static,baseline,departure_mae,12,11.489101399564083,8.903470645813892,14.291053738838269
delay_holdout,soft_kl,static,baseline,kl,12,0.22301703071340795,0.11490843776243882,0.35777553498799697
delay_holdout,soft_kl,static,baseline,probability_l1,12,0.525498948952666,0.3971866762031007,0.674671438569272
delay_holdout,soft_kl,static,delay_45,departure_mae,12,11.17352639745783,7.384988792882198,15.366649938291967
delay_holdout,soft_kl,static,delay_45,kl,12,0.2977555228010603,0.2273581176580458,0.3743793455073125
delay_holdout,soft_kl,static,delay_45,probability_l1,12,0.6064265440473402,0.5266847082597583,0.6909104612629032
delay_holdout,soft_kl,static,delay_45,response_gap,12,0.10994476041480622,0.06564435351366339,0.1776677924105121
delay_holdout,soft_kl,static,delay_8,departure_mae,12,12.080702170729639,9.63688580366369,14.561212017273322
delay_holdout,soft_kl,static,delay_8,kl,12,0.29889653716001907,0.2033462875953299,0.4014206921277243
delay_holdout,soft_kl,static,delay_8,probability_l1,12,0.6476079810631495,0.5215283169622222,0.7746935150596416
delay_holdout,soft_kl,static,delay_8,response_gap,12,0.10749323162744624,0.04599563359269688,0.19340924209438506
delay_holdout,soft_kl,static,fare_1_25,departure_mae,12,6.955128862626023,4.979932572030359,9.190501693739659
delay_holdout,soft_kl,static,fare_1_25,kl,12,0.2220503784625277,0.11505323258508668,0.34809641090122373
delay_holdout,soft_kl,static,fare_1_25,probability_l1,12,0.5162484172759233,0.38060810355980096,0.6671604289522879
delay_holdout,soft_kl,static,fare_1_25,response_gap,12,0.031593125415620975,0.01886116708815097,0.0480014788182107
delay_holdout,soft_kl,static,fare_2_5,departure_mae,12,11.614502962678669,8.367682878714467,15.115198488874983
delay_holdout,soft_kl,static,fare_2_5,kl,12,0.2395549708321694,0.13615293267879866,0.3515194782828149
delay_holdout,soft_kl,static,fare_2_5,probability_l1,12,0.5348716516572016,0.3893074614745048,0.6801509715951289
delay_holdout,soft_kl,static,fare_2_5,response_gap,12,0.0638025774864227,0.040855998455219124,0.08960778159206664
delay_holdout,soft_kl,static,fare_access,departure_mae,12,10.973863579194855,7.8229141398953885,14.238262111134826
delay_holdout,soft_kl,static,fare_access,interaction_gap,12,0.05899864883472524,0.03502486413198721,0.08911873283087746
delay_holdout,soft_kl,static,fare_access,kl,12,0.29887806631059904,0.21818937578238862,0.38129204513434156
delay_holdout,soft_kl,static,fare_access,probability_l1,12,0.6443027598134897,0.5332660658249839,0.7569396369656617
delay_holdout,soft_kl,static,fare_access,response_gap,12,0.14078830042807958,0.08384634458320213,0.22025412681061815
delay_holdout,soft_kl,static,fare_delay,departure_mae,12,11.618807756859397,8.833059605774986,14.790305077072437
delay_holdout,soft_kl,static,fare_delay,interaction_gap,12,0.05826776408049981,0.03520385918964596,0.08301619247242485
delay_holdout,soft_kl,static,fare_delay,kl,12,0.27162886892875465,0.20163050886447056,0.3441694922270438
delay_holdout,soft_kl,static,fare_delay,probability_l1,12,0.5560126326550489,0.46416463162080834,0.649485193908801
delay_holdout,soft_kl,static,fare_delay,response_gap,12,0.11555371175313162,0.0728219457102399,0.1816317991436355
delay_holdout,soft_kl,static,pt_infeasible,departure_mae,12,19.546463479391406,16.326444679953983,23.124541194736953
delay_holdout,soft_kl,static,pt_infeasible,infeasible_pt_mass,12,0.0014021924147932117,0.0008574696990763186,0.002029811555146605
delay_holdout,soft_kl,static,pt_infeasible,kl,12,0.10686904189015922,0.05014298007357794,0.1761792497526774
delay_holdout,soft_kl,static,pt_infeasible,probability_l1,12,0.28259622426553205,0.16079562891602917,0.4100436441916414
delay_holdout,soft_kl,static,pt_infeasible,response_gap,12,0.15579456335663525,0.11870591427351158,0.19721975415414567
delay_holdout,soft_kl,static,pt_infeasible,top_choice_violation,12,0.0,0.0,0.0
delay_holdout,soft_kl,static,weather_0_25,departure_mae,12,10.999497624183142,8.010143876475867,14.0418715454638
delay_holdout,soft_kl,static,weather_0_25,kl,12,0.18403993444772873,0.07772599391419864,0.3090405816702642
delay_holdout,soft_kl,static,weather_0_25,probability_l1,12,0.43331791530052827,0.2732895829637569,0.612155909002931
delay_holdout,soft_kl,static,weather_0_25,response_gap,12,0.09274799409471912,0.05950014444537186,0.1327806783404753
delay_holdout,soft_kl,static,weather_0_9,departure_mae,12,12.487541098871993,9.285274286436229,15.940624436723168
delay_holdout,soft_kl,static,weather_0_9,kl,12,0.24415943404966714,0.1390048938296242,0.36223556259631146
delay_holdout,soft_kl,static,weather_0_9,probability_l1,12,0.5545411636956312,0.41038475957906084,0.7043185225654117
delay_holdout,soft_kl,static,weather_0_9,response_gap,12,0.20456536459679034,0.1319418360538677,0.27816566109847574
full,direction_magnitude,response,ALL,departure_mae,12,11.160552198987132,9.75301551758682,12.556087614804792
full,direction_magnitude,response,ALL,kl,12,0.2644394009376911,0.19185973157978803,0.34524988036406856
full,direction_magnitude,response,ALL,probability_l1,12,0.5736725071616929,0.48610361906033533,0.668569983339294
full,direction_magnitude,response,ALL,response_gap,12,0.11407035691016197,0.07944308197567992,0.15490661407224637
full,direction_magnitude,response,access_20,departure_mae,12,9.366858090894917,7.189842115144711,11.71088342633771
full,direction_magnitude,response,access_20,kl,12,0.402402025372657,0.28239358971422196,0.5341720241830774
full,direction_magnitude,response,access_20,probability_l1,12,0.7507857811312985,0.608262007088366,0.888215039504485
full,direction_magnitude,response,access_20,response_gap,12,0.1359115528839606,0.07364961726296647,0.21426493100053912
full,direction_magnitude,response,access_5,departure_mae,12,8.077484712418583,5.673266383943458,10.658946598962777
full,direction_magnitude,response,access_5,kl,12,0.2696822226446299,0.16426623490626016,0.3848317265399683
full,direction_magnitude,response,access_5,probability_l1,12,0.6080122693710858,0.46440673089372336,0.7539446995410104
full,direction_magnitude,response,access_5,response_gap,12,0.07020074106660888,0.03584901544005599,0.11349686739189019
full,direction_magnitude,response,baseline,departure_mae,12,11.49943948371543,8.74935797193191,14.40133590388836
full,direction_magnitude,response,baseline,kl,12,0.2278218486409348,0.12578816387342162,0.3491736891585108
full,direction_magnitude,response,baseline,probability_l1,12,0.5511100534073732,0.42048000865498625,0.6927255612622807
full,direction_magnitude,response,delay_45,departure_mae,12,10.908411444061331,8.58031462960773,13.321313477555913
full,direction_magnitude,response,delay_45,kl,12,0.3159651271496493,0.2496559724132658,0.38123497081462904
full,direction_magnitude,response,delay_45,probability_l1,12,0.631696313140845,0.5504299395017809,0.717581160411756
full,direction_magnitude,response,delay_45,response_gap,12,0.13035454335679977,0.08841118877693831,0.19497067892257072
full,direction_magnitude,response,delay_8,departure_mae,12,11.621688182362254,9.01295964903612,14.229176650475708
full,direction_magnitude,response,delay_8,kl,12,0.30887179910728335,0.21796054740823328,0.4018858875351238
full,direction_magnitude,response,delay_8,probability_l1,12,0.6754494164801305,0.5530930260282562,0.7973132682005287
full,direction_magnitude,response,delay_8,response_gap,12,0.10788829102606316,0.04906929391136186,0.1916925031011579
full,direction_magnitude,response,fare_1_25,departure_mae,12,6.916684178980412,5.002398964773036,9.0171113784287
full,direction_magnitude,response,fare_1_25,kl,12,0.220187168181733,0.12406600682913675,0.3307140334520821
full,direction_magnitude,response,fare_1_25,probability_l1,12,0.5343007668273317,0.4014202361827095,0.6731296726561118
full,direction_magnitude,response,fare_1_25,response_gap,12,0.03213295123597353,0.019916769446207235,0.047551516295307204
full,direction_magnitude,response,fare_2_5,departure_mae,12,11.536142048839894,8.258236151967301,15.08948360756298
full,direction_magnitude,response,fare_2_5,kl,12,0.24629515151800677,0.15207522889512257,0.34619396777171635
full,direction_magnitude,response,fare_2_5,probability_l1,12,0.5672666809431932,0.4282836602755167,0.7025030221819051
full,direction_magnitude,response,fare_2_5,response_gap,12,0.058759313411090856,0.0392107124781972,0.08218093352175004
full,direction_magnitude,response,fare_access,departure_mae,12,10.897372819966188,8.285554307581926,13.622549927193257
full,direction_magnitude,response,fare_access,interaction_gap,12,0.058136796891735294,0.031154001314888623,0.09265362225774168
full,direction_magnitude,response,fare_access,kl,12,0.3614341751055574,0.2776164591861546,0.44888986224744576
full,direction_magnitude,response,fare_access,probability_l1,12,0.7244808374621251,0.6182035624005453,0.8302127668482975
full,direction_magnitude,response,fare_access,response_gap,12,0.1374137864526315,0.07929889592697933,0.21713053730051435
full,direction_magnitude,response,fare_delay,departure_mae,12,9.242258611928534,7.314715974695154,11.415090065470173
full,direction_magnitude,response,fare_delay,interaction_gap,12,0.06779548231052394,0.04822638590598223,0.08963307688564616
full,direction_magnitude,response,fare_delay,kl,12,0.31174524405293336,0.23576539651050027,0.3923017413603646
full,direction_magnitude,response,fare_delay,probability_l1,12,0.6151330029674703,0.5191961006086526,0.7190299661566192
full,direction_magnitude,response,fare_delay,response_gap,12,0.14025302915753404,0.09311180047646027,0.20793661526142168
full,direction_magnitude,response,pt_infeasible,departure_mae,12,21.339780843713218,17.709416931086324,25.089544424704375
full,direction_magnitude,response,pt_infeasible,infeasible_pt_mass,12,0.0011721824729546723,0.0006825725878722247,0.0017309295608154368
full,direction_magnitude,response,pt_infeasible,kl,12,0.11007470948391751,0.05472035998153262,0.17342475247695383
full,direction_magnitude,response,pt_infeasible,probability_l1,12,0.2862009154721536,0.16321714651314367,0.4088691772711209
full,direction_magnitude,response,pt_infeasible,response_gap,12,0.1640820648321817,0.12117444181597097,0.21139965683140002
full,direction_magnitude,response,pt_infeasible,top_choice_violation,12,0.0,0.0,0.0
full,direction_magnitude,response,weather_0_25,departure_mae,12,10.817368683715662,8.019103807417883,13.848480256688264
full,direction_magnitude,response,weather_0_25,kl,12,0.18560726256206347,0.08387174067309332,0.30474830581366397
full,direction_magnitude,response,weather_0_25,probability_l1,12,0.44682655343302985,0.3008409545674782,0.6131508593024616
full,direction_magnitude,response,weather_0_25,response_gap,12,0.08445621822650234,0.05338321726645033,0.1221397403254415
full,direction_magnitude,response,weather_0_9,departure_mae,12,11.703137287249168,8.279234224413004,15.369939696540433
full,direction_magnitude,response,weather_0_9,kl,12,0.21318607743292686,0.10578469788772005,0.3345347302386604
full,direction_magnitude,response,weather_0_9,probability_l1,12,0.49280749530427986,0.3305944663933996,0.6610890064318148
full,direction_magnitude,response,weather_0_9,response_gap,12,0.19332143436243507,0.12323246122862176,0.2655227946255724
full,direction_magnitude,static,ALL,departure_mae,12,11.409811440411161,10.095343044012308,12.731871965981842
full,direction_magnitude,static,ALL,kl,12,0.24881839916439588,0.17754250244782888,0.32675227054598244
full,direction_magnitude,static,ALL,probability_l1,12,0.5442759014293378,0.4539835435269398,0.6413355012224016
full,direction_magnitude,static,ALL,response_gap,12,0.10730633605979399,0.07373219267768874,0.14668317743193143
full,direction_magnitude,static,access_20,departure_mae,12,9.147762417172393,6.825979051500974,11.649783723946246
full,direction_magnitude,static,access_20,kl,12,0.3785008194158097,0.26353606363393084,0.5078650731501122
full,direction_magnitude,static,access_20,probability_l1,12,0.7085045880741543,0.568554372601211,0.8493787567222283
full,direction_magnitude,static,access_20,response_gap,12,0.1339403504015947,0.0742202756408211,0.21070659704092473
full,direction_magnitude,static,access_5,departure_mae,12,8.05077718253489,5.654553709813843,10.739285315007525
full,direction_magnitude,static,access_5,kl,12,0.2567681322043941,0.15618085455109315,0.36468892816049653
full,direction_magnitude,static,access_5,probability_l1,12,0.5851128691407266,0.4449271515963806,0.7268655654191281
full,direction_magnitude,static,access_5,response_gap,12,0.07088774935905763,0.03526037249295614,0.11541197385960315
full,direction_magnitude,static,baseline,departure_mae,12,11.442563410158508,8.686832484530491,14.369299825098087
full,direction_magnitude,static,baseline,kl,12,0.21277269361599402,0.11785839243992266,0.3226106853695333
full,direction_magnitude,static,baseline,probability_l1,12,0.5239906466117612,0.398965015306379,0.6581822946473127
full,direction_magnitude,static,delay_45,departure_mae,12,10.693161877079142,8.4930663569106,13.057821864345005
full,direction_magnitude,static,delay_45,kl,12,0.28964623688379515,0.22239749086911462,0.3538605516342084
full,direction_magnitude,static,delay_45,probability_l1,12,0.5753867486822936,0.4902401691203316,0.6592145181276524
full,direction_magnitude,static,delay_45,response_gap,12,0.11784216659235551,0.07970225007170352,0.17522221319536088
full,direction_magnitude,static,delay_8,departure_mae,12,11.55884514614526,8.96944069388426,14.222268079001353
full,direction_magnitude,static,delay_8,kl,12,0.2877806839358416,0.19911696835827494,0.37695830441582834
full,direction_magnitude,static,delay_8,probability_l1,12,0.637637822749438,0.5132148670653502,0.7620790771697128
full,direction_magnitude,static,delay_8,response_gap,12,0.10164480970459587,0.04425637301553133,0.18460449734539433
full,direction_magnitude,static,fare_1_25,departure_mae,12,6.874776884102849,4.953402740314292,8.992983111708114
full,direction_magnitude,static,fare_1_25,kl,12,0.2081616939606974,0.11679549568190407,0.3120005454127801
full,direction_magnitude,static,fare_1_25,probability_l1,12,0.5114496298161922,0.3839435770322603,0.6459879562326326
full,direction_magnitude,static,fare_1_25,response_gap,12,0.031048798671245204,0.019399927921432226,0.045485254445176496
full,direction_magnitude,static,fare_2_5,departure_mae,12,11.349569133586352,8.327339736806849,14.611311081113914
full,direction_magnitude,static,fare_2_5,kl,12,0.2381613675402624,0.14446673922168077,0.3383989339806441
full,direction_magnitude,static,fare_2_5,probability_l1,12,0.5509841423040188,0.41668755936470847,0.6881916444289187
full,direction_magnitude,static,fare_2_5,response_gap,12,0.056965751273580535,0.03667761147125728,0.08054257498281418
full,direction_magnitude,static,fare_access,departure_mae,12,10.939730448786309,8.635457417541357,13.356915139682865
full,direction_magnitude,static,fare_access,interaction_gap,12,0.05715126807536977,0.03172901806927483,0.08979957309174409
full,direction_magnitude,static,fare_access,kl,12,0.35049654506183536,0.2689016758147665,0.4368954079878882
full,direction_magnitude,static,fare_access,probability_l1,12,0.7047028715135873,0.600721742676709,0.8134845500371108
full,direction_magnitude,static,fare_access,response_gap,12,0.13693204435830314,0.07727851938723046,0.2185343726960091
full,direction_magnitude,static,fare_delay,departure_mae,12,9.149136530994264,7.203222106007376,11.210185612627752
full,direction_magnitude,static,fare_delay,interaction_gap,12,0.0667068058622564,0.04519974076298904,0.08944456119107563
full,direction_magnitude,static,fare_delay,kl,12,0.2753855616173909,0.20654906432705872,0.3452648977138433
full,direction_magnitude,static,fare_delay,probability_l1,12,0.5492597820927148,0.46033899662754063,0.63942022651941
full,direction_magnitude,static,fare_delay,response_gap,12,0.11784111807329788,0.07858098023110015,0.17635992387866156
full,direction_magnitude,static,pt_infeasible,departure_mae,12,25.30829908533229,21.897987375491194,28.937449140598375
full,direction_magnitude,static,pt_infeasible,infeasible_pt_mass,12,0.0011265043619156738,0.0006564362901473132,0.00167119770457652
full,direction_magnitude,static,pt_infeasible,kl,12,0.10046468334827746,0.04904110887047777,0.15791474333332634
full,direction_magnitude,static,pt_infeasible,probability_l1,12,0.2696879767596855,0.15186719629972786,0.38522561949540757
full,direction_magnitude,static,pt_infeasible,response_gap,12,0.15802466053460207,0.11592877010753673,0.20510798267785324
full,direction_magnitude,static,pt_infeasible,top_choice_violation,12,0.0,0.0,0.0
full,direction_magnitude,static,weather_0_25,departure_mae,12,10.936461802572012,8.16883282373763,13.954149817716745
full,direction_magnitude,static,weather_0_25,kl,12,0.18211601172202685,0.08461371892120823,0.29573235129722536
full,direction_magnitude,static,weather_0_25,probability_l1,12,0.4414880016749656,0.2984856541801107,0.6031409056226689
full,direction_magnitude,static,weather_0_25,response_gap,12,0.07628240146064834,0.045105157655514316,0.11485786297933466
full,direction_magnitude,static,weather_0_9,departure_mae,12,11.466653366469673,8.051438576748803,15.126404587510558
full,direction_magnitude,static,weather_0_9,kl,12,0.2055663606664254,0.09726905079955467,0.3242469142733574
full,direction_magnitude,static,weather_0_9,probability_l1,12,0.47310573773251635,0.30472248000306656,0.6464327407004656
full,direction_magnitude,static,weather_0_9,response_gap,12,0.17895984622845307,0.112078058958617,0.24851642871334176
full,mnl,response,ALL,departure_mae,12,8.934149877251999,6.0276987189332,12.019186618531291
full,mnl,response,ALL,kl,12,0.16837546264912587,0.08195801024840355,0.30933909722130315
full,mnl,response,ALL,probability_l1,12,0.341610542083777,0.2414387525817303,0.4845434913058038
full,mnl,response,ALL,response_gap,12,0.09705076983397005,0.05811451204242574,0.14231653894294483
full,mnl,response,access_20,departure_mae,12,7.5464591392670615,4.593296223803298,10.907018295843146
full,mnl,response,access_20,kl,12,0.28466750282194325,0.09645668587522069,0.5766430908749126
full,mnl,response,access_20,probability_l1,12,0.4552376711990875,0.2388265210568347,0.7208769847495726
full,mnl,response,access_20,response_gap,12,0.1439258854882927,0.07370408862970462,0.23059582368603718
full,mnl,response,access_5,departure_mae,12,5.804229146220599,2.8764368554037145,9.632494760402942
full,mnl,response,access_5,kl,12,0.1756032515412063,0.07613140660394603,0.3293667538589012
full,mnl,response,access_5,probability_l1,12,0.3949488303645454,0.27133922955298617,0.5609244325914603
full,mnl,response,access_5,response_gap,12,0.07534518021935262,0.03769022441873623,0.12221584917984725
full,mnl,response,baseline,departure_mae,12,9.136506828338405,4.904081197496899,13.687920510899607
full,mnl,response,baseline,kl,12,0.14260138577080048,0.05442219552306191,0.2743358343423797
full,mnl,response,baseline,probability_l1,12,0.3492260338390483,0.22685467149331984,0.5024089918770442
full,mnl,response,delay_45,departure_mae,12,12.474749915892126,7.029810367388511,18.17121564739665
full,mnl,response,delay_45,kl,12,0.1408978968062126,0.05464561031171427,0.28788873383773844
full,mnl,response,delay_45,probability_l1,12,0.32418767849249047,0.19226159773816354,0.5191546627064302
full,mnl,response,delay_45,response_gap,12,0.09185713373467642,0.04517887328667581,0.14928850431042473
full,mnl,response,delay_8,departure_mae,12,9.342704873501035,5.451515003546995,13.542135924670518
full,mnl,response,delay_8,kl,12,0.21102740295638633,0.07856043326027057,0.41824062448086263
full,mnl,response,delay_8,probability_l1,12,0.4241064907642981,0.25332970574837266,0.6405249049914276
full,mnl,response,delay_8,response_gap,12,0.10035537609805117,0.03910472915664426,0.18465767290594334
full,mnl,response,fare_1_25,departure_mae,12,6.315254239631226,4.019419428647317,8.996796665746956
full,mnl,response,fare_1_25,kl,12,0.1410542814119848,0.039186770471189555,0.30527369110397
full,mnl,response,fare_1_25,probability_l1,12,0.32274809705908625,0.1913583962029748,0.5041415356122848
full,mnl,response,fare_1_25,response_gap,12,0.031036149899801174,0.018478751876068945,0.04705771688336415
full,mnl,response,fare_2_5,departure_mae,12,8.328365584959052,4.4740069805384115,12.622980341911584
full,mnl,response,fare_2_5,kl,12,0.188545264671369,0.05188482154970835,0.40605383971641074
full,mnl,response,fare_2_5,probability_l1,12,0.3725293324413856,0.20646432310033566,0.5907609947920146
full,mnl,response,fare_2_5,response_gap,12,0.04815685019039546,0.025599977546269404,0.07670594444016386
full,mnl,response,fare_access,departure_mae,12,8.35476937370793,5.708014659807079,11.178759208794634
full,mnl,response,fare_access,interaction_gap,12,0.05653868446152288,0.02648899295604007,0.09380053036518865
full,mnl,response,fare_access,kl,12,0.2520875983505327,0.08328864766371515,0.5130638115624028
full,mnl,response,fare_access,probability_l1,12,0.4226049733884256,0.21932559636615614,0.6781822443452215
full,mnl,response,fare_access,response_gap,12,0.13838318081166026,0.07425233358479501,0.22080733344869957
full,mnl,response,fare_delay,departure_mae,12,11.695630732301936,7.48062369094737,16.247327009824566
full,mnl,response,fare_delay,interaction_gap,12,0.05508846877753364,0.03020248107481601,0.08198050300613759
full,mnl,response,fare_delay,kl,12,0.16081096285952876,0.06304685961571321,0.3211081764668373
full,mnl,response,fare_delay,probability_l1,12,0.3289245002489504,0.1930464307425344,0.5349264872342787
full,mnl,response,fare_delay,response_gap,12,0.09647521931854748,0.056169001583398194,0.14556634427518794
full,mnl,response,pt_infeasible,departure_mae,12,11.306126453884419,7.020431446167829,15.84163567226064
full,mnl,response,pt_infeasible,infeasible_pt_mass,12,1.9155768091657652e-11,7.611700696884052e-13,4.842200397784542e-11
full,mnl,response,pt_infeasible,kl,12,0.09473036236317217,0.04690915890126987,0.14669083482324313
full,mnl,response,pt_infeasible,probability_l1,12,0.09858759016083639,0.04989207828980967,0.14691288581315523
full,mnl,response,pt_infeasible,response_gap,12,0.1535472532432867,0.09083950063723945,0.23466786320443497
full,mnl,response,pt_infeasible,top_choice_violation,12,0.0,0.0,0.0
full,mnl,response,weather_0_25,departure_mae,12,10.333977665747996,6.759279780241011,14.038601486716507
full,mnl,response,weather_0_25,kl,12,0.10871780760761389,0.04621745904631375,0.1945403489755689
full,mnl,response,weather_0_25,probability_l1,12,0.3134652604670202,0.21529080257585106,0.4362530422670755
full,mnl,response,weather_0_25,response_gap,12,0.07311638649930394,0.035836045737644075,0.11679687472440628
full,mnl,response,weather_0_9,departure_mae,12,6.571024573572218,2.7349532159129226,11.330488130023221
full,mnl,response,weather_0_9,kl,12,0.11976183462876028,0.03111714974498086,0.27509675308200904
full,mnl,response,weather_0_9,probability_l1,12,0.29276004658014976,0.1521547615930586,0.4967987159420772
full,mnl,response,weather_0_9,response_gap,12,0.11535985267030263,0.04825245986450982,0.1940373608364228
full,mnl,static,ALL,departure_mae,12,8.934149877251999,6.0276987189332,12.019186618531291
full,mnl,static,ALL,kl,12,0.16837546264912587,0.08195801024840355,0.30933909722130315
full,mnl,static,ALL,probability_l1,12,0.341610542083777,0.2414387525817303,0.4845434913058038
full,mnl,static,ALL,response_gap,12,0.09705076983397005,0.05811451204242574,0.14231653894294483
full,mnl,static,access_20,departure_mae,12,7.5464591392670615,4.593296223803298,10.907018295843146
full,mnl,static,access_20,kl,12,0.28466750282194325,0.09645668587522069,0.5766430908749126
full,mnl,static,access_20,probability_l1,12,0.4552376711990875,0.2388265210568347,0.7208769847495726
full,mnl,static,access_20,response_gap,12,0.1439258854882927,0.07370408862970462,0.23059582368603718
full,mnl,static,access_5,departure_mae,12,5.804229146220599,2.8764368554037145,9.632494760402942
full,mnl,static,access_5,kl,12,0.1756032515412063,0.07613140660394603,0.3293667538589012
full,mnl,static,access_5,probability_l1,12,0.3949488303645454,0.27133922955298617,0.5609244325914603
full,mnl,static,access_5,response_gap,12,0.07534518021935262,0.03769022441873623,0.12221584917984725
full,mnl,static,baseline,departure_mae,12,9.136506828338405,4.904081197496899,13.687920510899607
full,mnl,static,baseline,kl,12,0.14260138577080048,0.05442219552306191,0.2743358343423797
full,mnl,static,baseline,probability_l1,12,0.3492260338390483,0.22685467149331984,0.5024089918770442
full,mnl,static,delay_45,departure_mae,12,12.474749915892126,7.029810367388511,18.17121564739665
full,mnl,static,delay_45,kl,12,0.1408978968062126,0.05464561031171427,0.28788873383773844
full,mnl,static,delay_45,probability_l1,12,0.32418767849249047,0.19226159773816354,0.5191546627064302
full,mnl,static,delay_45,response_gap,12,0.09185713373467642,0.04517887328667581,0.14928850431042473
full,mnl,static,delay_8,departure_mae,12,9.342704873501035,5.451515003546995,13.542135924670518
full,mnl,static,delay_8,kl,12,0.21102740295638633,0.07856043326027057,0.41824062448086263
full,mnl,static,delay_8,probability_l1,12,0.4241064907642981,0.25332970574837266,0.6405249049914276
full,mnl,static,delay_8,response_gap,12,0.10035537609805117,0.03910472915664426,0.18465767290594334
full,mnl,static,fare_1_25,departure_mae,12,6.315254239631226,4.019419428647317,8.996796665746956
full,mnl,static,fare_1_25,kl,12,0.1410542814119848,0.039186770471189555,0.30527369110397
full,mnl,static,fare_1_25,probability_l1,12,0.32274809705908625,0.1913583962029748,0.5041415356122848
full,mnl,static,fare_1_25,response_gap,12,0.031036149899801174,0.018478751876068945,0.04705771688336415
full,mnl,static,fare_2_5,departure_mae,12,8.328365584959052,4.4740069805384115,12.622980341911584
full,mnl,static,fare_2_5,kl,12,0.188545264671369,0.05188482154970835,0.40605383971641074
full,mnl,static,fare_2_5,probability_l1,12,0.3725293324413856,0.20646432310033566,0.5907609947920146
full,mnl,static,fare_2_5,response_gap,12,0.04815685019039546,0.025599977546269404,0.07670594444016386
full,mnl,static,fare_access,departure_mae,12,8.35476937370793,5.708014659807079,11.178759208794634
full,mnl,static,fare_access,interaction_gap,12,0.05653868446152288,0.02648899295604007,0.09380053036518865
full,mnl,static,fare_access,kl,12,0.2520875983505327,0.08328864766371515,0.5130638115624028
full,mnl,static,fare_access,probability_l1,12,0.4226049733884256,0.21932559636615614,0.6781822443452215
full,mnl,static,fare_access,response_gap,12,0.13838318081166026,0.07425233358479501,0.22080733344869957
full,mnl,static,fare_delay,departure_mae,12,11.695630732301936,7.48062369094737,16.247327009824566
full,mnl,static,fare_delay,interaction_gap,12,0.05508846877753364,0.03020248107481601,0.08198050300613759
full,mnl,static,fare_delay,kl,12,0.16081096285952876,0.06304685961571321,0.3211081764668373
full,mnl,static,fare_delay,probability_l1,12,0.3289245002489504,0.1930464307425344,0.5349264872342787
full,mnl,static,fare_delay,response_gap,12,0.09647521931854748,0.056169001583398194,0.14556634427518794
full,mnl,static,pt_infeasible,departure_mae,12,11.306126453884419,7.020431446167829,15.84163567226064
full,mnl,static,pt_infeasible,infeasible_pt_mass,12,1.9155768091657652e-11,7.611700696884052e-13,4.842200397784542e-11
full,mnl,static,pt_infeasible,kl,12,0.09473036236317217,0.04690915890126987,0.14669083482324313
full,mnl,static,pt_infeasible,probability_l1,12,0.09858759016083639,0.04989207828980967,0.14691288581315523
full,mnl,static,pt_infeasible,response_gap,12,0.1535472532432867,0.09083950063723945,0.23466786320443497
full,mnl,static,pt_infeasible,top_choice_violation,12,0.0,0.0,0.0
full,mnl,static,weather_0_25,departure_mae,12,10.333977665747996,6.759279780241011,14.038601486716507
full,mnl,static,weather_0_25,kl,12,0.10871780760761389,0.04621745904631375,0.1945403489755689
full,mnl,static,weather_0_25,probability_l1,12,0.3134652604670202,0.21529080257585106,0.4362530422670755
full,mnl,static,weather_0_25,response_gap,12,0.07311638649930394,0.035836045737644075,0.11679687472440628
full,mnl,static,weather_0_9,departure_mae,12,6.571024573572218,2.7349532159129226,11.330488130023221
full,mnl,static,weather_0_9,kl,12,0.11976183462876028,0.03111714974498086,0.27509675308200904
full,mnl,static,weather_0_9,probability_l1,12,0.29276004658014976,0.1521547615930586,0.4967987159420772
full,mnl,static,weather_0_9,response_gap,12,0.11535985267030263,0.04825245986450982,0.1940373608364228
full,signed_l1,response,ALL,departure_mae,12,11.482076142503546,10.09068127470939,12.84642827278923
full,signed_l1,response,ALL,kl,12,0.24162568007037308,0.16538976285481233,0.32695483054760777
full,signed_l1,response,ALL,probability_l1,12,0.531538435445705,0.43034147384403626,0.6412861322485739
full,signed_l1,response,ALL,response_gap,12,0.10737491946652265,0.07561696407535098,0.14428696907777624
full,signed_l1,response,access_20,departure_mae,12,9.42873311539491,7.013678369629715,12.048240081469213
full,signed_l1,response,access_20,kl,12,0.3613152227283092,0.2471766604914176,0.48586074537112955
full,signed_l1,response,access_20,probability_l1,12,0.6887330223288801,0.5430282370967583,0.8318020884922395
full,signed_l1,response,access_20,response_gap,12,0.13251558487039103,0.07695600412332418,0.205972960996292
full,signed_l1,response,access_5,departure_mae,12,8.207529515028,5.72493304837909,10.967791266491014
full,signed_l1,response,access_5,kl,12,0.2508770112451783,0.14679253182182084,0.3633683358468904
full,signed_l1,response,access_5,probability_l1,12,0.5738302313591596,0.4239739018577254,0.7262954773655231
full,signed_l1,response,access_5,response_gap,12,0.07047757017184739,0.03658948004427422,0.11352948542610154
full,signed_l1,response,baseline,departure_mae,12,11.555758869896332,8.83444595966074,14.444358181229067
full,signed_l1,response,baseline,kl,12,0.20943204916070726,0.10805588455819777,0.327688932520067
full,signed_l1,response,baseline,probability_l1,12,0.5144494558843198,0.3793985802253915,0.660589258554219
full,signed_l1,response,delay_45,departure_mae,12,10.9412498831473,8.75359738006567,13.276279875846512
full,signed_l1,response,delay_45,kl,12,0.2653536870093556,0.19778494930713858,0.33187578634982207
full,signed_l1,response,delay_45,probability_l1,12,0.5327349011310273,0.43943504110554715,0.6253568754738057
full,signed_l1,response,delay_45,response_gap,12,0.12289137404136084,0.08628077408080391,0.17258963114281906
full,signed_l1,response,delay_8,departure_mae,12,11.723624167342978,9.043153713064061,14.409980312445095
full,signed_l1,response,delay_8,kl,12,0.2822467113374707,0.18591759081976705,0.3775843765292238
full,signed_l1,response,delay_8,probability_l1,12,0.6259955753110074,0.4862097977265992,0.7627725842506106
full,signed_l1,response,delay_8,response_gap,12,0.10016785555668634,0.04341791897874762,0.18197916050542165
full,signed_l1,response,fare_1_25,departure_mae,12,6.981179643560338,4.984736609817655,9.282660957798361
full,signed_l1,response,fare_1_25,kl,12,0.2061046176001857,0.11025925497970485,0.3150477102548327
full,signed_l1,response,fare_1_25,probability_l1,12,0.5042742913630273,0.3691872990302465,0.6459303189578846
full,signed_l1,response,fare_1_25,response_gap,12,0.03125574662614568,0.019986686645972494,0.045240241069197204
full,signed_l1,response,fare_2_5,departure_mae,12,11.439900844047466,8.516397524154227,14.623008490333126
full,signed_l1,response,fare_2_5,kl,12,0.23583888906333508,0.13505238340961082,0.3447418125397723
full,signed_l1,response,fare_2_5,probability_l1,12,0.5405225366022851,0.39362208571340207,0.689028492246927
full,signed_l1,response,fare_2_5,response_gap,12,0.05727202792525476,0.036717919875925153,0.08211957608259364
full,signed_l1,response,fare_access,departure_mae,12,11.122248211392652,8.950191089842054,13.441344831000873
full,signed_l1,response,fare_access,interaction_gap,12,0.05682596522831807,0.03199884432719813,0.08840611596509564
full,signed_l1,response,fare_access,kl,12,0.3447305576347075,0.259600446034413,0.43432032971182416
full,signed_l1,response,fare_access,probability_l1,12,0.691709725158634,0.5807788645747911,0.8051934734144834
full,signed_l1,response,fare_access,response_gap,12,0.13711281469137762,0.08266685871244121,0.21131278928602112
full,signed_l1,response,fare_delay,departure_mae,12,9.633605247708383,8.01263493773079,11.39494415362607
full,signed_l1,response,fare_delay,interaction_gap,12,0.06121899164063327,0.040639161455111525,0.08315768644526417
full,signed_l1,response,fare_delay,kl,12,0.2613464518362231,0.19045329877279715,0.33383018330654773
full,signed_l1,response,fare_delay,probability_l1,12,0.523617711196895,0.4256167676558511,0.6239153039345724
full,signed_l1,response,fare_delay,response_gap,12,0.12208488311204646,0.08840885331609323,0.16967307530509101
full,signed_l1,response,pt_infeasible,departure_mae,12,24.393657687637543,21.063477073775395,27.88368000549575
full,signed_l1,response,pt_infeasible,infeasible_pt_mass,12,0.001058185538568068,0.0006072590736494022,0.0015717119662440376
full,signed_l1,response,pt_infeasible,kl,12,0.10049182515820788,0.04578554516467138,0.16356548946396288
full,signed_l1,response,pt_infeasible,probability_l1,12,0.26558255456357277,0.14500146333588765,0.38614035055629053
full,signed_l1,response,pt_infeasible,response_gap,12,0.1537889508826555,0.1099949887092709,0.20164445597783617
full,signed_l1,response,pt_infeasible,top_choice_violation,12,0.0,0.0,0.0
full,signed_l1,response,weather_0_25,departure_mae,12,11.000394348469044,8.049690597535422,14.196968249179836
full,signed_l1,response,weather_0_25,kl,12,0.17701208180371922,0.07609331658097601,0.2981612673217534
full,signed_l1,response,weather_0_25,probability_l1,12,0.4367462508352819,0.2889149769661879,0.6074625339699149
full,signed_l1,response,weather_0_25,response_gap,12,0.07441823629202483,0.04467588345747857,0.11176884402283523
full,signed_l1,response,weather_0_9,departure_mae,12,11.35703217641761,7.74562449482166,15.248642722778538
full,signed_l1,response,weather_0_9,kl,12,0.20475905626707672,0.09544847213535164,0.3260113795685901
full,signed_l1,response,weather_0_9,probability_l1,12,0.48026496961436904,0.30644531185186846,0.6607710091329558
full,signed_l1,response,weather_0_9,response_gap,12,0.17913906996195883,0.11239349778588102,0.2489580933391404
full,signed_l1,static,ALL,departure_mae,12,11.486481350349306,10.126839412678535,12.82530821901329
full,signed_l1,static,ALL,kl,12,0.24295182005053198,0.16660087511962737,0.328762660239174
full,signed_l1,static,ALL,probability_l1,12,0.534233500581788,0.4324174452683678,0.6445235771045654
full,signed_l1,static,ALL,response_gap,12,0.10718533673569948,0.07577486939055739,0.14363289352832226
full,signed_l1,static,access_20,departure_mae,12,9.43151185506334,7.054959545884696,11.9979803202234
full,signed_l1,static,access_20,kl,12,0.3613783548810788,0.24787592542901918,0.4846940225372027
full,signed_l1,static,access_20,probability_l1,12,0.6897917678372728,0.5441263809909838,0.8317741933446378
full,signed_l1,static,access_20,response_gap,12,0.13111470071575893,0.07619388980096505,0.20397377196363642
full,signed_l1,static,access_5,departure_mae,12,8.20419615238077,5.734867298064961,10.962604072198479
full,signed_l1,static,access_5,kl,12,0.25141150696431896,0.14807253865905587,0.36384958697349745
full,signed_l1,static,access_5,probability_l1,12,0.5755354879299799,0.4259781484289991,0.7272474298111543
full,signed_l1,static,access_5,response_gap,12,0.06990162463697752,0.0363383769567274,0.1124786010444003
full,signed_l1,static,baseline,departure_mae,12,11.567225674581197,8.853161617487464,14.47045620822658
full,signed_l1,static,baseline,kl,12,0.2108038376586894,0.10907304178089741,0.3295074182939756
full,signed_l1,static,baseline,probability_l1,12,0.517124619009318,0.3811630501901663,0.6636348964383616
full,signed_l1,static,delay_45,departure_mae,12,10.949371376523265,8.786682405819496,13.251707722867527
full,signed_l1,static,delay_45,kl,12,0.26510656638988966,0.19773742940288153,0.33130589723413406
full,signed_l1,static,delay_45,probability_l1,12,0.5354292181672321,0.4426385288963577,0.6276000780265226
full,signed_l1,static,delay_45,response_gap,12,0.12268768734402126,0.08617479247100836,0.17166381985557339
full,signed_l1,static,delay_8,departure_mae,12,11.717285642193424,9.070994805399742,14.369851710274816
full,signed_l1,static,delay_8,kl,12,0.28406263520880337,0.1876652848841609,0.37954580949526456
full,signed_l1,static,delay_8,probability_l1,12,0.6303538263727116,0.4906501055373638,0.7675898043516058
full,signed_l1,static,delay_8,response_gap,12,0.09998776245080393,0.043171575876596716,0.1817081972893189
full,signed_l1,static,fare_1_25,departure_mae,12,7.001235980264568,5.000103191069017,9.304063342604787
full,signed_l1,static,fare_1_25,kl,12,0.2072886314309197,0.11112202093577714,0.3164775505812251
full,signed_l1,static,fare_1_25,probability_l1,12,0.5072986602203713,0.37067388171364585,0.6501429422016222
full,signed_l1,static,fare_1_25,response_gap,12,0.03128935322878353,0.020242003906794155,0.044995224400302736
full,signed_l1,static,fare_2_5,departure_mae,12,11.510673531641563,8.572095138269166,14.698440423090425
full,signed_l1,static,fare_2_5,kl,12,0.23683928167101223,0.13548917015002532,0.34595696121568514
full,signed_l1,static,fare_2_5,probability_l1,12,0.5430485239128271,0.39466831687761955,0.6922197938801513
full,signed_l1,static,fare_2_5,response_gap,12,0.05704421869812557,0.0367383481979393,0.08152233357663138
full,signed_l1,static,fare_access,departure_mae,12,11.145055054307536,8.989381317325211,13.455251881409506
full,signed_l1,static,fare_access,interaction_gap,12,0.05641679906090837,0.03181996400810686,0.0876363667237262
full,signed_l1,static,fare_access,kl,12,0.3476150817002371,0.2623101594963234,0.4364822692496216
full,signed_l1,static,fare_access,probability_l1,12,0.6963701568681885,0.5856514050654239,0.8089191142464813
full,signed_l1,static,fare_access,response_gap,12,0.137050950076477,0.0832749287324417,0.21060560507920595
full,signed_l1,static,fare_delay,departure_mae,12,9.626118188654933,7.96675726822405,11.43274442935707
full,signed_l1,static,fare_delay,interaction_gap,12,0.060415279444215104,0.0404008261385707,0.08183339435516936
full,signed_l1,static,fare_delay,kl,12,0.26357873004384946,0.1915698883603734,0.33724929402832776
full,signed_l1,static,fare_delay,probability_l1,12,0.527103152603463,0.42824578801811575,0.6295617441310444
full,signed_l1,static,fare_delay,response_gap,12,0.12205070195236689,0.08872438354813207,0.16874570183990587
full,signed_l1,static,pt_infeasible,departure_mae,12,24.286450484560593,20.978394379197727,27.761472895803553
full,signed_l1,static,pt_infeasible,infeasible_pt_mass,12,0.0010730824588891766,0.0006229105604840393,0.0015827518654229298
full,signed_l1,static,pt_infeasible,kl,12,0.10122219143402288,0.04632943213581328,0.1643949592595663
full,signed_l1,static,pt_infeasible,probability_l1,12,0.26755235772360825,0.14618465537063216,0.3879668092701586
full,signed_l1,static,pt_infeasible,response_gap,12,0.1543573578247729,0.11031940926053557,0.2023522578657598
full,signed_l1,static,pt_infeasible,top_choice_violation,12,0.0,0.0,0.0
full,signed_l1,static,weather_0_25,departure_mae,12,11.011223286390305,8.089889000625247,14.184306970321469
full,signed_l1,static,weather_0_25,kl,12,0.18044441273315467,0.07823235166310154,0.302894271778805
full,signed_l1,static,weather_0_25,probability_l1,12,0.44237277040878936,0.29193546690267547,0.615313769377906
full,signed_l1,static,weather_0_25,response_gap,12,0.07470731014247849,0.045757414103888075,0.11137508381545012
full,signed_l1,static,weather_0_9,departure_mae,12,11.387428977630202,7.8096165200773004,15.2410732930552
full,signed_l1,static,weather_0_9,kl,12,0.20567061049040733,0.09462214354031488,0.3292784158259847
full,signed_l1,static,weather_0_9,probability_l1,12,0.47882146592769353,0.3019959840991156,0.6628441510848977
full,signed_l1,static,weather_0_9,response_gap,12,0.17884703702212848,0.11290123893676991,0.24796589044341247
full,soft_kl,response,ALL,departure_mae,12,11.257079187786367,9.830915072781965,12.698869943279337
full,soft_kl,response,ALL,kl,12,0.26981264961996154,0.19279505861915225,0.3576303044390508
full,soft_kl,response,ALL,probability_l1,12,0.5686547300783571,0.47861462922856407,0.6662861885561744
full,soft_kl,response,ALL,response_gap,12,0.11542270303796809,0.0808986244175915,0.15637458779825417
full,soft_kl,response,access_20,departure_mae,12,9.520701632110608,7.2923131068392335,11.890235410165038
full,soft_kl,response,access_20,kl,12,0.3857532778350829,0.26924899322810336,0.5083123700205225
full,soft_kl,response,access_20,probability_l1,12,0.7202775781546477,0.578288558418966,0.8549363916550797
full,soft_kl,response,access_20,response_gap,12,0.13435279535658565,0.07481915186667516,0.21115397479263262
full,soft_kl,response,access_5,departure_mae,12,8.127932257122465,5.650453444114989,10.80749804576238
full,soft_kl,response,access_5,kl,12,0.26366254611796186,0.15327271287259708,0.38856802935341767
full,soft_kl,response,access_5,probability_l1,12,0.5862960272061605,0.44383201724070076,0.7341613005113407
full,soft_kl,response,access_5,response_gap,12,0.06913110919756653,0.03561428019089369,0.11211117576685858
full,soft_kl,response,baseline,departure_mae,12,11.560055304318666,8.833094388660458,14.444886890302103
full,soft_kl,response,baseline,kl,12,0.2298374677576777,0.1204542833066554,0.36150520705959027
full,soft_kl,response,baseline,probability_l1,12,0.5377788691553804,0.40739751395362395,0.6820447440841407
full,soft_kl,response,delay_45,departure_mae,12,10.79968372406438,8.44137659977423,13.270336815785978
full,soft_kl,response,delay_45,kl,12,0.311553136380504,0.24342647162694667,0.3770601290250249
full,soft_kl,response,delay_45,probability_l1,12,0.6083330485569658,0.5261696718651111,0.6935922215247734
full,soft_kl,response,delay_45,response_gap,12,0.12839206190089938,0.08639016734151585,0.194380582877337
full,soft_kl,response,delay_8,departure_mae,12,11.733022940086409,9.132366176866668,14.354161095805464
full,soft_kl,response,delay_8,kl,12,0.2999343583101482,0.2071262168363311,0.39309161487630007
full,soft_kl,response,delay_8,probability_l1,12,0.6508787224193414,0.5288066938831297,0.7687720577656808
full,soft_kl,response,delay_8,response_gap,12,0.10753074792156246,0.04941595524342524,0.1913003764706951
full,soft_kl,response,fare_1_25,departure_mae,12,7.062507453202097,5.187563899442278,9.10757523557102
full,soft_kl,response,fare_1_25,kl,12,0.22776022618173897,0.12400542879125832,0.34683407172610825
full,soft_kl,response,fare_1_25,probability_l1,12,0.5319514481530145,0.4018882690472874,0.6710236289358388
full,soft_kl,response,fare_1_25,response_gap,12,0.032110886295084594,0.020380164556826143,0.046513610383288724
full,soft_kl,response,fare_2_5,departure_mae,12,11.788351590641673,8.560346172180855,15.25709192963938
full,soft_kl,response,fare_2_5,kl,12,0.25457064343755703,0.15548291653361537,0.36136656584026694
full,soft_kl,response,fare_2_5,probability_l1,12,0.5660775136423332,0.430648824793873,0.6984359342682142
full,soft_kl,response,fare_2_5,response_gap,12,0.060002503453029536,0.039000788256296035,0.08451462734955147
full,soft_kl,response,fare_access,departure_mae,12,11.13212631587629,8.51343187595269,13.931899067221412
full,soft_kl,response,fare_access,interaction_gap,12,0.056914495454618234,0.03142358053817104,0.08908255901353226
full,soft_kl,response,fare_access,kl,12,0.37576910347658193,0.293724358843594,0.45708163208139774
full,soft_kl,response,fare_access,probability_l1,12,0.7292199081872348,0.6285031493737329,0.8268317011075991
full,soft_kl,response,fare_access,response_gap,12,0.14787376523891713,0.08776208844571662,0.22807105081455983
full,soft_kl,response,fare_delay,departure_mae,12,9.670190733616,7.850641283427401,11.830736185286055
full,soft_kl,response,fare_delay,interaction_gap,12,0.062050428419707364,0.04351050045564889,0.08277341391077771
full,soft_kl,response,fare_delay,kl,12,0.33633929058181805,0.2553267310499664,0.41873149956480205
full,soft_kl,response,fare_delay,probability_l1,12,0.6242756987901198,0.5258812351778357,0.7275956756013824
full,soft_kl,response,fare_delay,response_gap,12,0.1509311389773624,0.10128864458352216,0.22205983630732207
full,soft_kl,response,pt_infeasible,departure_mae,12,21.274850620163814,17.730571128841902,24.97105242403017
full,soft_kl,response,pt_infeasible,infeasible_pt_mass,12,0.002109359249718384,0.0011814327712272644,0.0031919850713974375
full,soft_kl,response,pt_infeasible,kl,12,0.12212830017188703,0.05902431687661259,0.19466619592111495
full,soft_kl,response,pt_infeasible,probability_l1,12,0.2994635097828157,0.1704425715092689,0.4288114952964168
full,soft_kl,response,pt_infeasible,response_gap,12,0.1566719688125529,0.11891788060562822,0.19810791963488864
full,soft_kl,response,pt_infeasible,top_choice_violation,12,0.0,0.0,0.0
full,soft_kl,response,weather_0_25,departure_mae,12,10.80152855720371,7.930573318919374,13.886996549719736
full,soft_kl,response,weather_0_25,kl,12,0.19173580153557057,0.08321061438225105,0.31870635067350955
full,soft_kl,response,weather_0_25,probability_l1,12,0.4409553309750778,0.28911925400131283,0.613856482486206
full,soft_kl,response,weather_0_25,response_gap,12,0.08549162432160458,0.05382751568535595,0.12464540329827914
full,soft_kl,response,weather_0_9,departure_mae,12,11.613999125030304,8.142679356452488,15.338877278152436
full,soft_kl,response,weather_0_9,kl,12,0.23870764365301048,0.12722817270449224,0.36338613516521834
full,soft_kl,response,weather_0_9,probability_l1,12,0.5283491059171933,0.36844864545900524,0.6907053280036759
full,soft_kl,response,weather_0_9,response_gap,12,0.19716113194248375,0.12463403119449791,0.2716529014728113
full,soft_kl,static,ALL,departure_mae,12,11.43840063743891,9.996659044019106,12.885303321828271
full,soft_kl,static,ALL,kl,12,0.2564135124244257,0.17919972569258963,0.34440246620277376
full,soft_kl,static,ALL,probability_l1,12,0.5429536526561362,0.4466661557767718,0.6480149526824568
full,soft_kl,static,ALL,response_gap,12,0.11178890950104377,0.07844775544949435,0.15044573727748853
full,soft_kl,static,access_20,departure_mae,12,9.413996543735268,7.0617519597729865,11.974078824609105
full,soft_kl,static,access_20,kl,12,0.3708268519474068,0.25622152016762756,0.4933211341998022
full,soft_kl,static,access_20,probability_l1,12,0.6924835539112489,0.5519677306653724,0.8300672016456309
full,soft_kl,static,access_20,response_gap,12,0.13488381150236098,0.07743002982051285,0.20980417352358308
full,soft_kl,static,access_5,departure_mae,12,7.946554077996148,5.433549650468759,10.758576944139268
full,soft_kl,static,access_5,kl,12,0.2543787567557028,0.14684946621282302,0.37478707231978214
full,soft_kl,static,access_5,probability_l1,12,0.5687019505958866,0.42457215733736475,0.7184140004037569
full,soft_kl,static,access_5,response_gap,12,0.07031473659507838,0.03595815124169544,0.11379723393683101
full,soft_kl,static,baseline,departure_mae,12,11.36071283163296,8.504035075898798,14.397624801057907
full,soft_kl,static,baseline,kl,12,0.21905490650163786,0.11273067255426314,0.3463263403899501
full,soft_kl,static,baseline,probability_l1,12,0.517728578509004,0.3854039353639991,0.6639087724176544
full,soft_kl,static,delay_45,departure_mae,12,10.56210624978498,8.459638906470326,12.925073766804953
full,soft_kl,static,delay_45,kl,12,0.28482040035299305,0.2144294677172341,0.3523604039102964
full,soft_kl,static,delay_45,probability_l1,12,0.5443866259784059,0.4531985499579804,0.632892958403151
full,soft_kl,static,delay_45,response_gap,12,0.12859736344892023,0.08962185763310138,0.18420412320557428
full,soft_kl,static,delay_8,departure_mae,12,11.6243967095183,9.02127710528051,14.34302162354191
full,soft_kl,static,delay_8,kl,12,0.2861807108877708,0.19378574572229237,0.37878126446016813
full,soft_kl,static,delay_8,probability_l1,12,0.626334136189134,0.4988542475293355,0.7522968216793681
full,soft_kl,static,delay_8,response_gap,12,0.10415812639427587,0.046753356311987675,0.18695758128212756
full,soft_kl,static,fare_1_25,departure_mae,12,6.901268309327189,4.938584292279901,9.023175182503957
full,soft_kl,static,fare_1_25,kl,12,0.21685990653932388,0.11595666747222884,0.3320164497868303
full,soft_kl,static,fare_1_25,probability_l1,12,0.5104391719069746,0.3799463628734703,0.6511235188836301
full,soft_kl,static,fare_1_25,response_gap,12,0.03186950028379574,0.020518105501975897,0.04568385061694101
full,soft_kl,static,fare_2_5,departure_mae,12,11.59608955722716,8.55925862958862,14.863302526809273
full,soft_kl,static,fare_2_5,kl,12,0.2441365664007651,0.1457810690635142,0.3518062813799629
full,soft_kl,static,fare_2_5,probability_l1,12,0.5440302037861612,0.4075139863804259,0.6817405452838651
full,soft_kl,static,fare_2_5,response_gap,12,0.05729366891729979,0.037985494049702896,0.07955010221638704
full,soft_kl,static,fare_access,departure_mae,12,11.184406636213815,8.78297053625876,13.800958601737186
full,soft_kl,static,fare_access,interaction_gap,12,0.05693446424341312,0.03098180893267055,0.08925384780268451
full,soft_kl,static,fare_access,kl,12,0.3625195477625343,0.2827974665263133,0.4420235872264335
full,soft_kl,static,fare_access,probability_l1,12,0.7057241066600438,0.6089113665224501,0.8026949353672013
full,soft_kl,static,fare_access,response_gap,12,0.14273683404549956,0.08523230456463692,0.22054698226314004
full,soft_kl,static,fare_delay,departure_mae,12,9.541312272901889,7.939652303081971,11.378990389130733
full,soft_kl,static,fare_delay,interaction_gap,12,0.05856959040667633,0.04029160785054455,0.07865867913750656
full,soft_kl,static,fare_delay,kl,12,0.29793309970734716,0.22215444195611594,0.3722950654091446
full,soft_kl,static,fare_delay,probability_l1,12,0.5545616163327187,0.46398011116773175,0.6459355890223134
full,soft_kl,static,fare_delay,response_gap,12,0.13962259041145444,0.09674100771223273,0.19826463632856456
full,soft_kl,static,pt_infeasible,departure_mae,12,25.0364745201336,21.721044377320343,28.540600123173657
full,soft_kl,static,pt_infeasible,infeasible_pt_mass,12,0.002307494688163085,0.0013341624297077538,0.0034441453982102153
full,soft_kl,static,pt_infeasible,kl,12,0.11617260311140147,0.055012848762747465,0.18509604884946698
full,soft_kl,static,pt_infeasible,probability_l1,12,0.29089883551932066,0.16250999511318756,0.4178869346884943
full,soft_kl,static,pt_infeasible,response_gap,12,0.15232606470876806,0.1147561644240232,0.19388940921238335
full,soft_kl,static,pt_infeasible,top_choice_violation,12,0.0,0.0,0.0
full,soft_kl,static,weather_0_25,departure_mae,12,10.900268235140379,7.994692822421592,14.034241401342054
full,soft_kl,static,weather_0_25,kl,12,0.1921722986995584,0.0856734217918854,0.31691047919219323
full,soft_kl,static,weather_0_25,probability_l1,12,0.4477014187861372,0.2948297456357352,0.6188451713210454
full,soft_kl,static,weather_0_25,response_gap,12,0.08236840359015783,0.05035294940349657,0.1222027839504723
full,soft_kl,static,weather_0_9,departure_mae,12,11.193221705655256,7.626489880360249,15.028769040769996
full,soft_kl,static,weather_0_9,kl,12,0.23190650042666705,0.11777379323444243,0.35560561277981956
full,soft_kl,static,weather_0_9,probability_l1,12,0.5124536336986004,0.34742347386651845,0.6826171126330478
full,soft_kl,static,weather_0_9,response_gap,12,0.18550690461387054,0.11668446000114106,0.2572032251036841
