family,selection,card,primary,n_personas,mean,ci_low,ci_high
full,static,ALL,True,12,-0.004603572765344267,-0.008341624999104293,-0.0015557103447884628
full,static,delay_8,False,12,-0.004170363943471955,-0.005919729839441277,-0.00247170182944701
full,static,delay_45,False,12,-0.005909676104898996,-0.014771974655696098,0.0015417777062192368
full,static,fare_1_25,False,12,-0.0005801470550122046,-0.0015644174391334776,0.0004572555609047452
full,static,fare_2_5,False,12,-0.000249450219174228,-0.007147662039915171,0.006507349425317417
full,static,access_5,False,12,-0.00041311195810084445,-0.001804399825287647,0.0007671991989740869
full,static,access_20,False,12,-0.0037691107866020877,-0.0070371251326215335,-0.0006404382509788869
full,static,fare_delay,False,12,-0.017571888459087522,-0.030628762529835235,-0.0060665568300683915
full,static,fare_access,False,12,-0.005685883969022541,-0.014461164776379553,0.002448393113928393
full,static,pt_infeasible,False,12,0.00203129311600482,-0.006681586077623984,0.011755724129403783
full,static,weather_0_25,False,12,-0.00766109344767936,-0.012414167668325492,-0.002815848768608255
full,static,weather_0_9,False,12,-0.0066598675917420155,-0.010995330720651253,-0.001998961952555194
full,response,ALL,False,12,-0.008047783571445427,-0.0137424165016521,-0.00422306490257659
full,response,delay_8,False,12,-0.0073628923648761365,-0.009593076765359039,-0.005130502839699205
full,response,delay_45,False,12,-0.005500687859538525,-0.026831716765224188,0.012338161459870989
full,response,fare_1_25,False,12,-0.0008551396689389181,-0.00227798080290265,0.000806939590216423
full,response,fare_2_5,False,12,-0.0027304755277747727,-0.01053564444029657,0.005288967276796885
full,response,access_5,False,12,0.0013464609742808477,0.00011826372129934453,0.002778212678055336
full,response,access_20,False,12,-0.0018372104861945967,-0.00780032044363978,0.0036052173543606467
full,response,fare_delay,False,12,-0.028846255865315962,-0.052739528748091805,-0.012372920914880799
full,response,fare_access,False,12,-0.010760950547539524,-0.019629368912635572,-0.0027544184631185095
full,response,pt_infeasible,False,12,-0.0028830179298974003,-0.012057127523398358,0.006200060104024902
full,response,weather_0_25,False,12,-0.01107338802957976,-0.01607678676226441,-0.006318422990195732
full,response,weather_0_9,False,12,-0.018022061980524924,-0.026919592160490117,-0.009464695035939876
delay_holdout,static,ALL,False,12,0.0005791009716355605,-0.0011681638685178339,0.0023985906407342312
delay_holdout,static,delay_8,False,12,0.005294661785671379,0.0030484509468711083,0.007323459099271097
delay_holdout,static,delay_45,False,12,0.009076802763903945,0.005396138886708395,0.012332985511624515
delay_holdout,static,fare_1_25,False,12,-0.00031645912539075,-0.0022252135066384397,0.0014114887128687634
delay_holdout,static,fare_2_5,False,12,-0.00261970986393683,-0.0083759083759764,0.0029253382241571854
delay_holdout,static,access_5,False,12,-0.00012090613007729584,-0.0016552668829034661,0.0011910931797767088
delay_holdout,static,access_20,False,12,0.00010283362741271794,-0.0068650316365615055,0.007457882735171112
delay_holdout,static,fare_delay,False,12,0.004833578448282724,-0.0005920137499551026,0.009946994542920353
delay_holdout,static,fare_access,False,12,0.00015923699364066637,-0.007266046744271143,0.008338262770031746
delay_holdout,static,pt_infeasible,False,12,0.002041293276929717,-0.005305737465695334,0.011201015106571852
delay_holdout,static,weather_0_25,False,12,-0.004853048720339569,-0.009409002543001636,0.00010154135113029362
delay_holdout,static,weather_0_9,False,12,-0.0072281723681055406,-0.015028731756878121,0.0008777654173289738
delay_holdout,response,ALL,False,12,-0.0015344371088728131,-0.002961267049933964,-9.814606852958045e-05
delay_holdout,response,delay_8,False,12,0.006458940939448862,0.0031319956527965337,0.009513943356277846
delay_holdout,response,delay_45,False,12,0.010278919904067376,0.005924139595257099,0.014226988554529751
delay_holdout,response,fare_1_25,False,12,-0.00044728129711231685,-0.0020045438698596397,0.000962772412616528
delay_holdout,response,fare_2_5,False,12,-3.6244571530896916e-05,-0.006948288873895821,0.006864909310629697
delay_holdout,response,access_5,False,12,-0.0010339797322672858,-0.0033740815884594766,0.0011519930997150526
delay_holdout,response,access_20,False,12,-0.006072011571147551,-0.011525642226944535,-0.0008293076176426232
delay_holdout,response,fare_delay,False,12,0.003637662740930183,-0.002149042831133042,0.009289964351366147
delay_holdout,response,fare_access,False,12,-0.011850346312570722,-0.019094958317845512,-0.0050333662496557805
delay_holdout,response,pt_infeasible,False,12,0.0011049823770632697,-0.007495019001672551,0.011632816267764138
delay_holdout,response,weather_0_25,False,12,-0.007072155321545803,-0.011857582235248918,-0.0019235416511303688
delay_holdout,response,weather_0_9,False,12,-0.011847295352936155,-0.02002020425354648,-0.0035878027798148023
