city,profile,model,accuracy,balanced_accuracy,nll_clipped,nll_raw,brier,pt_bias,mean_absolute_response_bias,structural_zero_labels
Singapore,taxi_for_all,s9,0.6692771084337349,0.7277439660202998,0.85539141334025,Infinity,0.5078508649726479,-0.3085626829269689,0.039756638202143,8
Singapore,taxi_for_all,mnl_s,0.7036144578313253,0.5354822878899487,0.5887361252296884,Infinity,0.35614434167972076,-0.01354174867803315,0.11101746808807353,8
Singapore,taxi_for_all,soft_kl_seed42,0.7213855421686747,0.605222130810366,0.6212370405636514,Infinity,0.3613046689646815,-0.15435477266626718,0.060388746653425404,8
Singapore,taxi_for_all,soft_kl_seed2026,0.7403614457831326,0.656386404293381,0.6183054167148107,Infinity,0.3498437703848772,-0.15735360987271252,0.06354724395773317,8
Singapore,taxi_for_all,soft_kl_seed7,0.721987951807229,0.6142842451665981,0.7255363408470921,Infinity,0.4185056949676923,-0.21772001958339954,0.12006444024954395,8
Singapore,taxi_for_all,ce_kl_seed42,0.6948795180722892,0.6594594529957047,0.7489602108523774,Infinity,0.4398093575588274,-0.22048223727945154,0.06814398395068698,8
Singapore,taxi_for_all,ce_kl_seed2026,0.7,0.7106034458018041,0.6894296141762156,Infinity,0.40041932802714403,-0.20750096284346764,0.08620519345312053,8
Singapore,taxi_for_all,ce_kl_seed7,0.6960843373493976,0.6872610084853586,0.7971268469091228,Infinity,0.45948941108964503,-0.2744123606207634,0.05292615630069232,8
Singapore,taxi_for_all,signed_l1_seed42,0.7237951807228916,0.6093973673385438,0.6231491038687086,Infinity,0.3627765848953651,-0.15508093191535177,0.07090318054634046,8
Singapore,taxi_for_all,signed_l1_seed2026,0.7433734939759036,0.6426004228329809,0.590708880998476,Infinity,0.3334395283399991,-0.12177485128393373,0.06528311951691847,8
Singapore,taxi_for_all,signed_l1_seed7,0.7240963855421687,0.6179043938277864,0.6938956217599398,Infinity,0.398605959582664,-0.1953496769530676,0.12204043997608753,8
Singapore,taxi_for_all,direction_magnitude_seed42,0.7234939759036144,0.6073591114767585,0.6267184318354687,Infinity,0.3652670034867115,-0.15695523444159198,0.06986036725028093,8
Singapore,taxi_for_all,direction_magnitude_seed2026,0.7430722891566265,0.5897659590751246,0.5829481071515357,Infinity,0.3297668687734926,-0.10545607190354755,0.08362410827932588,8
Singapore,taxi_for_all,direction_magnitude_seed7,0.6852409638554217,0.6142181416394823,0.7694660275862375,Infinity,0.4413986119230614,-0.233291057035038,0.10912870740958389,8
Singapore,missing_income_low,s9,0.6689759036144578,0.7281985114748453,0.8514280650554323,Infinity,0.5060268242294065,-0.3067228460196315,0.0411855727220964,8
Singapore,missing_income_low,mnl_s,0.7123493975903614,0.5612844269273818,0.5845834833108248,Infinity,0.35235576361920934,-0.03492143684574833,0.1107377794283388,8
Singapore,missing_income_low,soft_kl_seed42,0.7240963855421687,0.6084121760592349,0.6222094085060709,Infinity,0.362298548270617,-0.15544667897342013,0.06133609408490269,8
Singapore,missing_income_low,soft_kl_seed2026,0.7406626506024097,0.6592638209943271,0.6192671521183064,Infinity,0.3508566472201213,-0.15879689039022893,0.0632133409010628,8
Singapore,missing_income_low,soft_kl_seed7,0.7253012048192771,0.6166392431098313,0.7183217607966721,Infinity,0.4135612232028813,-0.2121363409800477,0.11996647316670743,8
Singapore,missing_income_low,ce_kl_seed42,0.6948795180722892,0.6597309462083744,0.7495324784275593,Infinity,0.44111419977186417,-0.22125352193378411,0.06797743260661275,8
Singapore,missing_income_low,ce_kl_seed2026,0.6984939759036145,0.7105931619679909,0.6925196824892877,Infinity,0.40260693417403026,-0.20923702688887713,0.08561339477997229,8
Singapore,missing_income_low,ce_kl_seed7,0.6975903614457831,0.6872836329197479,0.7910402065142395,Infinity,0.45577117834451647,-0.2715657733941832,0.05182444998792496,8
Singapore,missing_income_low,signed_l1_seed42,0.7228915662650602,0.608786507610037,0.6268045402380327,Infinity,0.36547147278564746,-0.15752500834235217,0.0718372133414609,8
Singapore,missing_income_low,signed_l1_seed2026,0.7427710843373494,0.6478534051447868,0.5920188363822263,Infinity,0.3347972647495886,-0.12625147708052065,0.06588566314698344,8
Singapore,missing_income_low,signed_l1_seed7,0.7259036144578314,0.6185831268594606,0.6920277484225621,Infinity,0.39702888931811636,-0.19323315960214837,0.12077968571705362,8
Singapore,missing_income_low,direction_magnitude_seed42,0.7240963855421687,0.6092389962978199,0.6284943874226387,Infinity,0.3666855511301135,-0.15811471040416725,0.07053481032959669,8
Singapore,missing_income_low,direction_magnitude_seed2026,0.744578313253012,0.5960205868003405,0.5852303076952994,Infinity,0.3316928428448598,-0.11022250877625961,0.08385452869381892,8
Singapore,missing_income_low,direction_magnitude_seed7,0.689156626506024,0.6148619096361915,0.7665575986135257,Infinity,0.4388440330885621,-0.22995517579782526,0.10903792080009381,8
Singapore,missing_income_high,s9,0.6695783132530121,0.7284247558187367,0.8453273835766638,Infinity,0.5023575917193632,-0.30479828732099423,0.04083324962867851,8
Singapore,missing_income_high,mnl_s,0.7108433734939759,0.5612371212918409,0.5836081711768639,Infinity,0.35178542306096455,-0.036418757305806904,0.11059544847122109,8
Singapore,missing_income_high,soft_kl_seed42,0.7234939759036144,0.6084574249280132,0.6249722894019688,Infinity,0.36399605938747304,-0.1581478169861148,0.06150934079280459,8
Singapore,missing_income_high,soft_kl_seed2026,0.7406626506024097,0.6578816737298269,0.6186026807107825,Infinity,0.35017276501907285,-0.15790949039307067,0.0628821774498077,8
Singapore,missing_income_high,soft_kl_seed7,0.7243975903614458,0.6162998765939942,0.7189336432001033,Infinity,0.41402616184315805,-0.2126715885710913,0.12028331061802713,8
Singapore,missing_income_high,ce_kl_seed42,0.6957831325301205,0.6603418059368812,0.7515229182540147,Infinity,0.4419124796052678,-0.22262653905178797,0.06762292420937602,8
Singapore,missing_income_high,ce_kl_seed2026,0.6984939759036145,0.7105931619679909,0.6908272969541469,Infinity,0.40154495884276986,-0.2083423926596002,0.08589502722922579,8
Singapore,missing_income_high,ce_kl_seed7,0.6975903614457831,0.6872836329197479,0.7919077740521453,Infinity,0.45644451951028625,-0.27237847838887425,0.05276865568011999,8
Singapore,missing_income_high,signed_l1_seed42,0.7228915662650602,0.6090580008227067,0.6296424560449332,Infinity,0.36722426886772747,-0.1601834299738507,0.07202629243214446,8
Singapore,missing_income_high,signed_l1_seed2026,0.744578313253012,0.6460516774607061,0.5914337436455117,Infinity,0.33420665290120927,-0.12528065196406768,0.06544442027358405,8
Singapore,missing_income_high,signed_l1_seed7,0.7256024096385543,0.6179146776615997,0.6921559418294233,Infinity,0.39711011812417785,-0.19353608494198105,0.12116886818310221,8
Singapore,missing_income_high,direction_magnitude_seed42,0.7240963855421687,0.6095104895104895,0.6314281677489226,Infinity,0.36850409957262303,-0.16080196147829473,0.07085521021207053,8
Singapore,missing_income_high,direction_magnitude_seed2026,0.7448795180722891,0.5944800684951164,0.584401619836142,Infinity,0.3309801177903968,-0.10914179923529,0.08357226821672485,8
Singapore,missing_income_high,direction_magnitude_seed7,0.6876506024096386,0.614296298776463,0.7666536669629661,Infinity,0.43886131630395964,-0.2302663446103183,0.10938787009968165,8
Singapore,employed_office,s9,0.6635542168674698,0.7306542909894482,0.8548539911784263,Infinity,0.5103559318283273,-0.3091042821733168,0.04429768842745976,8
Singapore,employed_office,mnl_s,0.7132530120481928,0.5364366276678179,0.584811002008886,Infinity,0.352553106888684,-0.03406751750330783,0.1113895347973477,8
Singapore,employed_office,soft_kl_seed42,0.7156626506024096,0.6044796380090498,0.6290136899113751,Infinity,0.3660868874211534,-0.15814838462273573,0.0594751907490104,8
Singapore,employed_office,soft_kl_seed2026,0.7415662650602409,0.6493085437134685,0.6105148052304692,Infinity,0.34236689281680033,-0.13835964871637785,0.05923033605318471,8
Singapore,employed_office,soft_kl_seed7,0.7256024096385543,0.6271084250906412,0.7301909451092079,Infinity,0.4220152106117091,-0.21829414449811696,0.11408161139227899,8
Singapore,employed_office,ce_kl_seed42,0.6921686746987952,0.6544306582610276,0.741062518518147,Infinity,0.4366883760054324,-0.21729816455451528,0.06827786262609983,8
Singapore,employed_office,ce_kl_seed2026,0.6963855421686747,0.6836392335434742,0.6810098551426773,Infinity,0.39247685633483836,-0.185894022835138,0.08896652306430042,8
Singapore,employed_office,ce_kl_seed7,0.6918674698795181,0.6759012464963218,0.7988905355159267,Infinity,0.46349341924371856,-0.2758881926247625,0.04912673636923084,8
Singapore,employed_office,signed_l1_seed42,0.7216867469879518,0.6089263677498972,0.6325925609429572,Infinity,0.3682188504628991,-0.1617613422257982,0.0701538654246244,8
Singapore,employed_office,signed_l1_seed2026,0.7493975903614458,0.6364414108463355,0.590816303686006,Infinity,0.33086187628269187,-0.10861975309798066,0.06162315196054706,8
Singapore,employed_office,signed_l1_seed7,0.7253012048192771,0.6155409296585768,0.7001213307323472,Infinity,0.4029624701964123,-0.19848105306849328,0.11371500581076525,8
Singapore,employed_office,direction_magnitude_seed42,0.7231927710843373,0.6100102838338133,0.6334086794575707,Infinity,0.36917299448412405,-0.16083950124321922,0.0675831563501473,8
Singapore,employed_office,direction_magnitude_seed2026,0.7451807228915662,0.613572747362077,0.5896394397683907,Infinity,0.33066866874770806,-0.10373815434861433,0.07829322270510426,8
Singapore,employed_office,direction_magnitude_seed7,0.6704819277108434,0.6166247979107077,0.7740752280516748,Infinity,0.44507589892237265,-0.23322036694651127,0.10386302806268703,8
Singapore,transit_pass_yes,s9,0.6771084337349398,0.7267806338668172,0.8161017292882502,Infinity,0.48283261397403854,-0.287538738584662,0.04924460930682449,8
Singapore,transit_pass_yes,mnl_s,0.7090361445783132,0.5532157309175093,0.5840069220910945,Infinity,0.35182631530880215,-0.03261205499808428,0.11051491439915154,8
Singapore,transit_pass_yes,soft_kl_seed42,0.721987951807229,0.6065343480049363,0.6225371570109092,Infinity,0.3626933802344925,-0.15325243418856738,0.06237270858991577,8
Singapore,transit_pass_yes,soft_kl_seed2026,0.7373493975903614,0.6610848248878344,0.6189666488716266,Infinity,0.34860685096742833,-0.1513010144059781,0.05640283552705343,8
Singapore,transit_pass_yes,soft_kl_seed7,0.7274096385542169,0.6138893459481695,0.69894404844461,Infinity,0.3995121921081321,-0.19105456172353974,0.11918730891410664,8
Singapore,transit_pass_yes,ce_kl_seed42,0.6966867469879519,0.6590398725761243,0.735576732982505,Infinity,0.43396369496792736,-0.21169003653522372,0.06815319015133947,8
Singapore,transit_pass_yes,ce_kl_seed2026,0.6978915662650602,0.7131805745554035,0.6855034848279943,Infinity,0.3981986515176455,-0.20298178366340514,0.08498891044116344,8
Singapore,transit_pass_yes,ce_kl_seed7,0.7039156626506025,0.6877785484009834,0.771558204176574,Infinity,0.4443264821698396,-0.25926949385278686,0.04835961742427604,8
Singapore,transit_pass_yes,signed_l1_seed42,0.7225903614457831,0.6084265734265735,0.6247986009502641,Infinity,0.3642387194704101,-0.15279513386201604,0.0739764281716871,8
Singapore,transit_pass_yes,signed_l1_seed2026,0.7472891566265061,0.6285517013765988,0.5922575500928099,Infinity,0.3335865455979882,-0.11659037805083816,0.0580707447962409,8
Singapore,transit_pass_yes,signed_l1_seed7,0.7253012048192771,0.6041505553270259,0.6792727058518392,Infinity,0.38766791299619785,-0.17704252838605944,0.12128694428086102,8
Singapore,transit_pass_yes,direction_magnitude_seed42,0.7231927710843373,0.6058761826408885,0.624195362637286,Infinity,0.36422450519902744,-0.15149832133046648,0.07297247859413725,8
Singapore,transit_pass_yes,direction_magnitude_seed2026,0.7472891566265061,0.5936450211894808,0.5846409418049847,Infinity,0.32960373038704094,-0.10210121027923302,0.07760239316442287,8
Singapore,transit_pass_yes,direction_magnitude_seed7,0.683433734939759,0.6083069939636288,0.7546940356816862,Infinity,0.4300588180240638,-0.2172568235791804,0.10865379377767578,8
Singapore,flexible_schedule,s9,0.6816265060240964,0.7172773669558895,0.8129195704905937,Infinity,0.47511773648246103,-0.28262823099966145,0.0400594086217952,8
Singapore,flexible_schedule,mnl_s,0.7099397590361446,0.4843048128342246,0.5781383862330983,Infinity,0.3480366690525298,0.010006148542424764,0.1127376077768252,8
Singapore,flexible_schedule,soft_kl_seed42,0.7259036144578314,0.6024146441793501,0.6092007550809647,Infinity,0.3557630622425485,-0.14433186911607543,0.06065188577757722,8
Singapore,flexible_schedule,soft_kl_seed2026,0.744277108433735,0.5762069872671788,0.589251599618288,Infinity,0.3332996755130621,-0.11266964268926749,0.07419108312173063,8
Singapore,flexible_schedule,soft_kl_seed7,0.7237951807228916,0.6127786918963389,0.7203159629120405,Infinity,0.4141008387960185,-0.20974501454725814,0.11659978939141764,8
Singapore,flexible_schedule,ce_kl_seed42,0.7051204819277108,0.6519152325103078,0.697093420091238,Infinity,0.40477670823617856,-0.17677597827565605,0.05562252620170566,8
Singapore,flexible_schedule,ce_kl_seed2026,0.7373493975903614,0.6152524083303837,0.6178266022783819,Infinity,0.3588949480660813,-0.14929716783654257,0.07661951028192078,8
Singapore,flexible_schedule,ce_kl_seed7,0.7024096385542169,0.6720219452230396,0.7899704315454862,Infinity,0.4535040771930663,-0.26641277318865236,0.050903157699090165,8
Singapore,flexible_schedule,signed_l1_seed42,0.7246987951807229,0.6002961744138214,0.612211919306574,Infinity,0.3576867897000688,-0.14265025010983268,0.06915155485698796,8
Singapore,flexible_schedule,signed_l1_seed2026,0.7481927710843373,0.5504619593812481,0.5643976713567601,Infinity,0.32135019849911833,-0.08062675770439476,0.07864685719944987,8
Singapore,flexible_schedule,signed_l1_seed7,0.7256024096385543,0.6067441382147264,0.6962074607795675,Infinity,0.39932411586351907,-0.19167201735180273,0.11903018776708878,8
Singapore,flexible_schedule,direction_magnitude_seed42,0.7301204819277108,0.597889757301522,0.6131231938203273,Infinity,0.3583050166135931,-0.14164744949035613,0.06695408401898592,8
Singapore,flexible_schedule,direction_magnitude_seed2026,0.7454819277108434,0.5107095845331139,0.571563658736232,Infinity,0.3299071139804487,-0.0625786240706332,0.0950696229957134,8
Singapore,flexible_schedule,direction_magnitude_seed7,0.680421686746988,0.6104953937990873,0.7705229868925028,Infinity,0.4409750822412721,-0.2307868671706591,0.1055170040357443,8
Singapore,commute_morning,s9,0.6783132530120481,0.7160577042656386,0.8115095181229832,Infinity,0.48035663950629537,-0.2872565793518695,0.03832826646583447,8
Singapore,commute_morning,mnl_s,0.7201807228915663,0.5763193919623468,0.5889871605474066,Infinity,0.35427284055634706,-0.057098843002609034,0.11018371468701504,8
Singapore,commute_morning,soft_kl_seed42,0.7144578313253012,0.6095235954196283,0.6434175924828851,Infinity,0.37554300645616306,-0.17436453104467992,0.0605084953201284,8
Singapore,commute_morning,soft_kl_seed2026,0.75,0.5527989247414692,0.5735342213720007,Infinity,0.32219578257282955,-0.07955390811751939,0.04913955663207425,8
Singapore,commute_morning,soft_kl_seed7,0.7210843373493976,0.6006046894282188,0.7131181768961654,Infinity,0.40893659784661307,-0.19483767728887896,0.11961011161006627,8
Singapore,commute_morning,ce_kl_seed42,0.6966867469879519,0.6629024805563793,0.7667704645974011,Infinity,0.44938874964595954,-0.23060039012077127,0.06654959487215426,8
Singapore,commute_morning,ce_kl_seed2026,0.702710843373494,0.6438346263859259,0.6508283354560701,Infinity,0.37431728263086667,-0.1625001223530642,0.09024788436749166,8
Singapore,commute_morning,ce_kl_seed7,0.716566265060241,0.6376593515923201,0.7603808341941259,Infinity,0.43074274405893076,-0.23389160265102527,0.06118350893999617,8
Singapore,commute_morning,signed_l1_seed42,0.7231927710843373,0.6108371040723981,0.6428676439342877,Infinity,0.37478530121303144,-0.1723553020596863,0.07024395057190973,8
Singapore,commute_morning,signed_l1_seed2026,0.7490963855421687,0.5423996728305894,0.5667763208237283,Infinity,0.31912746812441406,-0.05977886913074959,0.05569461437996971,8
Singapore,commute_morning,signed_l1_seed7,0.7231927710843373,0.5919559851912793,0.6929831602553349,Infinity,0.39765125156410747,-0.17701873135393908,0.12369692612955548,8
Singapore,commute_morning,direction_magnitude_seed42,0.7228915662650602,0.6107239819004524,0.6396387361165655,Infinity,0.3730512074942808,-0.16837094279612042,0.06981792919427517,8
Singapore,commute_morning,direction_magnitude_seed2026,0.7451807228915662,0.5127359781121751,0.5661368657538456,Infinity,0.32199444755457785,-0.04403083362582927,0.07345792659255394,8
Singapore,commute_morning,direction_magnitude_seed7,0.6831325301204819,0.5947156400371175,0.7620039366530194,Infinity,0.43366596532762963,-0.21390282152110496,0.11997669114365175,8
Singapore,other_midday,s9,0.6599397590361445,0.7432956578305416,0.8690353660965168,Infinity,0.5190184880999886,-0.31793297192036923,0.03442409285624702,8
Singapore,other_midday,mnl_s,0.7216867469879518,0.6123094142519586,0.6044400613425737,Infinity,0.358772330663369,-0.0812000842284617,0.10999241508299025,8
Singapore,other_midday,soft_kl_seed42,0.7271084337349397,0.6062114356232003,0.6056673826203954,Infinity,0.3496595593428084,-0.13983936817890186,0.06294030897005136,8
Singapore,other_midday,soft_kl_seed2026,0.730722891566265,0.6467666669855452,0.632129877898043,Infinity,0.35992178411786907,-0.17128568243470982,0.05958809871787586,8
Singapore,other_midday,soft_kl_seed7,0.7283132530120482,0.6176987171515216,0.6686435601441101,Infinity,0.37930626657535793,-0.1697374372827225,0.1122705650538296,8
Singapore,other_midday,ce_kl_seed42,0.6990963855421687,0.6577358824486047,0.6945854227188705,Infinity,0.41131140457331095,-0.19458747510559832,0.0711553992094831,8
Singapore,other_midday,ce_kl_seed2026,0.7018072289156626,0.6869198243616849,0.6979022051148317,Infinity,0.40458338528933857,-0.2099009861900325,0.08264890524435295,8
Singapore,other_midday,ce_kl_seed7,0.7111445783132531,0.6913894655276324,0.7340401323227237,Infinity,0.42202551135389926,-0.23935417297817985,0.044548103121861096,8
Singapore,other_midday,signed_l1_seed42,0.7304216867469879,0.6094055944055945,0.6143338473402067,Infinity,0.35603451666193187,-0.14629482557234086,0.07323352015206971,8
Singapore,other_midday,signed_l1_seed2026,0.7433734939759036,0.6347693073000871,0.5992837917651426,Infinity,0.33978143257630233,-0.13582812305203218,0.06334275827036205,8
Singapore,other_midday,signed_l1_seed7,0.7328313253012049,0.6050287947346771,0.6500068874654773,Infinity,0.36870916526331404,-0.15882486460382583,0.11728656064516989,8
Singapore,other_midday,direction_magnitude_seed42,0.7298192771084338,0.6039099136157959,0.6107026511982157,Infinity,0.35350416882256025,-0.14146927229005346,0.07029001555708518,8
Singapore,other_midday,direction_magnitude_seed2026,0.7412650602409638,0.5931599112242067,0.5961847464192689,Infinity,0.3389322314834743,-0.12295453296413261,0.08303470005651555,8
Singapore,other_midday,direction_magnitude_seed7,0.685843373493976,0.5856761501152746,0.7087331425855806,Infinity,0.40189338126310387,-0.18585276826991726,0.10699089772729989,8
Singapore,accessibility_lower,s9,0.6695783132530121,0.7340124649632174,0.8613127716320169,Infinity,0.5120226311944935,-0.31199562706569406,0.04085120528667089,8
Singapore,accessibility_lower,mnl_s,0.7120481927710843,0.6181005041470157,0.61649714217456,Infinity,0.3672350021060941,-0.09398885660035838,0.11006384740204553,8
Singapore,accessibility_lower,soft_kl_seed42,0.7231927710843373,0.6036548745372274,0.6046841179815892,Infinity,0.3511029061678632,-0.1357612126753721,0.059517872892320155,8
Singapore,accessibility_lower,soft_kl_seed2026,0.7150602409638555,0.6980723790573312,0.6861839812836656,Infinity,0.3908593734046525,-0.21215116330141937,0.07073993148080196,8
Singapore,accessibility_lower,soft_kl_seed7,0.7018072289156626,0.6405028077257899,0.7511765235283552,Infinity,0.43950243655167864,-0.23382121830819597,0.12009905104312191,8
Singapore,accessibility_lower,ce_kl_seed42,0.6987951807228916,0.6598193871791683,0.7162912251190501,Infinity,0.42075232864614087,-0.20117086956476654,0.06697374328336937,8
Singapore,accessibility_lower,ce_kl_seed2026,0.6614457831325301,0.7123020481570412,0.7676721573910967,Infinity,0.4463081346226895,-0.25427105211518164,0.0819213105051453,8
Singapore,accessibility_lower,ce_kl_seed7,0.6716867469879518,0.7166690901437823,0.8809087546012249,Infinity,0.5060827627006073,-0.31117828729568064,0.073756184900763,8
Singapore,accessibility_lower,signed_l1_seed42,0.7234939759036144,0.6076182640888523,0.6151349311348098,Infinity,0.35836201516513283,-0.14569198271282102,0.07100937352796276,8
Singapore,accessibility_lower,signed_l1_seed2026,0.7316265060240964,0.690401452172998,0.6451689838090795,Infinity,0.36575026277586375,-0.17739380516493353,0.07385492610958326,8
Singapore,accessibility_lower,signed_l1_seed7,0.7093373493975904,0.627712827528149,0.7263632947104162,Infinity,0.42301307474768807,-0.21843316382335787,0.11268428930317062,8
Singapore,accessibility_lower,direction_magnitude_seed42,0.7228915662650602,0.6057260386672151,0.6072028822532477,Infinity,0.3538413189847521,-0.13950622344658847,0.0706587626609996,8
Singapore,accessibility_lower,direction_magnitude_seed2026,0.7358433734939759,0.6601710942955813,0.6537245819392736,Infinity,0.37003176075456556,-0.17294197224349855,0.09254810163100441,8
Singapore,accessibility_lower,direction_magnitude_seed7,0.7069277108433735,0.6354339299551339,0.7382320226950349,Infinity,0.4272534616351442,-0.23401591009797007,0.09960007057693529,8
Singapore,accessibility_upper,s9,0.6710843373493975,0.7261965121062248,0.8421554849552427,Infinity,0.5005813856299339,-0.30302101366042367,0.03919585365577634,8
Singapore,accessibility_upper,mnl_s,0.7102409638554217,0.5120361990950226,0.5817085315613175,Infinity,0.34965473764772736,0.002463146577437292,0.11155648700439043,8
Singapore,accessibility_upper,soft_kl_seed42,0.721987951807229,0.6095577951460305,0.644646793959926,Infinity,0.3758487850609195,-0.17660372060308432,0.060041519609021855,8
Singapore,accessibility_upper,soft_kl_seed2026,0.7454819277108434,0.6315874891182688,0.591690216246751,Infinity,0.33390374965002256,-0.12692302426951652,0.06996696200221778,8
Singapore,accessibility_upper,soft_kl_seed7,0.6897590361445783,0.6532791558646551,0.8325834191564091,Infinity,0.4854161926028302,-0.28100588734174725,0.14850783186981523,8
Singapore,accessibility_upper,ce_kl_seed42,0.6960843373493976,0.662676236212488,0.8076101719303632,Infinity,0.46840085788692476,-0.24909255639299271,0.058980740083056135,8
Singapore,accessibility_upper,ce_kl_seed2026,0.7114457831325302,0.6777055092650168,0.6488221068650327,Infinity,0.37661854962620883,-0.17810810275308514,0.08512723017035119,8
Singapore,accessibility_upper,ce_kl_seed7,0.6734939759036145,0.7067277319124103,0.8726295714011572,Infinity,0.5055956997423523,-0.3127610777723546,0.05543326081775398,8
Singapore,accessibility_upper,signed_l1_seed42,0.7231927710843373,0.6130584121760592,0.6700997448045579,Infinity,0.39090547315834756,-0.19231218530246647,0.07587397852351509,8
Singapore,accessibility_upper,signed_l1_seed2026,0.744277108433735,0.6076755187357102,0.5739479221482883,Infinity,0.3242074453935425,-0.09845415533643709,0.07055995033672416,8
Singapore,accessibility_upper,signed_l1_seed7,0.7063253012048193,0.6343734036141697,0.8006322822161424,Infinity,0.46238176425892635,-0.2586659538948134,0.1541166439195197,8
Singapore,accessibility_upper,direction_magnitude_seed42,0.7240963855421687,0.6117317976141505,0.6510097358852702,Infinity,0.3801902278176364,-0.17896929595237931,0.06673032830143909,8
Singapore,accessibility_upper,direction_magnitude_seed2026,0.7433734939759036,0.5542003960471813,0.5724555615615013,Infinity,0.3259463925607021,-0.08270593113434233,0.09228311780256679,8
Singapore,accessibility_upper,direction_magnitude_seed7,0.6557228915662651,0.6446970334726833,0.9260314224204395,Infinity,0.5293587842024067,-0.30786551962419356,0.13371320236481288,8
Singapore,delay_in_vehicle,s9,0.6692771084337349,0.728311633646791,0.8499044783968616,Infinity,0.5052221814901768,-0.30669502644934293,0.0397931329535702,8
Singapore,delay_in_vehicle,mnl_s,0.7117469879518072,0.5570351467957487,0.5819679801406421,Infinity,0.35047309956949396,-0.037939266169636165,0.11019316953580852,8
Singapore,delay_in_vehicle,soft_kl_seed42,0.7240963855421687,0.6092389962978199,0.6248316138778117,Infinity,0.36408522705667756,-0.15851810625024942,0.060205410454556886,8
Singapore,delay_in_vehicle,soft_kl_seed2026,0.7400602409638555,0.6562609415208595,0.6166180678738044,Infinity,0.349414135408889,-0.15567806192269795,0.06777432899002031,8
Singapore,delay_in_vehicle,soft_kl_seed7,0.7234939759036144,0.6159605100781571,0.738911208501772,Infinity,0.42574845784138576,-0.2227210172839148,0.13657162415133,8
Singapore,delay_in_vehicle,ce_kl_seed42,0.6954819277108434,0.6602286837649355,0.7504172017236385,Infinity,0.44119238080589207,-0.22163441627018476,0.06806269365893003,8
Singapore,delay_in_vehicle,ce_kl_seed2026,0.7,0.7106034458018041,0.6931657041052245,Infinity,0.4016509022543363,-0.2103817894970661,0.08056098762226392,8
Singapore,delay_in_vehicle,ce_kl_seed7,0.6954819277108434,0.686491777716128,0.7950911640776953,Infinity,0.4589294166488078,-0.2741050017776012,0.05303674761194691,8
Singapore,delay_in_vehicle,signed_l1_seed42,0.7234939759036144,0.6087289181406828,0.6295907309795123,Infinity,0.3671061724883583,-0.16047968771084242,0.06960702782429486,8
Singapore,delay_in_vehicle,signed_l1_seed2026,0.7439759036144579,0.6460969263294845,0.5927280714658723,Infinity,0.33467225039197346,-0.12655602780855202,0.06323187293776547,8
Singapore,delay_in_vehicle,signed_l1_seed7,0.7240963855421687,0.6179043938277864,0.7122556218698357,Infinity,0.4089442109651938,-0.20329968424132427,0.13684448543262767,8
Singapore,delay_in_vehicle,direction_magnitude_seed42,0.7240963855421687,0.6083998354586589,0.6312282959844563,Infinity,0.3681810445148874,-0.16174934805449404,0.0666474831571062,8
Singapore,delay_in_vehicle,direction_magnitude_seed2026,0.7463855421686747,0.6000436225880822,0.5875260414728514,Infinity,0.3317732037935621,-0.1138407720140664,0.07497792050287308,8
Singapore,delay_in_vehicle,direction_magnitude_seed7,0.6852409638554217,0.6139466484268126,0.7854764660821714,Infinity,0.4505116696194158,-0.23616271634622615,0.1155355208825477,8
Singapore,heavier_rain,s9,0.6762048192771084,0.7303581165756268,0.8433230227812359,Infinity,0.4998739557496002,-0.30368470198878766,0.038841346995792836,8
Singapore,heavier_rain,mnl_s,0.7132530120481928,0.5635242459319066,0.5810509268240472,Infinity,0.35006927169661833,-0.03580300813772974,0.10569366844888957,8
Singapore,heavier_rain,soft_kl_seed42,0.7222891566265061,0.6063759769642123,0.6254354725467958,Infinity,0.36461849914836786,-0.15821075925311767,0.06196255804185408,8
Singapore,heavier_rain,soft_kl_seed2026,0.7406626506024097,0.6567586790774206,0.6161945224636401,Infinity,0.3484374640680679,-0.15655982494634757,0.06112270141469247,8
Singapore,heavier_rain,soft_kl_seed7,0.7234939759036144,0.6159605100781571,0.7217533052886816,Infinity,0.41634212791501196,-0.21477486193685014,0.12007557726745684,8
Singapore,heavier_rain,ce_kl_seed42,0.6951807228915663,0.6598440683803201,0.7510772127703743,Infinity,0.44150077659885617,-0.22181068118780856,0.06793146790636435,8
Singapore,heavier_rain,ce_kl_seed2026,0.7,0.7106034458018041,0.6884863232141217,Infinity,0.3999347065384901,-0.2071118421451446,0.08629384924410785,8
Singapore,heavier_rain,ce_kl_seed7,0.6960843373493976,0.6867180220600194,0.795148354949359,Infinity,0.45852250195257266,-0.27415657654791753,0.05074393137201039,8
Singapore,heavier_rain,signed_l1_seed42,0.7237951807228916,0.6093973673385438,0.6287630055952053,Infinity,0.3667765584757069,-0.15922414657311978,0.07162023789462554,8
Singapore,heavier_rain,signed_l1_seed2026,0.7448795180722891,0.6469545980695091,0.5906291164088294,Infinity,0.33362860859624976,-0.12446205202624738,0.06471454848995409,8
Singapore,heavier_rain,signed_l1_seed7,0.7243975903614458,0.6180175159997321,0.6945609541007177,Infinity,0.39906404374485555,-0.19557749187119344,0.12062801379340149,8
Singapore,heavier_rain,direction_magnitude_seed42,0.7246987951807229,0.6086260798025503,0.629644691765386,Infinity,0.367479867528488,-0.15958027318456625,0.06986498352903198,8
Singapore,heavier_rain,direction_magnitude_seed2026,0.7463855421686747,0.5944903523289295,0.5835152468995627,Infinity,0.3303855957633059,-0.10825970564935217,0.08247921345867666,8
Singapore,heavier_rain,direction_magnitude_seed7,0.6855421686746987,0.614331263811428,0.7697632517634052,Infinity,0.4412416036486251,-0.2329057563357868,0.10826635872005452,8
Shanghai,household_1,s9,0.8036159600997507,0.715220811519728,0.5461815748690763,Infinity,0.32258017548159584,-0.1662514623846194,0.058909491811246995,2
Shanghai,household_1,mnl_s,0.817643391521197,0.6727055848652936,0.4798639065260944,Infinity,0.2741890058613644,-0.06659415320777862,0.04071470285388022,2
Shanghai,household_1,soft_kl_seed42,0.8086034912718204,0.5953467420507934,0.4902887261751197,Infinity,0.28384449107605014,-0.03311901459554001,0.07639370404598753,2
Shanghai,household_1,soft_kl_seed2026,0.7749376558603491,0.6735830365307555,0.5364074326375524,Infinity,0.32210637870296627,-0.15825591545303508,0.06736593600271647,2
Shanghai,household_1,soft_kl_seed7,0.7811720698254364,0.6620776112086166,0.5719269358880367,Infinity,0.34169353769949834,-0.1633233009893308,0.08405946455911767,2
Shanghai,household_1,ce_kl_seed42,0.8017456359102244,0.6401747400783832,0.5316326343992438,Infinity,0.3117472089662953,-0.089164108161912,0.07558883692080687,2
Shanghai,household_1,ce_kl_seed2026,0.7512468827930174,0.709358392291078,0.5847024371441953,Infinity,0.35376456927241223,-0.2091516387814939,0.08755397231972349,2
Shanghai,household_1,ce_kl_seed7,0.7674563591022444,0.6681974364040819,0.570723108062612,Infinity,0.343227256076498,-0.1406091222927982,0.11217305109497477,2
Shanghai,household_1,signed_l1_seed42,0.7861596009975063,0.5940741073835318,0.5060598300159556,Infinity,0.2968496530278759,-0.037108847273669254,0.09158018796447763,2
Shanghai,household_1,signed_l1_seed2026,0.8057980049875312,0.6676029930735649,0.501315533811742,Infinity,0.2945104424848967,-0.12603193067915341,0.05760266251265103,2
Shanghai,household_1,signed_l1_seed7,0.8054862842892768,0.6664019243095289,0.550785310743948,Infinity,0.32462833849705075,-0.14533268483796913,0.08036916040695008,2
Shanghai,household_1,direction_magnitude_seed42,0.809850374064838,0.6050772119261896,0.4892798082552713,Infinity,0.28242974475530086,-0.03718067536379055,0.07510697398818174,2
Shanghai,household_1,direction_magnitude_seed2026,0.8061097256857855,0.6633263860795203,0.5059200525341127,Infinity,0.29841327114442595,-0.12484066002187022,0.06365895886942936,2
Shanghai,household_1,direction_magnitude_seed7,0.80143391521197,0.6559964148707671,0.5482647784132176,Infinity,0.3229091292119436,-0.13559044331563008,0.08397150923511756,2
Shanghai,household_4,s9,0.803927680798005,0.7166686870524692,0.552846667565215,Infinity,0.3274514672944174,-0.17213851092511,0.056731989765828536,2
Shanghai,household_4,mnl_s,0.8223192019950125,0.6364795239602454,0.46545737160196854,Infinity,0.2639203530967951,-0.029038189417448734,0.041818060652118585,2
Shanghai,household_4,soft_kl_seed42,0.8026807980049875,0.5841861848043536,0.4979248937865354,Infinity,0.289430130644884,-0.029920903878737026,0.07958324323243293,2
Shanghai,household_4,soft_kl_seed2026,0.774002493765586,0.6985762439148521,0.5556911898619594,Infinity,0.3348877938733426,-0.18340067450535436,0.06561460094953223,2
Shanghai,household_4,soft_kl_seed7,0.7768079800498753,0.6770565916647718,0.5811036864227322,Infinity,0.350011612025848,-0.1781425825331796,0.08356556211161387,2
Shanghai,household_4,ce_kl_seed42,0.7951995012468828,0.6175946048593893,0.5251498044744407,Infinity,0.3075986245361585,-0.07352403562183274,0.07486162897163762,2
Shanghai,household_4,ce_kl_seed2026,0.73285536159601,0.7148799431407995,0.6152259692992097,Infinity,0.3756569127185879,-0.23307700382726743,0.08815739561087353,2
Shanghai,household_4,ce_kl_seed7,0.763715710723192,0.6837902586405664,0.5771439837811003,Infinity,0.3487822859476563,-0.16125109649938008,0.11142754536229296,2
Shanghai,household_4,signed_l1_seed42,0.7889650872817955,0.5953863879359937,0.5112948632401733,Infinity,0.3007683164296727,-0.03451610677887185,0.09468066166902128,2
Shanghai,household_4,signed_l1_seed2026,0.8051745635910225,0.6975043645089807,0.5142926648231557,Infinity,0.302897413983792,-0.14848493551370912,0.056340812031105136,2
Shanghai,household_4,signed_l1_seed7,0.7911471321695761,0.6713334571333073,0.5608868479878302,Infinity,0.33383022471122187,-0.16160110414766726,0.0797113545129583,2
Shanghai,household_4,direction_magnitude_seed42,0.8086034912718204,0.6006147930525871,0.494786824561796,Infinity,0.2864958120287806,-0.03404017628293643,0.07832387986654964,2
Shanghai,household_4,direction_magnitude_seed2026,0.7955112219451371,0.6954770164107779,0.5268088106771729,Infinity,0.31267050072100594,-0.1550011666714588,0.06388636405999168,2
Shanghai,household_4,direction_magnitude_seed7,0.786783042394015,0.6637805757949875,0.5566892461436397,Infinity,0.3309368958360365,-0.15086645790099384,0.08483846043899776,2
Shanghai,coverage_0.5,s9,0.8029925187032418,0.7194558065976887,0.5530306309302692,Infinity,0.3275598862310917,-0.17371019085246764,0.05873407012245976,2
Shanghai,coverage_0.5,mnl_s,0.8054862842892768,0.6819396854022054,0.5017374739589139,Infinity,0.28890218685555,-0.0935593804391468,0.03957665880970679,2
Shanghai,coverage_0.5,soft_kl_seed42,0.8148379052369077,0.5640616413558803,0.48483758393291554,Infinity,0.27956726765025997,-0.009651404685872667,0.07120845358833457,2
Shanghai,coverage_0.5,soft_kl_seed2026,0.7668329177057357,0.6947286695625066,0.5634976741597295,Infinity,0.34008056775661627,-0.19480368062363762,0.05604896065923869,2
Shanghai,coverage_0.5,soft_kl_seed7,0.7256857855361596,0.6968014432522781,0.642700688464739,Infinity,0.3999989475009424,-0.23513032262506162,0.08342291893379886,2
Shanghai,coverage_0.5,ce_kl_seed42,0.8067331670822943,0.6079082182415162,0.49797479464413663,Infinity,0.287363961004,-0.04843372824262737,0.06156290045039661,2
Shanghai,coverage_0.5,ce_kl_seed2026,0.7194513715710723,0.7199257914166625,0.6203108551881815,Infinity,0.3808578820297123,-0.23659124308276774,0.0960578692817646,2
Shanghai,coverage_0.5,ce_kl_seed7,0.7238154613466334,0.7154287729954687,0.6674716017535115,Infinity,0.4147488947907223,-0.23344214343346253,0.10839579555183357,2
Shanghai,coverage_0.5,signed_l1_seed42,0.7880299251870324,0.5896956314241992,0.5083377220651331,Infinity,0.2985630872843347,-0.029997964869218463,0.09340736141580308,2
Shanghai,coverage_0.5,signed_l1_seed2026,0.7902119700748129,0.6992942152278355,0.5365757453264708,Infinity,0.3188639195204322,-0.17230499331070637,0.048752474752705395,2
Shanghai,coverage_0.5,signed_l1_seed7,0.7334788029925187,0.7101806587985415,0.6284139387951089,Infinity,0.3881008098555541,-0.22619517367539876,0.08588684847195296,2
Shanghai,coverage_0.5,direction_magnitude_seed42,0.8241895261845387,0.5903948595549955,0.4804483463740435,Infinity,0.27506502036750097,-0.018127210543925187,0.06688982473989706,2
Shanghai,coverage_0.5,direction_magnitude_seed2026,0.7817955112219451,0.6900166746332771,0.5430944009726977,Infinity,0.3239570591195169,-0.1748810234965008,0.05793089805639366,2
Shanghai,coverage_0.5,direction_magnitude_seed7,0.7406483790523691,0.7009195470811753,0.6179909778322592,Infinity,0.380309285365991,-0.21096443219756023,0.09332276585357187,2
Shanghai,coverage_1.0,s9,0.8054862842892768,0.7162572209207375,0.5452303442994352,Infinity,0.3218920744603153,-0.16501388589586208,0.05778614258782161,2
Shanghai,coverage_1.0,mnl_s,0.8257481296758105,0.6458075651129079,0.4623309684740952,Infinity,0.26191425597648316,-0.029340470028083043,0.042053768572335365,2
Shanghai,coverage_1.0,soft_kl_seed42,0.8045511221945137,0.6059157953866481,0.5009489540343338,Infinity,0.2918090137965988,-0.045516525782491435,0.08325352721743873,2
Shanghai,coverage_1.0,soft_kl_seed2026,0.7874064837905237,0.6723509888718089,0.5188629667204978,Infinity,0.3091796781393843,-0.13939908591907313,0.0685155110109181,2
Shanghai,coverage_1.0,soft_kl_seed7,0.7961346633416458,0.6313169948201098,0.5420795078236196,Infinity,0.31880259345122003,-0.12535428143619676,0.08628093432644135,2
Shanghai,coverage_1.0,ce_kl_seed42,0.787718204488778,0.6429963017232228,0.5568343574847429,Infinity,0.32824515421154726,-0.10215545084735056,0.08476208368942752,2
Shanghai,coverage_1.0,ce_kl_seed2026,0.7609102244389028,0.7079819230169273,0.571785173326888,Infinity,0.34388897026675735,-0.20059202619894478,0.08269902635685436,2
Shanghai,coverage_1.0,ce_kl_seed7,0.7727556109725686,0.6450092560615871,0.5365448718692651,Infinity,0.3191828499276505,-0.10725669704518159,0.10881030404218725,2
Shanghai,coverage_1.0,signed_l1_seed42,0.7861596009975063,0.5981671044672896,0.5084026625640905,Infinity,0.2983044014896511,-0.04237276509385601,0.09172555192573521,2
Shanghai,coverage_1.0,signed_l1_seed2026,0.8163965087281796,0.6596205737829902,0.48373219792636596,Infinity,0.28186757514398963,-0.10360306606017178,0.058938781786268477,2
Shanghai,coverage_1.0,signed_l1_seed7,0.8123441396508728,0.6331181183510145,0.5245679435946324,Infinity,0.30507401137626966,-0.10855400950840655,0.08060509705873614,2
Shanghai,coverage_1.0,direction_magnitude_seed42,0.7992518703241895,0.6104293688958881,0.5021136062309584,Infinity,0.292485659731532,-0.048516482106082504,0.08470522816197017,2
Shanghai,coverage_1.0,direction_magnitude_seed2026,0.8104738154613467,0.6627113199065331,0.4963110712880449,Infinity,0.29168846933429815,-0.11238325920485492,0.06445790758901174,2
Shanghai,coverage_1.0,direction_magnitude_seed7,0.8079800498753117,0.6279981817010487,0.5269067261373909,Infinity,0.30674444155165437,-0.10583945864955535,0.08198759650686978,2
Shanghai,times_0.8,s9,0.7493765586034913,0.7160482202172036,0.617865501800472,Infinity,0.3784926400481277,-0.22223101694620517,0.05086566124235026,2
Shanghai,times_0.8,mnl_s,0.8173316708229427,0.6324619376923151,0.46257508051703206,Infinity,0.266128459853956,-0.030615341487552183,0.041633938673699855,2
Shanghai,times_0.8,soft_kl_seed42,0.7951995012468828,0.5967428419148615,0.5261672665216478,Infinity,0.3097291346896816,-0.07258582941170533,0.08396770719821765,2
Shanghai,times_0.8,soft_kl_seed2026,0.7512468827930174,0.6782909761848368,0.5643207908011147,Infinity,0.34255841581857915,-0.18446530178340237,0.06163861394216438,2
Shanghai,times_0.8,soft_kl_seed7,0.7549875311720698,0.6436997729578344,0.6126711960852603,Infinity,0.3730478967158315,-0.18382646045659168,0.08133710812888982,2
Shanghai,times_0.8,ce_kl_seed42,0.7646508728179551,0.6368865020017436,0.5832874470279082,Infinity,0.350479574568455,-0.12784841278037506,0.08014224137541674,2
Shanghai,times_0.8,ce_kl_seed2026,0.7394014962593516,0.7128075316002697,0.6053380140340304,Infinity,0.3703252682636868,-0.23294754388876854,0.07087186353106925,2
Shanghai,times_0.8,ce_kl_seed7,0.7562344139650873,0.6512158693404696,0.587295499152169,Infinity,0.3563470890715309,-0.15854988374022716,0.09602674062987043,2
Shanghai,times_0.8,signed_l1_seed42,0.78428927680798,0.5961955843154347,0.527789837855572,Infinity,0.3115729217470713,-0.06928155132385894,0.09077646482403672,2
Shanghai,times_0.8,signed_l1_seed2026,0.7846009975062345,0.6765986412106393,0.5276028833769998,Infinity,0.3131702824513073,-0.15138315268330038,0.055720664367517284,2
Shanghai,times_0.8,signed_l1_seed7,0.780860349127182,0.6479150221126806,0.5861456360395892,Infinity,0.3511344126158715,-0.16282871241177288,0.07498146425632993,2
Shanghai,times_0.8,direction_magnitude_seed42,0.7886533665835411,0.6053979977529913,0.5274779939207385,Infinity,0.3109998321548915,-0.07663021167331463,0.08433472700946532,2
Shanghai,times_0.8,direction_magnitude_seed2026,0.774002493765586,0.6767746488786589,0.5424426018640564,Infinity,0.3251872664014811,-0.16267848869163237,0.05890199283994803,2
Shanghai,times_0.8,direction_magnitude_seed7,0.7746259351620948,0.6373071370253212,0.5880682404876418,Infinity,0.3525019558654397,-0.15822637888215052,0.07946051037179472,2
Shanghai,times_1.2,s9,0.8129675810473815,0.7142844034914724,0.5244612920347346,Infinity,0.30561977632043985,-0.1462755427283422,0.06342763269837386,2
Shanghai,times_1.2,mnl_s,0.8188902743142145,0.6776007321146921,0.49301545545463826,Infinity,0.27673004831681414,-0.0737623905752639,0.041535611760079645,2
Shanghai,times_1.2,soft_kl_seed42,0.8216957605985037,0.5849110565616323,0.4759430815336039,Infinity,0.2730035105507154,-0.002309074221257812,0.07460721102320136,2
Shanghai,times_1.2,soft_kl_seed2026,0.793640897755611,0.6893205974750504,0.5273759792382501,Infinity,0.31374505518669976,-0.15208427146125925,0.06768914230845459,2
Shanghai,times_1.2,soft_kl_seed7,0.7983167082294265,0.6832087952691892,0.547209271751474,Infinity,0.3234934678458332,-0.15235297933007197,0.09156277152767961,2
Shanghai,times_1.2,ce_kl_seed42,0.810785536159601,0.6329416196590962,0.49800151543571824,Infinity,0.28492220066688917,-0.05100396042617106,0.06903563760569344,2
Shanghai,times_1.2,ce_kl_seed2026,0.7409600997506235,0.7159686335210377,0.5903997814321644,Infinity,0.3561000857767841,-0.20324013383488315,0.10460668335157737,2
Shanghai,times_1.2,ce_kl_seed7,0.7690149625935162,0.685915569195887,0.5829706600502513,Infinity,0.3492577809529192,-0.1509963592001704,0.12447844204732611,2
Shanghai,times_1.2,signed_l1_seed42,0.7883416458852868,0.5995859524600642,0.5007592873967748,Infinity,0.29226654993955753,-0.02102113204504219,0.09358473018242802,2
Shanghai,times_1.2,signed_l1_seed2026,0.817643391521197,0.676819953920649,0.48938260428614727,Infinity,0.2854523525129248,-0.11792360362190368,0.05831231566856748,2
Shanghai,times_1.2,signed_l1_seed7,0.8008104738154613,0.6832908957552389,0.5396585522467855,Infinity,0.3177087922394087,-0.14517764255237253,0.09446516750984052,2
Shanghai,times_1.2,direction_magnitude_seed42,0.8288653366583542,0.5988016637301559,0.4718914297270609,Infinity,0.2686837481966173,-0.00562599505834338,0.07101770518076529,2
Shanghai,times_1.2,direction_magnitude_seed2026,0.8079800498753117,0.669106547785676,0.4973809981219458,Infinity,0.2915811660552875,-0.11848615614367541,0.0669609623324765,2
Shanghai,times_1.2,direction_magnitude_seed7,0.7980049875311721,0.6717641691495913,0.5355435569118615,Infinity,0.3154086950986615,-0.1340149689728204,0.09942589907314807,2
Shanghai,pt_wait_more,s9,0.803927680798005,0.7197806225353242,0.550591191139458,Infinity,0.3257869876269443,-0.1710280574207308,0.05844002871553387,2
Shanghai,pt_wait_more,mnl_s,0.8148379052369077,0.6644313088495348,0.4794829361043463,Infinity,0.2747576980826033,-0.06431854888657518,0.04128531412094177,2
Shanghai,pt_wait_more,soft_kl_seed42,0.7992518703241895,0.5913811673899234,0.5011549054658091,Infinity,0.2923625573502015,-0.0401880886716921,0.08408739830523576,2
Shanghai,pt_wait_more,soft_kl_seed2026,0.75,0.6831571687790211,0.5744432218267688,Infinity,0.35113718256943194,-0.18728070397410734,0.07737070204234911,2
Shanghai,pt_wait_more,soft_kl_seed7,0.7839775561097256,0.6585722844120262,0.5645215947248546,Infinity,0.3368255597530038,-0.15423495891130068,0.0908026515455299,2
Shanghai,pt_wait_more,ce_kl_seed42,0.7964463840399002,0.6340513280755448,0.5377605936872348,Infinity,0.3162421578801103,-0.08729077962199872,0.0787511202174883,2
Shanghai,pt_wait_more,ce_kl_seed2026,0.7097880299251871,0.7120157304076945,0.6388916262916331,Infinity,0.39502424468453884,-0.2474643030888145,0.08728850731359583,2
Shanghai,pt_wait_more,ce_kl_seed7,0.7693266832917706,0.6731016210624785,0.5677312673123551,Infinity,0.3419781223590694,-0.14519293961130275,0.11202502306698073,2
Shanghai,pt_wait_more,signed_l1_seed42,0.7811720698254364,0.6030243606990157,0.5303875476008029,Infinity,0.31380047780866394,-0.046628292851461195,0.10267169614287307,2
Shanghai,pt_wait_more,signed_l1_seed2026,0.7796134663341646,0.6862768301068067,0.5350608729188605,Infinity,0.32063305510181067,-0.15732742125746746,0.06764878902617272,2
Shanghai,pt_wait_more,signed_l1_seed7,0.8029925187032418,0.6626874593093661,0.5463177665526635,Infinity,0.3222861041327668,-0.1391619363662664,0.08731019194442341,2
Shanghai,pt_wait_more,direction_magnitude_seed42,0.797069825436409,0.6030502962537901,0.5013905235959117,Infinity,0.2923372983093683,-0.04305462525841641,0.08385926041006099,2
Shanghai,pt_wait_more,direction_magnitude_seed2026,0.7696384039900249,0.6835574462503949,0.546810833362307,Infinity,0.32941692899685343,-0.16387887533691403,0.07328400086442916,2
Shanghai,pt_wait_more,direction_magnitude_seed7,0.8011221945137157,0.653229644997567,0.5453318563218705,Infinity,0.3214293824703001,-0.132785404982403,0.0877284731527196,2
Shanghai,pt_walk_more,s9,0.7761845386533666,0.7266076436620947,0.6017494671122736,Infinity,0.36428710335579007,-0.22005799774964807,0.0592294963247078,2
Shanghai,pt_walk_more,mnl_s,0.8173316708229427,0.6693904817669868,0.47830257976462015,Infinity,0.27359986846475476,-0.06344317229703511,0.04111917004191592,2
Shanghai,pt_walk_more,soft_kl_seed42,0.7964463840399002,0.5739014111157302,0.49648600471475396,Infinity,0.28911003249335726,-0.022344349262227947,0.08274796755302254,2
Shanghai,pt_walk_more,soft_kl_seed2026,0.7475062344139651,0.6892778986663471,0.5808816475577976,Infinity,0.3560531939091148,-0.1935166768111901,0.07731768819249847,2
Shanghai,pt_walk_more,soft_kl_seed7,0.7914588528678305,0.663417622023635,0.5642156823637828,Infinity,0.33547830750369295,-0.15885858362693883,0.07930441537329411,2
Shanghai,pt_walk_more,ce_kl_seed42,0.7908354114713217,0.6099287812286207,0.5350129655396287,Infinity,0.313636862671774,-0.06048947119581083,0.08660151104547857,2
Shanghai,pt_walk_more,ce_kl_seed2026,0.6982543640897756,0.7154677257636907,0.6552332389794996,Infinity,0.40813031822583545,-0.2573968065107715,0.0914940012695161,2
Shanghai,pt_walk_more,ce_kl_seed7,0.7627805486284289,0.681239673184739,0.5732713123532416,Infinity,0.3467398919516092,-0.16067468298499255,0.10590866744784205,2
Shanghai,pt_walk_more,signed_l1_seed42,0.7821072319201995,0.5855919652772964,0.510857555879855,Infinity,0.3009045368836353,-0.02800563070487616,0.09470565174987346,2
Shanghai,pt_walk_more,signed_l1_seed2026,0.7752493765586035,0.6908899977273115,0.5423625641546663,Infinity,0.3262399249476003,-0.16606555197694506,0.06685133138781676,2
Shanghai,pt_walk_more,signed_l1_seed7,0.8051745635910225,0.6645036051240464,0.5476914187448714,Infinity,0.32257648431690983,-0.14503982438917207,0.07872981937874432,2
Shanghai,pt_walk_more,direction_magnitude_seed42,0.8001870324189526,0.5930041684549472,0.49561736216220764,Infinity,0.2880369358320215,-0.025813197823905565,0.08271439541396003,2
Shanghai,pt_walk_more,direction_magnitude_seed2026,0.7643391521197007,0.6852999109524613,0.5535926363649941,Infinity,0.3351824656632564,-0.1689365654806385,0.07699053043625298,2
Shanghai,pt_walk_more,direction_magnitude_seed7,0.8008104738154613,0.6644193026687257,0.5500739836992444,Infinity,0.32432256071667875,-0.1437891481962157,0.07810443201805613,2
