city,profile,model,n_training_seeds,accuracy_mean,accuracy_sd,balanced_accuracy_mean,balanced_accuracy_sd,nll_clipped_mean,nll_clipped_sd,brier_mean,brier_sd,mean_absolute_response_bias_mean,mean_absolute_response_bias_sd,pt_bias_mean,pt_bias_sd
Singapore,taxi_for_all,s9,1,0.6692771084337349,0.0,0.7277439660202998,0.0,0.85539141334025,0.0,0.5078508649726479,0.0,0.039756638202143,0.0,-0.3085626829269689,0.0
Singapore,taxi_for_all,mnl_s,1,0.7036144578313253,0.0,0.5354822878899487,0.0,0.5887361252296884,0.0,0.35614434167972076,0.0,0.11101746808807353,0.0,-0.01354174867803315,0.0
Singapore,taxi_for_all,soft_kl,3,0.7279116465863454,0.010786048830475296,0.6252975934234484,0.027302309428529823,0.6550262660418513,0.0610811066646492,0.37655137810575035,0.03678262601525768,0.0813334769535675,0.03357915521094948,-0.17647613404079307,0.03574971086787146
Singapore,taxi_for_all,ce_kl,3,0.696987951807229,0.002677166993167307,0.6857746357609558,0.025604374195525123,0.7451722239792385,0.05394844870795452,0.43323936555853876,0.03007810290586133,0.06909177790149994,0.01665975130300787,-0.23413185358122754,0.03548264092506584
Singapore,taxi_for_all,signed_l1,3,0.7304216867469879,0.011217605090081925,0.6233007279997703,0.01724676898475362,0.6359178688757082,0.05276511050965749,0.3649406909393427,0.0326370718118741,0.0860755800131155,0.03127298571628154,-0.15740182005078437,0.03684228052609873
Singapore,taxi_for_all,direction_magnitude,3,0.7172690763052209,0.029413901097627353,0.6037810707304552,0.012612655934688157,0.6597108555244139,0.09753772950235513,0.3788108280610885,0.057034970918980486,0.08753772764639689,0.01992455638475839,-0.16523412112672584,0.0643183553074164
Singapore,missing_income_low,s9,1,0.6689759036144578,0.0,0.7281985114748453,0.0,0.8514280650554323,0.0,0.5060268242294065,0.0,0.0411855727220964,0.0,-0.3067228460196315,0.0
Singapore,missing_income_low,mnl_s,1,0.7123493975903614,0.0,0.5612844269273818,0.0,0.5845834833108248,0.0,0.35235576361920934,0.0,0.1107377794283388,0.0,-0.03492143684574833,0.0
Singapore,missing_income_low,soft_kl,3,0.7300200803212852,0.009236402114142117,0.6281050800544644,0.027295998072645333,0.6532661071403497,0.05635905226892444,0.3755721395645399,0.033393219845846096,0.08150530271755764,0.033321573164259675,-0.1754599701145656,0.03180680924002151
Singapore,missing_income_low,ce_kl,3,0.696987951807229,0.001881023493493485,0.6858692470320378,0.025460589419217354,0.7443641224770289,0.04946319177895124,0.43316410409680367,0.027459283138616918,0.06847175912483666,0.016899895460326674,-0.23401877407228147,0.03306708192221131
Singapore,missing_income_low,signed_l1,3,0.7305220883534137,0.010714314515625777,0.6250743465380949,0.020326277830308135,0.6369503750142737,0.050770553417832584,0.3657658756177842,0.03111685682841737,0.08616752073516598,0.030122362307418764,-0.1590032150083404,0.03351529903741814
Singapore,missing_income_low,direction_magnitude,3,0.7192771084337349,0.028023381565332572,0.606707164244784,0.009672460478584262,0.660094097910488,0.09470376383820595,0.3790741423545118,0.05463929251971014,0.08780908660783648,0.019553804622050294,-0.16609746499275072,0.06026417813378393
Singapore,missing_income_high,s9,1,0.6695783132530121,0.0,0.7284247558187367,0.0,0.8453273835766638,0.0,0.5023575917193632,0.0,0.04083324962867851,0.0,-0.30479828732099423,0.0
Singapore,missing_income_high,mnl_s,1,0.7108433734939759,0.0,0.5612371212918409,0.0,0.5836081711768639,0.0,0.35178542306096455,0.0,0.11059544847122109,0.0,-0.036418757305806904,0.0
Singapore,missing_income_high,soft_kl,3,0.7295180722891565,0.009662057188159922,0.6275463250839447,0.02656221084800223,0.6541695377709514,0.056177709037913116,0.37606499541656796,0.033594024530402916,0.08155827628687981,0.03354388741757739,-0.1762429653167589,0.03154833821369681
Singapore,missing_income_high,ce_kl,3,0.697289156626506,0.0013802938840228678,0.68607286694154,0.025147547821444276,0.744752663086769,0.05087919986460044,0.4333006526527747,0.028444913657213727,0.06876220237290727,0.016592546189562827,-0.23444913670008746,0.0336152559152376
Singapore,missing_income_high,signed_l1,3,0.7310240963855422,0.011816292316827117,0.6243414519816709,0.019316071001113586,0.6377440471732894,0.050847488982820835,0.3661803466310382,0.03146472333410061,0.08621319362961026,0.030450856275237033,-0.1596667222932998,0.03413065005051854
Singapore,missing_income_high,direction_magnitude,3,0.7188755020080322,0.02896947385850243,0.6060956189273563,0.010340055680000031,0.6608278181826769,0.09461610198428033,0.3794485112223265,0.05476699149989262,0.08793844950949235,0.019633876943043197,-0.16673670177463432,0.060779969808034386
Singapore,employed_office,s9,1,0.6635542168674698,0.0,0.7306542909894482,0.0,0.8548539911784263,0.0,0.5103559318283273,0.0,0.04429768842745976,0.0,-0.3091042821733168,0.0
Singapore,employed_office,mnl_s,1,0.7132530120481928,0.0,0.5364366276678179,0.0,0.584811002008886,0.0,0.352553106888684,0.0,0.1113895347973477,0.0,-0.03406751750330783,0.0
Singapore,employed_office,soft_kl,3,0.7276104417670682,0.013068031805396325,0.6269655356043865,0.022414794438447936,0.6565731467503507,0.06442233587827578,0.3768229969498876,0.040895130122661646,0.07759571273149136,0.031597952295512204,-0.1716007259457435,0.04163057793585436
Singapore,employed_office,ce_kl,3,0.6934738955823293,0.0025260533384355403,0.6713237127669411,0.015132765074179268,0.7403209697255836,0.058943838713421605,0.4308862171946631,0.03586205288319083,0.06879037401987703,0.019924837563295827,-0.22636012667147196,0.04567632884862583
Singapore,employed_office,signed_l1,3,0.7321285140562249,0.015064256492780006,0.6203029027516032,0.014362335811202363,0.6411767317871034,0.05515580863527848,0.3673477323140011,0.03605818971883931,0.08183067439864557,0.027940136188822687,-0.15628738279742405,0.04518004517444872
Singapore,employed_office,direction_magnitude,3,0.7129518072289156,0.03838796042874558,0.6134026097021993,0.00331053760525991,0.6657077824258787,0.09636682022012101,0.3816391873847349,0.05821346968817528,0.08324646903931288,0.01864023228946191,-0.16593267417944826,0.06489118701896658
Singapore,transit_pass_yes,s9,1,0.6771084337349398,0.0,0.7267806338668172,0.0,0.8161017292882502,0.0,0.48283261397403854,0.0,0.04924460930682449,0.0,-0.287538738584662,0.0
Singapore,transit_pass_yes,mnl_s,1,0.7090361445783132,0.0,0.5532157309175093,0.0,0.5840069220910945,0.0,0.35182631530880215,0.0,0.11051491439915154,0.0,-0.03261205499808428,0.0
Singapore,transit_pass_yes,soft_kl,3,0.7289156626506025,0.007790672985769587,0.6271695062803134,0.02960085515442899,0.6468159514423819,0.04517954188455707,0.37027080777001764,0.02628500513990739,0.07932095101035862,0.03465407213415145,-0.1652026701060284,0.022409646024527805
Singapore,transit_pass_yes,ce_kl,3,0.6994979919678714,0.0038729521128485923,0.6866663318441705,0.02708748183117469,0.7308794739956911,0.043219230234151626,0.4254962762184708,0.024201592414102854,0.06716723933892632,0.018334539835584165,-0.22464710468380522,0.03029836284102156
Singapore,transit_pass_yes,signed_l1,3,0.7317269076305221,0.01354528934016019,0.6137096100433994,0.013030227897246812,0.6321096189649711,0.04396586825311835,0.3618310593548653,0.027120954912005238,0.08444470574959634,0.032882527212882214,-0.14880934676630456,0.030422532670987528
Singapore,transit_pass_yes,direction_magnitude,3,0.7179718875502008,0.03224627014641904,0.6026093992646661,0.007857942900520241,0.6545101133746524,0.0889873685893737,0.37462901787004405,0.051029369690223446,0.08640955517874531,0.019402670959603664,-0.1569521183962933,0.05777120169641766
Singapore,flexible_schedule,s9,1,0.6816265060240964,0.0,0.7172773669558895,0.0,0.8129195704905937,0.0,0.47511773648246103,0.0,0.0400594086217952,0.0,-0.28262823099966145,0.0
Singapore,flexible_schedule,mnl_s,1,0.7099397590361446,0.0,0.4843048128342246,0.0,0.5781383862330983,0.0,0.3480366690525298,0.0,0.1127376077768252,0.0,0.010006148542424764,0.0
Singapore,flexible_schedule,soft_kl,3,0.7313253012048193,0.011266026632087362,0.5971334411142893,0.018849157122572867,0.6395894392037644,0.0706191965646428,0.3677211921838764,0.041706769843036354,0.08381425276357517,0.029188970950732116,-0.15558217545086703,0.0495058986365441
Singapore,flexible_schedule,ce_kl,3,0.7149598393574297,0.019437242766099427,0.6463965286879104,0.028784321229814704,0.7016301513050354,0.0861615397742239,0.40572524449844205,0.04731169643251287,0.06104839806090553,0.013689878071606685,-0.19749530643361699,0.061245278787313374
Singapore,flexible_schedule,signed_l1,3,0.732831325301205,0.013311072165050801,0.5858340906699319,0.030802350774289326,0.6242723504809673,0.06672739802364104,0.3594537013542354,0.03901697617554212,0.08894286660784222,0.026485380166205386,-0.13831634172201004,0.055649344057011066
Singapore,flexible_schedule,direction_magnitude,3,0.7186746987951808,0.03400681111492837,0.5730315785445744,0.05433920059267141,0.6517366131496873,0.10494975311703883,0.3763957376117713,0.05770163804496595,0.08918023701681455,0.01994463212147729,-0.14500431357721613,0.08415435023855031
Singapore,commute_morning,s9,1,0.6783132530120481,0.0,0.7160577042656386,0.0,0.8115095181229832,0.0,0.48035663950629537,0.0,0.03832826646583447,0.0,-0.2872565793518695,0.0
Singapore,commute_morning,mnl_s,1,0.7201807228915663,0.0,0.5763193919623468,0.0,0.5889871605474066,0.0,0.35427284055634706,0.0,0.11018371468701504,0.0,-0.057098843002609034,0.0
Singapore,commute_morning,soft_kl,3,0.7285140562248996,0.01890005239283555,0.5876424031964387,0.03050307712596135,0.6433566635836837,0.06979199770884242,0.36889179562520186,0.04375124241354273,0.07641938785408964,0.03783374361131867,-0.1495853721503594,0.06150684429574741
Singapore,commute_morning,ce_kl,3,0.7053212851405624,0.010193606543371135,0.6481321528448751,0.013158854061925674,0.7259932114158657,0.06517304487064578,0.418149592111919,0.03908800195609823,0.07266032939321403,0.015465777931864749,-0.20899737170828692,0.04030141025052528
Singapore,commute_morning,signed_l1,3,0.7318273092369477,0.014955458780213243,0.5817309206980888,0.035345925601994774,0.6342090416711169,0.06354738487689852,0.363854673633851,0.04038694226946406,0.0832118303604783,0.03580786269075601,-0.136384300848125,0.0663832133874952
Singapore,commute_morning,direction_magnitude,3,0.7170682730923694,0.03143131581831629,0.5727252000165817,0.052565167276680966,0.6559265128411434,0.09894415656635701,0.3762372067921627,0.05590388997269183,0.08775084897682695,0.027967679073989973,-0.14210153264768488,0.0879299977256523
Singapore,other_midday,s9,1,0.6599397590361445,0.0,0.7432956578305416,0.0,0.8690353660965168,0.0,0.5190184880999886,0.0,0.03442409285624702,0.0,-0.31793297192036923,0.0
Singapore,other_midday,mnl_s,1,0.7216867469879518,0.0,0.6123094142519586,0.0,0.6044400613425737,0.0,0.358772330663369,0.0,0.10999241508299025,0.0,-0.0812000842284617,0.0
Singapore,other_midday,soft_kl,3,0.7287148594377509,0.0018403918453637875,0.623558939920089,0.020903070489434253,0.6354802735541828,0.031621489483642545,0.36296253667867845,0.015055445677069073,0.07826632424725227,0.029496196755132202,-0.16028749596544473,0.017725510239306314
Singapore,other_midday,ce_kl,3,0.704016064257028,0.00632051836768563,0.6786817241126406,0.018276778581009043,0.7088425867188087,0.021884640497654387,0.41264010040551624,0.008796647933951698,0.06611746919189905,0.01954362644804888,-0.21461421142460355,0.022752476319899708
Singapore,other_midday,signed_l1,3,0.7355421686746988,0.006888311220499537,0.6164012321467862,0.016057046193737403,0.6212081755236089,0.02605091937602523,0.3548417048338494,0.01450070790153748,0.08462094635586721,0.028718261791467838,-0.14698260440939961,0.011513787834441262
Singapore,other_midday,direction_magnitude,3,0.7189759036144578,0.02925875769778525,0.5942486583184258,0.009165509288883707,0.6385401800676883,0.061220759388228026,0.36477659385637945,0.032959479213126884,0.08677187111363353,0.01863366640386739,-0.1500921911747011,0.032323568007165814
Singapore,accessibility_lower,s9,1,0.6695783132530121,0.0,0.7340124649632174,0.0,0.8613127716320169,0.0,0.5120226311944935,0.0,0.04085120528667089,0.0,-0.31199562706569406,0.0
Singapore,accessibility_lower,mnl_s,1,0.7120481927710843,0.0,0.6181005041470157,0.0,0.61649714217456,0.0,0.3672350021060941,0.0,0.11006384740204553,0.0,-0.09398885660035838,0.0
Singapore,accessibility_lower,soft_kl,3,0.7133534136546184,0.010794456820966447,0.6474100204401162,0.0475862215411317,0.6806815409312034,0.07340104807217568,0.39382157204139806,0.04427414831018695,0.08345228513874801,0.03222922180534794,-0.19391119809499582,0.051511779470583406
Singapore,accessibility_lower,ce_kl,3,0.6773092369477912,0.019299058787984866,0.6962635084933306,0.03163697595693248,0.7882907123704572,0.08422337181733675,0.4577144086564792,0.043793813027428186,0.07421707956309255,0.007484434472937847,-0.255540069658543,0.05501468706718214
Singapore,accessibility_lower,signed_l1,3,0.7214859437751003,0.011279440170154162,0.6419108479299998,0.043179299378779706,0.6622224032181018,0.0575417374701341,0.3823751175628949,0.0353868510015257,0.08584952964690555,0.02328309551436032,-0.18050631723370414,0.03647033939892337
Singapore,accessibility_lower,direction_magnitude,3,0.7218875502008032,0.014483953977551348,0.6337770209726434,0.027260319717974074,0.6663864956291854,0.06642591327897929,0.3837088471248206,0.0385698417265996,0.08760231162297977,0.015091237691914396,-0.18215470192935235,0.047923647700629415
Singapore,accessibility_upper,s9,1,0.6710843373493975,0.0,0.7261965121062248,0.0,0.8421554849552427,0.0,0.5005813856299339,0.0,0.03919585365577634,0.0,-0.30302101366042367,0.0
Singapore,accessibility_upper,mnl_s,1,0.7102409638554217,0.0,0.5120361990950226,0.0,0.5817085315613175,0.0,0.34965473764772736,0.0,0.11155648700439043,0.0,0.002463146577437292,0.0
Singapore,accessibility_upper,soft_kl,3,0.7190763052208836,0.027975318148490587,0.6314748133763181,0.02186089814346935,0.6896401431210287,0.1265925941892657,0.39838957577125744,0.0782308796241445,0.09283877116035162,0.048465573780577705,-0.194844210738116,0.07864425461156456
Singapore,accessibility_upper,ce_kl,3,0.6936746987951808,0.019090303466856414,0.6823698257966383,0.022393089444746984,0.7763539500655178,0.11513105076160161,0.45020503575182863,0.06638593428128878,0.06651374369038711,0.016217045399495297,-0.24665391230614417,0.06735960331772853
Singapore,accessibility_upper,signed_l1,3,0.7245983935742971,0.019014908596241126,0.6183691115086464,0.01411902651731788,0.6815599830563296,0.11377588747372466,0.3924982276036055,0.06910092798595659,0.10018352425991965,0.04678296453897568,-0.18314409817790564,0.08049841902466215
Singapore,accessibility_upper,direction_magnitude,3,0.7077309236947791,0.04606005082283242,0.6035430757113384,0.045800673806526984,0.7164989066224038,0.1856625863183341,0.41183180152691506,0.105333006025886,0.09757554948960624,0.033803605271020026,-0.18984691557030509,0.11297323589525086
Singapore,delay_in_vehicle,s9,1,0.6692771084337349,0.0,0.728311633646791,0.0,0.8499044783968616,0.0,0.5052221814901768,0.0,0.0397931329535702,0.0,-0.30669502644934293,0.0
Singapore,delay_in_vehicle,mnl_s,1,0.7117469879518072,0.0,0.5570351467957487,0.0,0.5819679801406421,0.0,0.35047309956949396,0.0,0.11019316953580852,0.0,-0.037939266169636165,0.0
Singapore,delay_in_vehicle,soft_kl,3,0.7292168674698796,0.009395466241254384,0.6271534826322788,0.025430843656623455,0.6601202967511294,0.06835840413119047,0.37974927343565074,0.040506221213895806,0.0881837878653024,0.04207563614827087,-0.17897239515228738,0.037914020055350946
Singapore,delay_in_vehicle,ce_kl,3,0.696987951807229,0.0026085102523627354,0.6857746357609559,0.025195036852636007,0.7462246899688528,0.05109190458145449,0.4339242332363454,0.029322798802790814,0.0672201429643803,0.013781450061261646,-0.23537373584828403,0.03401086036385131
Singapore,delay_in_vehicle,signed_l1,3,0.7305220883534137,0.011655238442515245,0.6242434127659845,0.01947381266788078,0.6448581414384068,0.06120889798863622,0.3702408779485085,0.03723507507161655,0.089894462064896,0.040784668328058306,-0.1634451332535729,0.03845767285104523
Singapore,delay_in_vehicle,direction_magnitude,3,0.7185742971887551,0.03094406177465337,0.6074633688245179,0.006998661242390984,0.6680769345131597,0.10399259238915436,0.38348863930928845,0.06083130493801309,0.08572030818084232,0.02615452595496403,-0.17058427880492885,0.06163770369930836
Singapore,heavier_rain,s9,1,0.6762048192771084,0.0,0.7303581165756268,0.0,0.8433230227812359,0.0,0.4998739557496002,0.0,0.038841346995792836,0.0,-0.30368470198878766,0.0
Singapore,heavier_rain,mnl_s,1,0.7132530120481928,0.0,0.5635242459319066,0.0,0.5810509268240472,0.0,0.35006927169661833,0.0,0.10569366844888957,0.0,-0.03580300813772974,0.0
Singapore,heavier_rain,soft_kl,3,0.7288152610441766,0.010277809926293551,0.6263650553732634,0.026754347126317773,0.6544611000997058,0.0584596394874811,0.3764660303771492,0.035468772747366525,0.08105361224133446,0.033796621956395066,-0.17651514871210514,0.033144164464519454
Singapore,heavier_rain,ce_kl,3,0.6970883534136546,0.0025617170325648434,0.6857218454140478,0.025394347303812532,0.7449039636446183,0.05359831160632464,0.43331932836330633,0.030138588458881652,0.06832308284082754,0.017778194139756988,-0.23435969996029024,0.03523999867903891
Singapore,heavier_rain,signed_l1,3,0.7310240963855422,0.012002927015163388,0.6247898271359283,0.019673193529237347,0.6379843587015842,0.05257596158262487,0.36648973693893744,0.032718660474067615,0.0856542667259937,0.030484329982627283,-0.15975456349018688,0.03556068689809674
Singapore,heavier_rain,direction_magnitude,3,0.7188755020080322,0.03083686239005509,0.605815898647636,0.010214611138298982,0.6609743968094512,0.0969960960170644,0.3797023556468064,0.0564296511855187,0.08687018523592105,0.019573627129426934,-0.1669152450565684,0.06264591644475803
Shanghai,household_1,s9,1,0.8036159600997507,0.0,0.715220811519728,0.0,0.5461815748690763,0.0,0.32258017548159584,0.0,0.058909491811246995,0.0,-0.1662514623846194,0.0
Shanghai,household_1,mnl_s,1,0.817643391521197,0.0,0.6727055848652936,0.0,0.4798639065260944,0.0,0.2741890058613644,0.0,0.04071470285388022,0.0,-0.06659415320777862,0.0
Shanghai,household_1,soft_kl,3,0.7882377389858686,0.01791060800200766,0.6436691299300552,0.04224196468828357,0.5328743649002363,0.04093362000861762,0.3158814691595049,0.029422613291967763,0.07593970153594055,0.008356019544328047,-0.11823274367930196,0.07375418468094799
Shanghai,household_1,ce_kl,3,0.7734829592684954,0.025783152421126627,0.6725768562578477,0.034799122432375325,0.5623527265353503,0.027507243701086412,0.3362463447717352,0.021861255310645734,0.09177195344516838,0.018653275992873315,-0.14630828974540136,0.060196447223120106
Shanghai,household_1,signed_l1,3,0.7991479634247715,0.01124933159591827,0.6426930082555419,0.04210948566588934,0.5193868915238818,0.027295102743122128,0.3053294780032745,0.01675417824782152,0.07651733696135958,0.0173131587773399,-0.1028244875969306,0.05772381497351808
Shanghai,household_1,direction_magnitude,3,0.8057980049875312,0.0042168794446598495,0.6414666709588257,0.03172659241072406,0.5144882130675339,0.030411621254519017,0.3012507150372235,0.0203883166882593,0.07424581403090956,0.010183620325977482,-0.09920392623376362,0.053981961770348905
Shanghai,household_4,s9,1,0.803927680798005,0.0,0.7166686870524692,0.0,0.552846667565215,0.0,0.3274514672944174,0.0,0.056731989765828536,0.0,-0.17213851092511,0.0
Shanghai,household_4,mnl_s,1,0.8223192019950125,0.0,0.6364795239602454,0.0,0.46545737160196854,0.0,0.2639203530967951,0.0,0.041818060652118585,0.0,-0.029038189417448734,0.0
Shanghai,household_4,soft_kl,3,0.7844970906068163,0.015809905103433212,0.6532730067946592,0.06079075248572947,0.5449065900237424,0.042625210631229864,0.3247765121813582,0.031531055876215394,0.07625446876452634,0.00942707835197528,-0.13048805363909033,0.08713337816811625
Shanghai,household_4,ce_kl,3,0.7639235245220283,0.03117258935560412,0.6720882688802517,0.04968713801775048,0.5725065858515835,0.04521678849777207,0.3440126077341343,0.03427892968393359,0.09148218998160136,0.01850830228783334,-0.15595071198282676,0.07990843492903989
Shanghai,household_4,signed_l1,3,0.7950955943474648,0.008796564427804193,0.6547414031927605,0.05304236491065218,0.528824792017053,0.027806982547332725,0.3124986517082289,0.018504331092618672,0.0769109427376949,0.01932272618311868,-0.11486738214674941,0.06989459249356829
Shanghai,household_4,direction_magnitude,3,0.796965918536991,0.010982718422048031,0.6532907950861174,0.04829323948136998,0.5260949604608696,0.03095738419218529,0.31003440286194106,0.02233750750269177,0.07568290145517968,0.010722810307740294,-0.11330260028512969,0.0686743973266729
Shanghai,coverage_0.5,s9,1,0.8029925187032418,0.0,0.7194558065976887,0.0,0.5530306309302692,0.0,0.3275598862310917,0.0,0.05873407012245976,0.0,-0.17371019085246764,0.0
Shanghai,coverage_0.5,mnl_s,1,0.8054862842892768,0.0,0.6819396854022054,0.0,0.5017374739589139,0.0,0.28890218685555,0.0,0.03957665880970679,0.0,-0.0935593804391468,0.0
Shanghai,coverage_0.5,soft_kl,3,0.7691188694929343,0.044619998806187534,0.6518639180568884,0.0760460646128551,0.5636786488524613,0.07893170786816865,0.3398822609692729,0.0602160848287295,0.07022677772712403,0.013713357120949735,-0.14652846931152397,0.1202416634498159
Shanghai,coverage_0.5,ce_kl,3,0.75,0.04918079406925966,0.6810875942178823,0.06341507387749318,0.5952524171952766,0.08748277482482683,0.3609902459414782,0.06597554517973142,0.08867218842799825,0.024274291486072616,-0.17282237158628588,0.10773523171092744
Shanghai,coverage_0.5,signed_l1,3,0.770573566084788,0.032143528378613985,0.6663901684835254,0.06664208636036849,0.5577758020622375,0.06278261112956221,0.33517593888677366,0.04694478056894171,0.07601556154682047,0.02390808346338626,-0.1428327106184412,0.10136467713732222
Shanghai,coverage_0.5,direction_magnitude,3,0.7822111388196177,0.04177212438654108,0.6604436937564827,0.06090851776758618,0.5471779083930001,0.06886218223198701,0.3264437882843363,0.052666181703465764,0.07271449621662086,0.01840084712457703,-0.13465755541266208,0.10251826204287696
Shanghai,coverage_1.0,s9,1,0.8054862842892768,0.0,0.7162572209207375,0.0,0.5452303442994352,0.0,0.3218920744603153,0.0,0.05778614258782161,0.0,-0.16501388589586208,0.0
Shanghai,coverage_1.0,mnl_s,1,0.8257481296758105,0.0,0.6458075651129079,0.0,0.4623309684740952,0.0,0.26191425597648316,0.0,0.042053768572335365,0.0,-0.029340470028083043,0.0
Shanghai,coverage_1.0,soft_kl,3,0.7960307564422279,0.008572791493072876,0.6365279263595223,0.03352273987883479,0.5206304761928171,0.020622164800388587,0.3065970951290677,0.013680849275409671,0.0793499908515994,0.009504249760738976,-0.10342329771258711,0.050638027309164044
Shanghai,coverage_1.0,ce_kl,3,0.7737946799667498,0.01343416156184037,0.6653291602672456,0.036952085515266304,0.555054800893632,0.017687420047925572,0.3304389914686517,0.012498311365364601,0.09209047136282304,0.01451649596179541,-0.1366680580304923,0.0554185073598497
Shanghai,coverage_1.0,signed_l1,3,0.8049667497921863,0.016413014900486814,0.6303019322004314,0.03082337426467114,0.5055676013616963,0.02056496316765062,0.2950819960033035,0.011934093743956944,0.07708981025691328,0.01667366201585181,-0.08484328022081145,0.03686375525660154
Shanghai,coverage_1.0,direction_magnitude,3,0.8059019118869494,0.005892538187347393,0.6337129568344899,0.026605348926282107,0.5084438012187981,0.016250447697006065,0.29697285687249486,0.008471822619061929,0.07705024408595056,0.010989612563339258,-0.08891306665349759,0.03513713653315003
Shanghai,times_0.8,s9,1,0.7493765586034913,0.0,0.7160482202172036,0.0,0.617865501800472,0.0,0.3784926400481277,0.0,0.05086566124235026,0.0,-0.22223101694620517,0.0
Shanghai,times_0.8,mnl_s,1,0.8173316708229427,0.0,0.6324619376923151,0.0,0.46257508051703206,0.0,0.266128459853956,0.0,0.041633938673699855,0.0,-0.030615341487552183,0.0
Shanghai,times_0.8,soft_kl,3,0.76714463840399,0.024368106397996338,0.6395778636858442,0.04093002751969964,0.5677197511360076,0.04335201443999161,0.34177848240803077,0.03166658535782975,0.07564780975642395,0.012203408883897482,-0.14695919721723313,0.06441001792122442
Shanghai,times_0.8,ce_kl,3,0.7534289276807979,0.012856353258916013,0.6669699676474942,0.04033787790558171,0.5919736534047025,0.011746093892470982,0.3590506439678909,0.010195332087257605,0.08234694851211881,0.012721537274752483,-0.1731152801364569,0.0540422974999148
Shanghai,times_0.8,signed_l1,3,0.7832502078137988,0.002075538690299062,0.6402364158795849,0.04074780527569034,0.5471794524240536,0.033745834367577714,0.32529253893808335,0.022393966077694446,0.07382619781596131,0.017556430924963323,-0.12783113880631072,0.05102735398929152
Shanghai,times_0.8,direction_magnitude,3,0.7790939318370741,0.008284579910755445,0.6398265945523237,0.03575496232904733,0.5526629454241455,0.031561623241275615,0.3295630181406041,0.02109424022294332,0.07423241007373602,0.013498361618331838,-0.13251169308236585,0.04844595229522817
Shanghai,times_1.2,s9,1,0.8129675810473815,0.0,0.7142844034914724,0.0,0.5244612920347346,0.0,0.30561977632043985,0.0,0.06342763269837386,0.0,-0.1462755427283422,0.0
Shanghai,times_1.2,mnl_s,1,0.8188902743142145,0.0,0.6776007321146921,0.0,0.49301545545463826,0.0,0.27673004831681414,0.0,0.041535611760079645,0.0,-0.0737623905752639,0.0
Shanghai,times_1.2,soft_kl,3,0.8045511221945137,0.015030627744689731,0.652480149768624,0.058596290831094716,0.5168427775077761,0.036782179395239215,0.30341401119441613,0.02678351730810536,0.07795304161977852,0.01228346367316656,-0.10224877500419634,0.08655042400483752
Shanghai,times_1.2,ce_kl,3,0.7735868661679136,0.03513651404374418,0.6782752741253403,0.042037505150538126,0.557123985639378,0.051336125909185785,0.3300933557988641,0.039268679959904226,0.09937358766819897,0.02808941275484103,-0.13508015115374153,0.07735604296022884
Shanghai,times_1.2,signed_l1,3,0.802265170407315,0.014704937298698678,0.6532322673786507,0.04657159649738003,0.5099334813099025,0.026363651327195807,0.2984758982306303,0.0170010729251703,0.08212073778694534,0.020623397278261974,-0.09470745940643947,0.06525298299322516
Shanghai,times_1.2,direction_magnitude,3,0.8116167913549459,0.015748323831607,0.6465574602218077,0.041379074563631005,0.5016053282536227,0.032035637149642485,0.2918912031168554,0.02336401630679905,0.07913485552879662,0.017689237595876213,-0.08604237339161307,0.07007411387345779
Shanghai,pt_wait_more,s9,1,0.803927680798005,0.0,0.7197806225353242,0.0,0.550591191139458,0.0,0.3257869876269443,0.0,0.05844002871553387,0.0,-0.1710280574207308,0.0
Shanghai,pt_wait_more,mnl_s,1,0.8148379052369077,0.0,0.6644313088495348,0.0,0.4794829361043463,0.0,0.2747576980826033,0.0,0.04128531412094177,0.0,-0.06431854888657518,0.0
Shanghai,pt_wait_more,soft_kl,3,0.7777431421446384,0.02521086314912188,0.6443702068603235,0.047507713719261914,0.5467065740058108,0.039759596969423584,0.3267750998908791,0.0306491916695267,0.08408691729770491,0.006715974764509306,-0.12723458385236672,0.07717398887655354
Shanghai,pt_wait_more,ce_kl,3,0.758520365752286,0.044328320050966104,0.6730562265152393,0.03898222098920248,0.5814611624304077,0.0519447201732044,0.3510815083079062,0.040172229551211594,0.09268821686602162,0.017281660804080255,-0.159982674107372,0.08110451029253436
Shanghai,pt_wait_more,signed_l1,3,0.7879260182876143,0.01307122363404934,0.6506628833717295,0.0429090460798628,0.5372553956907756,0.008188706650680284,0.3189065456810805,0.004498565283841008,0.08587689237115641,0.01755539137918322,-0.11437255015839835,0.059367158504382664
Shanghai,pt_wait_more,direction_magnitude,3,0.78927680798005,0.01712762701722714,0.646612462500584,0.04065944697475286,0.5311777377600297,0.025807081179703543,0.3143945365921739,0.01951516193570564,0.08162391147573657,0.007477184200314756,-0.1132396351925778,0.06273876544263096
Shanghai,pt_walk_more,s9,1,0.7761845386533666,0.0,0.7266076436620947,0.0,0.6017494671122736,0.0,0.36428710335579007,0.0,0.0592294963247078,0.0,-0.22005799774964807,0.0
Shanghai,pt_walk_more,mnl_s,1,0.8173316708229427,0.0,0.6693904817669868,0.0,0.47830257976462015,0.0,0.27359986846475476,0.0,0.04111917004191592,0.0,-0.06344317229703511,0.0
Shanghai,pt_walk_more,soft_kl,3,0.7784704904405654,0.02693153783686932,0.6421989772685708,0.06054425351600781,0.5471944448787781,0.04469841190538364,0.326880511302055,0.034289769461571425,0.07979002370627171,0.0027475161643066583,-0.12490653656678563,0.09049611900138835
Shanghai,pt_walk_more,ce_kl,3,0.7506234413965087,0.047472718752482754,0.6688787267256835,0.05384433072679863,0.58783917229079,0.06141982940272099,0.35616902428307284,0.047947207301677515,0.09466805992094557,0.010037308320878015,-0.15952032023052495,0.09845874308681919
Shanghai,pt_walk_more,signed_l1,3,0.7875103906899418,0.01567720632796535,0.6469951893762181,0.05478893479490371,0.533637179593131,0.019906848449709906,0.3165736487160485,0.013692917823683587,0.08009560083881152,0.01397729623194411,-0.11303700235699776,0.07438595921899328
Shanghai,pt_walk_more,direction_magnitude,3,0.7884455527847049,0.020879082464514705,0.6475744606920447,0.04839873497010408,0.5330946607421487,0.0325039406962154,0.31584732073731886,0.024689016086060812,0.0792697859560897,0.003034665536994665,-0.11284630383358658,0.07641445743632878
