kind,repeat,profile,contrast,human,model,bias,n
original,0,survey_options,rain,0.04672897196261682,0.024719336426982257,-0.022009635535634568,321
original,0,survey_options,delay,-0.14641744548286603,-0.11821393339352165,0.028203512089344386,321
original,0,survey_options,rain_delay_interaction,0.09375,-0.007448564167134464,-0.10119856416713446,320
original,0,survey_options,fare,-0.059190031152647975,-0.0027120384471810122,0.05647799270546696,321
original,0,survey_options,parking,-0.09345794392523364,-0.1601914686913895,-0.06673352476615586,321
original,0,survey_options,road,-0.09345794392523364,-0.2530788123546708,-0.15962086842943715,321
original,0,survey_options,walk_vs_wait,0.01875,-0.01856846404261887,-0.03731846404261887,320
original,0,survey_options,transfer_vs_wait,0.024922118380062305,-0.009105605029753435,-0.03402772340981574,321
original,0,ownership,rain,0.04672897196261682,0.01721137840985509,-0.02951759355276173,321
original,0,ownership,delay,-0.14641744548286603,-0.2551214173537711,-0.10870397187090505,321
original,0,ownership,rain_delay_interaction,0.09375,0.07653763528069249,-0.017212364719307517,320
original,0,ownership,fare,-0.059190031152647975,0.0005575650577604585,0.059747596210408434,321
original,0,ownership,parking,-0.09345794392523364,-0.0762227801402967,0.017235163784936954,321
original,0,ownership,road,-0.09345794392523364,-0.12642323210649772,-0.03296528818126408,321
original,0,ownership,walk_vs_wait,0.01875,-0.029234540602192282,-0.04798454060219228,320
original,0,ownership,transfer_vs_wait,0.024922118380062305,-0.016118269239630653,-0.04104038761969296,321
permutation,0,survey_options,rain,0.04672897196261682,0.024887848831132937,-0.021841123131483887,321
permutation,0,survey_options,delay,-0.14641744548286603,-0.11823436578973617,0.028183079693129873,321
permutation,0,survey_options,rain_delay_interaction,0.09375,-0.007819258235394954,-0.10156925823539495,320
permutation,0,survey_options,fare,-0.059190031152647975,-0.0026322679588356495,0.056557763193812324,321
permutation,0,survey_options,parking,-0.09345794392523364,-0.15996444362543547,-0.06650649970020182,321
permutation,0,survey_options,road,-0.09345794392523364,-0.2531135577876759,-0.15965561386244226,321
permutation,0,survey_options,walk_vs_wait,0.01875,-0.016747200209647418,-0.03549720020964742,320
permutation,0,survey_options,transfer_vs_wait,0.024922118380062305,-0.011597140950391598,-0.036519259330453906,321
permutation,0,ownership,rain,0.04672897196261682,0.02038835446318362,-0.026340617499433203,321
permutation,0,ownership,delay,-0.14641744548286603,-0.25904558879262374,-0.11262814330975772,321
permutation,0,ownership,rain_delay_interaction,0.09375,0.07531028685043566,-0.01843971314956434,320
permutation,0,ownership,fare,-0.059190031152647975,0.0008788663557385358,0.06006889750838651,321
permutation,0,ownership,parking,-0.09345794392523364,-0.07403030768733158,0.01942763623790206,321
permutation,0,ownership,road,-0.09345794392523364,-0.12519408875026064,-0.031736144825027,321
permutation,0,ownership,walk_vs_wait,0.01875,-0.028791608870960772,-0.047541608870960775,320
permutation,0,ownership,transfer_vs_wait,0.024922118380062305,-0.016930911980128364,-0.04185303036019067,321
permutation,1,survey_options,rain,0.04672897196261682,0.02455694060134368,-0.022172031361273145,321
permutation,1,survey_options,delay,-0.14641744548286603,-0.11864645977002623,0.027770985712839806,321
permutation,1,survey_options,rain_delay_interaction,0.09375,-0.0074397346936166285,-0.10118973469361663,320
permutation,1,survey_options,fare,-0.059190031152647975,-0.0029100449842827344,0.05627998616836524,321
permutation,1,survey_options,parking,-0.09345794392523364,-0.15906443898319456,-0.06560649505796091,321
permutation,1,survey_options,road,-0.09345794392523364,-0.2522453457143193,-0.1587874017890856,321
permutation,1,survey_options,walk_vs_wait,0.01875,-0.018293380161048846,-0.03704338016104884,320
permutation,1,survey_options,transfer_vs_wait,0.024922118380062305,-0.009850858487304869,-0.034772976867367175,321
permutation,1,ownership,rain,0.04672897196261682,0.019498631102830823,-0.027230340859786,321
permutation,1,ownership,delay,-0.14641744548286603,-0.2583041490371864,-0.11188670355432037,321
permutation,1,ownership,rain_delay_interaction,0.09375,0.07628200743638444,-0.01746799256361555,320
permutation,1,ownership,fare,-0.059190031152647975,0.001065731918978914,0.06025576307162689,321
permutation,1,ownership,parking,-0.09345794392523364,-0.07553843054862408,0.017919513376609558,321
permutation,1,ownership,road,-0.09345794392523364,-0.12580970264507046,-0.03235175871983681,321
permutation,1,ownership,walk_vs_wait,0.01875,-0.028688615118153394,-0.04743861511815339,320
permutation,1,ownership,transfer_vs_wait,0.024922118380062305,-0.01721161145519616,-0.04213372983525847,321
permutation,2,survey_options,rain,0.04672897196261682,0.025465197652299827,-0.021263774310316993,321
permutation,2,survey_options,delay,-0.14641744548286603,-0.11884592816732661,0.027571517315539428,321
permutation,2,survey_options,rain_delay_interaction,0.09375,-0.008341332885902376,-0.10209133288590237,320
permutation,2,survey_options,fare,-0.059190031152647975,-0.002962135776552456,0.056227895376095516,321
permutation,2,survey_options,parking,-0.09345794392523364,-0.15969374879753664,-0.06623580487230299,321
permutation,2,survey_options,road,-0.09345794392523364,-0.25284153812150023,-0.15938359419626658,321
permutation,2,survey_options,walk_vs_wait,0.01875,-0.017249980775522998,-0.035999980775523,320
permutation,2,survey_options,transfer_vs_wait,0.024922118380062305,-0.011375128671619751,-0.03629724705168206,321
permutation,2,ownership,rain,0.04672897196261682,0.019709273337203764,-0.027019698625413056,321
permutation,2,ownership,delay,-0.14641744548286603,-0.255719622373697,-0.10930217689083094,321
permutation,2,ownership,rain_delay_interaction,0.09375,0.07353909925150219,-0.020210900748497806,320
permutation,2,ownership,fare,-0.059190031152647975,0.00040183277841297635,0.05959186393106095,321
permutation,2,ownership,parking,-0.09345794392523364,-0.07523565712701123,0.018222286798222413,321
permutation,2,ownership,road,-0.09345794392523364,-0.12569605066467113,-0.03223810673943747,321
permutation,2,ownership,walk_vs_wait,0.01875,-0.02777924344409257,-0.04652924344409257,320
permutation,2,ownership,transfer_vs_wait,0.024922118380062305,-0.01732354146947742,-0.04224565984953972,321
permutation,3,survey_options,rain,0.04672897196261682,0.025073051615110437,-0.021655920347506383,321
permutation,3,survey_options,delay,-0.14641744548286603,-0.11785327749924496,0.028564167983621082,321
permutation,3,survey_options,rain_delay_interaction,0.09375,-0.0077777703845640644,-0.10152777038456406,320
permutation,3,survey_options,fare,-0.059190031152647975,-0.0030258070457018795,0.056164224106946097,321
permutation,3,survey_options,parking,-0.09345794392523364,-0.15991458745029208,-0.06645664352505842,321
permutation,3,survey_options,road,-0.09345794392523364,-0.25309497280905136,-0.1596370288838177,321
permutation,3,survey_options,walk_vs_wait,0.01875,-0.018016392807476224,-0.03676639280747622,320
permutation,3,survey_options,transfer_vs_wait,0.024922118380062305,-0.00916885339141449,-0.0340909717714768,321
permutation,3,ownership,rain,0.04672897196261682,0.0192050756277325,-0.027523896334884324,321
permutation,3,ownership,delay,-0.14641744548286603,-0.2565607176165204,-0.11014327213365434,321
permutation,3,ownership,rain_delay_interaction,0.09375,0.07619696413457859,-0.017553035865421406,320
permutation,3,ownership,fare,-0.059190031152647975,0.0003503666047552293,0.059540397757403205,321
permutation,3,ownership,parking,-0.09345794392523364,-0.07524972326612547,0.01820822065910818,321
permutation,3,ownership,road,-0.09345794392523364,-0.12620514543071343,-0.03274720150547978,321
permutation,3,ownership,walk_vs_wait,0.01875,-0.027519941073842348,-0.046269941073842344,320
permutation,3,ownership,transfer_vs_wait,0.024922118380062305,-0.016516491991244373,-0.04143861037130668,321
permutation,4,survey_options,rain,0.04672897196261682,0.02439465814754599,-0.022334313815070832,321
permutation,4,survey_options,delay,-0.14641744548286603,-0.11943315162477185,0.026984293858094192,321
permutation,4,survey_options,rain_delay_interaction,0.09375,-0.00714263241388835,-0.10089263241388835,320
permutation,4,survey_options,fare,-0.059190031152647975,-0.003050859193564204,0.05613917195908377,321
permutation,4,survey_options,parking,-0.09345794392523364,-0.15911850198592722,-0.0656605580606936,321
permutation,4,survey_options,road,-0.09345794392523364,-0.2521699534531834,-0.15871200952794973,321
permutation,4,survey_options,walk_vs_wait,0.01875,-0.01808091622660868,-0.03683091622660868,320
permutation,4,survey_options,transfer_vs_wait,0.024922118380062305,-0.009993584432009596,-0.0349157028120719,321
permutation,4,ownership,rain,0.04672897196261682,0.019794354534409128,-0.026934617428207696,321
permutation,4,ownership,delay,-0.14641744548286603,-0.25802147270374676,-0.11160402722088068,321
permutation,4,ownership,rain_delay_interaction,0.09375,0.07534100667398888,-0.018408993326011112,320
permutation,4,ownership,fare,-0.059190031152647975,0.0005291059984596347,0.05971913715110761,321
permutation,4,ownership,parking,-0.09345794392523364,-0.07498831882190853,0.018469625103325116,321
permutation,4,ownership,road,-0.09345794392523364,-0.125665525438676,-0.03220758151344236,321
permutation,4,ownership,walk_vs_wait,0.01875,-0.028696995787322523,-0.04744699578732252,320
permutation,4,ownership,transfer_vs_wait,0.024922118380062305,-0.01714013390405527,-0.04206225228411758,321
permutation,5,survey_options,rain,0.04672897196261682,0.024092966348304184,-0.02263600561431264,321
permutation,5,survey_options,delay,-0.14641744548286603,-0.11898395568538585,0.027433489797480195,321
permutation,5,survey_options,rain_delay_interaction,0.09375,-0.006964549393160269,-0.10071454939316027,320
permutation,5,survey_options,fare,-0.059190031152647975,-0.0028929809497152906,0.056297050202932686,321
permutation,5,survey_options,parking,-0.09345794392523364,-0.15909840542579365,-0.06564046150056001,321
permutation,5,survey_options,road,-0.09345794392523364,-0.2522624497203232,-0.15880450579508953,321
permutation,5,survey_options,walk_vs_wait,0.01875,-0.017043413920328022,-0.03579341392032802,320
permutation,5,survey_options,transfer_vs_wait,0.024922118380062305,-0.01062200680328678,-0.03554412518334909,321
permutation,5,ownership,rain,0.04672897196261682,0.018720134732972054,-0.02800883722964477,321
permutation,5,ownership,delay,-0.14641744548286603,-0.25512895155103293,-0.10871150606816687,321
permutation,5,ownership,rain_delay_interaction,0.09375,0.07393857151546399,-0.019811428484536008,320
permutation,5,ownership,fare,-0.059190031152647975,0.0005444860393384536,0.05973451719198643,321
permutation,5,ownership,parking,-0.09345794392523364,-0.07528533809745795,0.0181726058277757,321
permutation,5,ownership,road,-0.09345794392523364,-0.1256974046684314,-0.03223946074319777,321
permutation,5,ownership,walk_vs_wait,0.01875,-0.026863360579591246,-0.04561336057959124,320
permutation,5,ownership,transfer_vs_wait,0.024922118380062305,-0.018649806079927635,-0.04357192445998994,321
permutation,6,survey_options,rain,0.04672897196261682,0.025146588404601978,-0.021582383558014843,321
permutation,6,survey_options,delay,-0.14641744548286603,-0.11888954264758811,0.02752790283527794,321
permutation,6,survey_options,rain_delay_interaction,0.09375,-0.007845573479426094,-0.10159557347942609,320
permutation,6,survey_options,fare,-0.059190031152647975,-0.0029831990669263856,0.05620683208572159,321
permutation,6,survey_options,parking,-0.09345794392523364,-0.15965939946820804,-0.06620145554297438,321
permutation,6,survey_options,road,-0.09345794392523364,-0.2525731039108749,-0.15911515998564127,321
permutation,6,survey_options,walk_vs_wait,0.01875,-0.017231376509880648,-0.03598137650988065,320
permutation,6,survey_options,transfer_vs_wait,0.024922118380062305,-0.010111652587386678,-0.03503377096744898,321
permutation,6,ownership,rain,0.04672897196261682,0.021798626679312032,-0.024930345283304792,321
permutation,6,ownership,delay,-0.14641744548286603,-0.2553249549938836,-0.10890750951101753,321
permutation,6,ownership,rain_delay_interaction,0.09375,0.0716331673640525,-0.022116832635947502,320
permutation,6,ownership,fare,-0.059190031152647975,0.0008435755086093677,0.060033606661257344,321
permutation,6,ownership,parking,-0.09345794392523364,-0.07544920913805471,0.01800873478717893,321
permutation,6,ownership,road,-0.09345794392523364,-0.12579184311595848,-0.032333899190724824,321
permutation,6,ownership,walk_vs_wait,0.01875,-0.028240527492016554,-0.04699052749201656,320
permutation,6,ownership,transfer_vs_wait,0.024922118380062305,-0.016894124587562596,-0.0418162429676249,321
permutation,7,survey_options,rain,0.04672897196261682,0.02426922500040672,-0.0224597469622101,321
permutation,7,survey_options,delay,-0.14641744548286603,-0.11878357736562085,0.027633868117245188,321
permutation,7,survey_options,rain_delay_interaction,0.09375,-0.007174539644620381,-0.10092453964462038,320
permutation,7,survey_options,fare,-0.059190031152647975,-0.0030204788825222264,0.056169552270125746,321
permutation,7,survey_options,parking,-0.09345794392523364,-0.15932443614677755,-0.0658664922215439,321
permutation,7,survey_options,road,-0.09345794392523364,-0.2524330395192627,-0.1589750955940291,321
permutation,7,survey_options,walk_vs_wait,0.01875,-0.017677999869920313,-0.03642799986992031,320
permutation,7,survey_options,transfer_vs_wait,0.024922118380062305,-0.010731276078294742,-0.035653394458357045,321
permutation,7,ownership,rain,0.04672897196261682,0.018006459551622563,-0.028722512410994258,321
permutation,7,ownership,delay,-0.14641744548286603,-0.25533060615481895,-0.10891316067195292,321
permutation,7,ownership,rain_delay_interaction,0.09375,0.074971274039126,-0.018778725960873998,320
permutation,7,ownership,fare,-0.059190031152647975,-5.349034089537053e-05,0.059136540811752604,321
permutation,7,ownership,parking,-0.09345794392523364,-0.07451554350670996,0.018942400418523686,321
permutation,7,ownership,road,-0.09345794392523364,-0.12577741647086968,-0.03231947254563603,321
permutation,7,ownership,walk_vs_wait,0.01875,-0.0277414838434197,-0.0464914838434197,320
permutation,7,ownership,transfer_vs_wait,0.024922118380062305,-0.017732680528613265,-0.04265479890867557,321
permutation,8,survey_options,rain,0.04672897196261682,0.02492393405870114,-0.021805037903915685,321
permutation,8,survey_options,delay,-0.14641744548286603,-0.11893699857815404,0.027480446904712005,321
permutation,8,survey_options,rain_delay_interaction,0.09375,-0.007767266689916142,-0.10151726668991615,320
permutation,8,survey_options,fare,-0.059190031152647975,-0.0033197238275380894,0.055870307325109884,321
permutation,8,survey_options,parking,-0.09345794392523364,-0.15922165817270675,-0.06576371424747311,321
permutation,8,survey_options,road,-0.09345794392523364,-0.2518730481573006,-0.15841510423206698,321
permutation,8,survey_options,walk_vs_wait,0.01875,-0.017982157558435574,-0.03673215755843558,320
permutation,8,survey_options,transfer_vs_wait,0.024922118380062305,-0.009930285668679487,-0.03485240404874179,321
permutation,8,ownership,rain,0.04672897196261682,0.019923636962505886,-0.026805335000110935,321
permutation,8,ownership,delay,-0.14641744548286603,-0.25554655315905717,-0.10912910767619112,321
permutation,8,ownership,rain_delay_interaction,0.09375,0.07488837153650821,-0.0188616284634918,320
permutation,8,ownership,fare,-0.059190031152647975,0.0005266498252053127,0.059716680977853286,321
permutation,8,ownership,parking,-0.09345794392523364,-0.07555256656304327,0.01790537736219038,321
permutation,8,ownership,road,-0.09345794392523364,-0.12621586765757417,-0.03275792373234052,321
permutation,8,ownership,walk_vs_wait,0.01875,-0.02855755464406684,-0.04730755464406684,320
permutation,8,ownership,transfer_vs_wait,0.024922118380062305,-0.01587511857861299,-0.04079723695867529,321
permutation,9,survey_options,rain,0.04672897196261682,0.025161607069111316,-0.021567364893505508,321
permutation,9,survey_options,delay,-0.14641744548286603,-0.11788787538435229,0.028529570098513753,321
permutation,9,survey_options,rain_delay_interaction,0.09375,-0.008047212896053679,-0.10179721289605367,320
permutation,9,survey_options,fare,-0.059190031152647975,-0.002430557345861215,0.05675947380678676,321
permutation,9,survey_options,parking,-0.09345794392523364,-0.16007257831744223,-0.06661463439220859,321
permutation,9,survey_options,road,-0.09345794392523364,-0.25340124078797077,-0.15994329686273714,321
permutation,9,survey_options,walk_vs_wait,0.01875,-0.01741826034267433,-0.03616826034267433,320
permutation,9,survey_options,transfer_vs_wait,0.024922118380062305,-0.010182288733551807,-0.035104407113614115,321
permutation,9,ownership,rain,0.04672897196261682,0.01875337631067383,-0.02797559565194299,321
permutation,9,ownership,delay,-0.14641744548286603,-0.25696525072266935,-0.11054780523980333,321
permutation,9,ownership,rain_delay_interaction,0.09375,0.07619965028134175,-0.017550349718658254,320
permutation,9,ownership,fare,-0.059190031152647975,0.0005637866987431903,0.05975381785139117,321
permutation,9,ownership,parking,-0.09345794392523364,-0.07455322339063121,0.018904720534602428,321
permutation,9,ownership,road,-0.09345794392523364,-0.12543243598599116,-0.0319744920607575,321
permutation,9,ownership,walk_vs_wait,0.01875,-0.028389813122339548,-0.047139813122339544,320
permutation,9,ownership,transfer_vs_wait,0.024922118380062305,-0.017072525594928927,-0.04199464397499123,321
permutation,10,survey_options,rain,0.04672897196261682,0.024012418823589416,-0.022716553139027405,321
permutation,10,survey_options,delay,-0.14641744548286603,-0.11837075197216228,0.028046693510703765,321
permutation,10,survey_options,rain_delay_interaction,0.09375,-0.006896339351078496,-0.1006463393510785,320
permutation,10,survey_options,fare,-0.059190031152647975,-0.0030554666059132304,0.056134564546734746,321
permutation,10,survey_options,parking,-0.09345794392523364,-0.1597200268531375,-0.06626208292790384,321
permutation,10,survey_options,road,-0.09345794392523364,-0.25319016780094983,-0.1597322238757162,321
permutation,10,survey_options,walk_vs_wait,0.01875,-0.017399744101567194,-0.0361497441015672,320
permutation,10,survey_options,transfer_vs_wait,0.024922118380062305,-0.010498440206468663,-0.03542055858653097,321
permutation,10,ownership,rain,0.04672897196261682,0.020057535942098432,-0.02667143602051839,321
permutation,10,ownership,delay,-0.14641744548286603,-0.25415241104953945,-0.10773496556667338,321
permutation,10,ownership,rain_delay_interaction,0.09375,0.07315741196507589,-0.02059258803492412,320
permutation,10,ownership,fare,-0.059190031152647975,0.0007459866202137552,0.05993601777286173,321
permutation,10,ownership,parking,-0.09345794392523364,-0.07511611670441345,0.018341827220820194,321
permutation,10,ownership,road,-0.09345794392523364,-0.12602022681327252,-0.032562282888038876,321
permutation,10,ownership,walk_vs_wait,0.01875,-0.026363106537610294,-0.04511310653761029,320
permutation,10,ownership,transfer_vs_wait,0.024922118380062305,-0.01789574038434623,-0.04281785876440854,321
permutation,11,survey_options,rain,0.04672897196261682,0.025474533241393038,-0.021254438721223783,321
permutation,11,survey_options,delay,-0.14641744548286603,-0.11790034472594195,0.0285171007569241,321
permutation,11,survey_options,rain_delay_interaction,0.09375,-0.008199743810109794,-0.1019497438101098,320
permutation,11,survey_options,fare,-0.059190031152647975,-0.0028077595957157397,0.056382271556932234,321
permutation,11,survey_options,parking,-0.09345794392523364,-0.1600326398515209,-0.06657469592628727,321
permutation,11,survey_options,road,-0.09345794392523364,-0.25313754268193683,-0.15967959875670318,321
permutation,11,survey_options,walk_vs_wait,0.01875,-0.016267806105315686,-0.035017806105315685,320
permutation,11,survey_options,transfer_vs_wait,0.024922118380062305,-0.010829012539249342,-0.03575113091931165,321
permutation,11,ownership,rain,0.04672897196261682,0.0191901261306069,-0.027538845832009926,321
permutation,11,ownership,delay,-0.14641744548286603,-0.2557237862443952,-0.10930634076152913,321
permutation,11,ownership,rain_delay_interaction,0.09375,0.07530154349224176,-0.018448456507758237,320
permutation,11,ownership,fare,-0.059190031152647975,0.0012399142033585877,0.06042994535600656,321
permutation,11,ownership,parking,-0.09345794392523364,-0.07417520914354428,0.019282734781689362,321
permutation,11,ownership,road,-0.09345794392523364,-0.12597430238030224,-0.032516358455068596,321
permutation,11,ownership,walk_vs_wait,0.01875,-0.028350929217413067,-0.047100929217413066,320
permutation,11,ownership,transfer_vs_wait,0.024922118380062305,-0.016364138886750302,-0.04128625726681261,321
permutation,12,survey_options,rain,0.04672897196261682,0.02537212742498359,-0.02135684453763323,321
permutation,12,survey_options,delay,-0.14641744548286603,-0.11813445933267613,0.02828298615018991,321
permutation,12,survey_options,rain_delay_interaction,0.09375,-0.008211209301953204,-0.10196120930195321,320
permutation,12,survey_options,fare,-0.059190031152647975,-0.003048852840409472,0.056141178312238506,321
permutation,12,survey_options,parking,-0.09345794392523364,-0.15983889720219874,-0.06638095327696511,321
permutation,12,survey_options,road,-0.09345794392523364,-0.25261654245530796,-0.15915859853007433,321
permutation,12,survey_options,walk_vs_wait,0.01875,-0.016956692829262467,-0.03570669282926246,320
permutation,12,survey_options,transfer_vs_wait,0.024922118380062305,-0.010061336408523013,-0.03498345478858532,321
permutation,12,ownership,rain,0.04672897196261682,0.01921518222425957,-0.027513789738357254,321
permutation,12,ownership,delay,-0.14641744548286603,-0.25413612247592654,-0.10771867699306052,321
permutation,12,ownership,rain_delay_interaction,0.09375,0.07533359623339493,-0.018416403766605072,320
permutation,12,ownership,fare,-0.059190031152647975,0.0004564159755766206,0.059646447128224596,321
permutation,12,ownership,parking,-0.09345794392523364,-0.0756523179766545,0.01780562594857914,321
permutation,12,ownership,road,-0.09345794392523364,-0.12610705895494448,-0.032649115029710844,321
permutation,12,ownership,walk_vs_wait,0.01875,-0.025913583301007747,-0.044663583301007746,320
permutation,12,ownership,transfer_vs_wait,0.024922118380062305,-0.01722383156790169,-0.042145949947963994,321
permutation,13,survey_options,rain,0.04672897196261682,0.024823726674199475,-0.021905245288417346,321
permutation,13,survey_options,delay,-0.14641744548286603,-0.11835538797991531,0.02806205750295074,321
permutation,13,survey_options,rain_delay_interaction,0.09375,-0.0074986346226069145,-0.10124863462260691,320
permutation,13,survey_options,fare,-0.059190031152647975,-0.002993893980794235,0.05619613717185374,321
permutation,13,survey_options,parking,-0.09345794392523364,-0.16000055568727933,-0.0665426117620457,321
permutation,13,survey_options,road,-0.09345794392523364,-0.2531771244788745,-0.1597191805536409,321
permutation,13,survey_options,walk_vs_wait,0.01875,-0.01724341989029199,-0.03599341989029199,320
permutation,13,survey_options,transfer_vs_wait,0.024922118380062305,-0.009984310913680128,-0.034906429293742436,321
permutation,13,ownership,rain,0.04672897196261682,0.01848920583260765,-0.028239766130009173,321
permutation,13,ownership,delay,-0.14641744548286603,-0.2552552750541588,-0.10883782957129273,321
permutation,13,ownership,rain_delay_interaction,0.09375,0.0749469759168278,-0.018803024083172203,320
permutation,13,ownership,fare,-0.059190031152647975,0.00024397162912047913,0.059434002781768455,321
permutation,13,ownership,parking,-0.09345794392523364,-0.0756008983169018,0.017857045608331852,321
permutation,13,ownership,road,-0.09345794392523364,-0.12581776480576332,-0.03235982088052967,321
permutation,13,ownership,walk_vs_wait,0.01875,-0.02774647974874824,-0.046496479748748244,320
permutation,13,ownership,transfer_vs_wait,0.024922118380062305,-0.01710043998429337,-0.04202255836435567,321
permutation,14,survey_options,rain,0.04672897196261682,0.024122868777714045,-0.02260610318490278,321
permutation,14,survey_options,delay,-0.14641744548286603,-0.11883535282396221,0.027582092658903833,321
permutation,14,survey_options,rain_delay_interaction,0.09375,-0.007063029416895006,-0.100813029416895,320
permutation,14,survey_options,fare,-0.059190031152647975,-0.0026868475351563867,0.05650318361749159,321
permutation,14,survey_options,parking,-0.09345794392523364,-0.1591236900648456,-0.06566574613961197,321
permutation,14,survey_options,road,-0.09345794392523364,-0.25231730709334027,-0.15885936316810664,321
permutation,14,survey_options,walk_vs_wait,0.01875,-0.018740537314442918,-0.03749053731444292,320
permutation,14,survey_options,transfer_vs_wait,0.024922118380062305,-0.009439658779778584,-0.03436177715984089,321
permutation,14,ownership,rain,0.04672897196261682,0.01917417023644269,-0.02755480172617413,321
permutation,14,ownership,delay,-0.14641744548286603,-0.2538294023906702,-0.10741195690780414,321
permutation,14,ownership,rain_delay_interaction,0.09375,0.07306838801596313,-0.02068161198403686,320
permutation,14,ownership,fare,-0.059190031152647975,0.000691332352402797,0.05988136350505077,321
permutation,14,ownership,parking,-0.09345794392523364,-0.07410821316305351,0.019349730762180137,321
permutation,14,ownership,road,-0.09345794392523364,-0.12544713389256104,-0.0319891899673274,321
permutation,14,ownership,walk_vs_wait,0.01875,-0.02947116766590625,-0.04822116766590625,320
permutation,14,ownership,transfer_vs_wait,0.024922118380062305,-0.017179741666324414,-0.04210186004638672,321
permutation,15,survey_options,rain,0.04672897196261682,0.02494158819782028,-0.02178738376479654,321
permutation,15,survey_options,delay,-0.14641744548286603,-0.11835323480999452,0.028064210672871532,321
permutation,15,survey_options,rain_delay_interaction,0.09375,-0.007964284796616993,-0.101714284796617,320
permutation,15,survey_options,fare,-0.059190031152647975,-0.002680999873861717,0.05650903127878626,321
permutation,15,survey_options,parking,-0.09345794392523364,-0.15990337075497316,-0.06644542682973953,321
permutation,15,survey_options,road,-0.09345794392523364,-0.2527578100518576,-0.15929986612662395,321
permutation,15,survey_options,walk_vs_wait,0.01875,-0.018488212180091067,-0.03723821218009107,320
permutation,15,survey_options,transfer_vs_wait,0.024922118380062305,-0.008574953575464795,-0.0334970719555271,321
permutation,15,ownership,rain,0.04672897196261682,0.021122124695982146,-0.025606847266634678,321
permutation,15,ownership,delay,-0.14641744548286603,-0.2542130863816242,-0.10779564089875819,321
permutation,15,ownership,rain_delay_interaction,0.09375,0.07277864677889738,-0.020971353221102617,320
permutation,15,ownership,fare,-0.059190031152647975,0.0012795543211085775,0.060469585473756554,321
permutation,15,ownership,parking,-0.09345794392523364,-0.07654207223022468,0.016915871695008976,321
permutation,15,ownership,road,-0.09345794392523364,-0.12638319854702906,-0.03292525462179541,321
permutation,15,ownership,walk_vs_wait,0.01875,-0.028572271496523173,-0.04732227149652317,320
permutation,15,ownership,transfer_vs_wait,0.024922118380062305,-0.01616221160346474,-0.04108432998352705,321
permutation,16,survey_options,rain,0.04672897196261682,0.025379351993030475,-0.021349619969586345,321
permutation,16,survey_options,delay,-0.14641744548286603,-0.11873848311388371,0.027678962368982325,321
permutation,16,survey_options,rain_delay_interaction,0.09375,-0.008244775976345408,-0.1019947759763454,320
permutation,16,survey_options,fare,-0.059190031152647975,-0.002663445725712078,0.056526585426935894,321
permutation,16,survey_options,parking,-0.09345794392523364,-0.1599007114315423,-0.06644276750630865,321
permutation,16,survey_options,road,-0.09345794392523364,-0.2527919679465254,-0.15933402402129176,321
permutation,16,survey_options,walk_vs_wait,0.01875,-0.017589951993431895,-0.036339951993431895,320
permutation,16,survey_options,transfer_vs_wait,0.024922118380062305,-0.010504491331282064,-0.03542660971134437,321
permutation,16,ownership,rain,0.04672897196261682,0.01991688982348576,-0.026812082139131065,321
permutation,16,ownership,delay,-0.14641744548286603,-0.2562308278213316,-0.10981338233846556,321
permutation,16,ownership,rain_delay_interaction,0.09375,0.0750466502737254,-0.01870334972627461,320
permutation,16,ownership,fare,-0.059190031152647975,8.832807202948216e-05,0.05927835922467746,321
permutation,16,ownership,parking,-0.09345794392523364,-0.07522287027115392,0.018235073654079736,321
permutation,16,ownership,road,-0.09345794392523364,-0.1254746244866343,-0.03201668056140065,321
permutation,16,ownership,walk_vs_wait,0.01875,-0.027591038111131637,-0.04634103811113164,320
permutation,16,ownership,transfer_vs_wait,0.024922118380062305,-0.017313022909227562,-0.04223514128928987,321
permutation,17,survey_options,rain,0.04672897196261682,0.024673811487876736,-0.022055160474740085,321
permutation,17,survey_options,delay,-0.14641744548286603,-0.11860651607448205,0.02781092940838398,321
permutation,17,survey_options,rain_delay_interaction,0.09375,-0.007558852345391642,-0.10130885234539164,320
permutation,17,survey_options,fare,-0.059190031152647975,-0.002972961504975583,0.05621706964767239,321
permutation,17,survey_options,parking,-0.09345794392523364,-0.15964733565232,-0.06618939172708635,321
permutation,17,survey_options,road,-0.09345794392523364,-0.2525494354748025,-0.15909149154956884,321
permutation,17,survey_options,walk_vs_wait,0.01875,-0.017623669770546257,-0.036373669770546256,320
permutation,17,survey_options,transfer_vs_wait,0.024922118380062305,-0.00961840767819562,-0.03454052605825793,321
permutation,17,ownership,rain,0.04672897196261682,0.020337938832995305,-0.026391033129621516,321
permutation,17,ownership,delay,-0.14641744548286603,-0.2547310576803193,-0.10831361219745327,321
permutation,17,ownership,rain_delay_interaction,0.09375,0.07404551674699178,-0.01970448325300822,320
permutation,17,ownership,fare,-0.059190031152647975,0.0012323882233502338,0.06042241937599821,321
permutation,17,ownership,parking,-0.09345794392523364,-0.07561702667691997,0.017840917248313673,321
permutation,17,ownership,road,-0.09345794392523364,-0.1261117501631147,-0.032653806237881056,321
permutation,17,ownership,walk_vs_wait,0.01875,-0.02848838820355013,-0.04723838820355013,320
permutation,17,ownership,transfer_vs_wait,0.024922118380062305,-0.017400284051152404,-0.04232240243121471,321
permutation,18,survey_options,rain,0.04672897196261682,0.024170446647708288,-0.022558525314908533,321
permutation,18,survey_options,delay,-0.14641744548286603,-0.11861300616411963,0.027804439318746422,321
permutation,18,survey_options,rain_delay_interaction,0.09375,-0.006996426003752276,-0.10074642600375228,320
permutation,18,survey_options,fare,-0.059190031152647975,-0.002903387878914117,0.05628664327373386,321
permutation,18,survey_options,parking,-0.09345794392523364,-0.158763692128208,-0.06530574820297437,321
permutation,18,survey_options,road,-0.09345794392523364,-0.2520352965119263,-0.15857735258669264,321
permutation,18,survey_options,walk_vs_wait,0.01875,-0.017123953052214348,-0.035873953052214344,320
permutation,18,survey_options,transfer_vs_wait,0.024922118380062305,-0.010819698298042437,-0.03574181667810474,321
permutation,18,ownership,rain,0.04672897196261682,0.01875928622261386,-0.027969685740002963,321
permutation,18,ownership,delay,-0.14641744548286603,-0.25597253832617933,-0.10955509284331327,321
permutation,18,ownership,rain_delay_interaction,0.09375,0.07546254993358162,-0.01828745006641839,320
permutation,18,ownership,fare,-0.059190031152647975,0.0008636863084039956,0.060053717461051974,321
permutation,18,ownership,parking,-0.09345794392523364,-0.07522985879970116,0.01822808512553248,321
permutation,18,ownership,road,-0.09345794392523364,-0.12568925913260826,-0.032231315207374614,321
permutation,18,ownership,walk_vs_wait,0.01875,-0.027603726100642233,-0.046353726100642235,320
permutation,18,ownership,transfer_vs_wait,0.024922118380062305,-0.018181690627076544,-0.04310380900713885,321
permutation,19,survey_options,rain,0.04672897196261682,0.02437818053866101,-0.02235079142395581,321
permutation,19,survey_options,delay,-0.14641744548286603,-0.1179228019973153,0.028494643485550752,321
permutation,19,survey_options,rain_delay_interaction,0.09375,-0.007516914044390433,-0.10126691404439044,320
permutation,19,survey_options,fare,-0.059190031152647975,-0.002865908487563564,0.05632412266508441,321
permutation,19,survey_options,parking,-0.09345794392523364,-0.15960086046245148,-0.06614291653721782,321
permutation,19,survey_options,road,-0.09345794392523364,-0.252534937709744,-0.15907699378451037,321
permutation,19,survey_options,walk_vs_wait,0.01875,-0.017672981426585466,-0.03642298142658547,320
permutation,19,survey_options,transfer_vs_wait,0.024922118380062305,-0.009049045600902254,-0.03397116398096456,321
permutation,19,ownership,rain,0.04672897196261682,0.01760037709897924,-0.029128594863637586,321
permutation,19,ownership,delay,-0.14641744548286603,-0.2534973749098864,-0.10707992942702037,321
permutation,19,ownership,rain_delay_interaction,0.09375,0.07570372053451138,-0.018046279465488625,320
permutation,19,ownership,fare,-0.059190031152647975,0.0001509320629162952,0.05934096321556427,321
permutation,19,ownership,parking,-0.09345794392523364,-0.07587542780602462,0.017582516119209034,321
permutation,19,ownership,road,-0.09345794392523364,-0.12624751813593682,-0.032789574210703186,321
permutation,19,ownership,walk_vs_wait,0.01875,-0.02646253160201013,-0.04521253160201013,320
permutation,19,ownership,transfer_vs_wait,0.024922118380062305,-0.017921519776185352,-0.04284363815624766,321
reassignment,0,survey_options,rain,0.04672897196261682,0.024723993109486926,-0.022004978853129895,321
reassignment,0,survey_options,delay,-0.14641744548286603,-0.11926140572956975,0.027156039753296293,321
reassignment,0,survey_options,rain_delay_interaction,0.09375,-0.0075725367700215426,-0.10132253677002154,320
reassignment,0,survey_options,fare,-0.059190031152647975,-0.0028767646565986942,0.05631326649604928,321
reassignment,0,survey_options,parking,-0.09345794392523364,-0.16074638440044497,-0.06728844047521133,321
reassignment,0,survey_options,road,-0.09345794392523364,-0.2543051021428912,-0.16084715821765758,321
reassignment,0,survey_options,walk_vs_wait,0.01875,-0.020214491087244824,-0.038964491087244826,320
reassignment,0,survey_options,transfer_vs_wait,0.024922118380062305,-0.007441204963861225,-0.03236332334392353,321
reassignment,0,ownership,rain,0.04672897196261682,0.018743938815742267,-0.027985033146874557,321
reassignment,0,ownership,delay,-0.14641744548286603,-0.25667676450597626,-0.11025931902311023,321
reassignment,0,ownership,rain_delay_interaction,0.09375,0.0750893358286703,-0.0186606641713297,320
reassignment,0,ownership,fare,-0.059190031152647975,0.00035627579716878517,0.05954630694981676,321
reassignment,0,ownership,parking,-0.09345794392523364,-0.07493772897347112,0.01852021495176253,321
reassignment,0,ownership,road,-0.09345794392523364,-0.12601652000435973,-0.032558576079126086,321
reassignment,0,ownership,walk_vs_wait,0.01875,-0.031115955475252123,-0.04986595547525212,320
reassignment,0,ownership,transfer_vs_wait,0.024922118380062305,-0.01383732066626118,-0.038759439046323486,321
reassignment,1,survey_options,rain,0.04672897196261682,0.023880462025834763,-0.022848509936782058,321
reassignment,1,survey_options,delay,-0.14641744548286603,-0.11873744087833389,0.027680004604532155,321
reassignment,1,survey_options,rain_delay_interaction,0.09375,-0.00681645679869689,-0.10056645679869688,320
reassignment,1,survey_options,fare,-0.059190031152647975,-0.0032777154174084976,0.05591231573523948,321
reassignment,1,survey_options,parking,-0.09345794392523364,-0.16072015386260466,-0.06726220993737102,321
reassignment,1,survey_options,road,-0.09345794392523364,-0.2542817446438021,-0.16082380071856847,321
reassignment,1,survey_options,walk_vs_wait,0.01875,-0.018131579441251232,-0.036881579441251235,320
reassignment,1,survey_options,transfer_vs_wait,0.024922118380062305,-0.009887338827750022,-0.034809457207812325,321
reassignment,1,ownership,rain,0.04672897196261682,0.019007883292863674,-0.02772108866975315,321
reassignment,1,ownership,delay,-0.14641744548286603,-0.25474064911184746,-0.10832320362898142,321
reassignment,1,ownership,rain_delay_interaction,0.09375,0.07527524638280739,-0.01847475361719262,320
reassignment,1,ownership,fare,-0.059190031152647975,0.0005368453528836509,0.05972687650553163,321
reassignment,1,ownership,parking,-0.09345794392523364,-0.07522380110630736,0.01823414281892628,321
reassignment,1,ownership,road,-0.09345794392523364,-0.12644318551567857,-0.032985241590444914,321
reassignment,1,ownership,walk_vs_wait,0.01875,-0.02824693899601698,-0.04699693899601698,320
reassignment,1,ownership,transfer_vs_wait,0.024922118380062305,-0.0165169100361264,-0.041439028416188704,321
reassignment,2,survey_options,rain,0.04672897196261682,0.02443732255112345,-0.022291649411493374,321
reassignment,2,survey_options,delay,-0.14641744548286603,-0.11793437557921649,0.02848306990364955,321
reassignment,2,survey_options,rain_delay_interaction,0.09375,-0.007491194155591074,-0.10124119415559107,320
reassignment,2,survey_options,fare,-0.059190031152647975,-0.0029877643463581895,0.056202266806289786,321
reassignment,2,survey_options,parking,-0.09345794392523364,-0.1601120280392027,-0.06665408411396906,321
reassignment,2,survey_options,road,-0.09345794392523364,-0.2530024789558068,-0.15954453503057314,321
reassignment,2,survey_options,walk_vs_wait,0.01875,-0.017622815840877593,-0.03637281584087759,320
reassignment,2,survey_options,transfer_vs_wait,0.024922118380062305,-0.010404260620196289,-0.0353263790002586,321
reassignment,2,ownership,rain,0.04672897196261682,0.01714721185117496,-0.029581760111441865,321
reassignment,2,ownership,delay,-0.14641744548286603,-0.2577968307907151,-0.11137938530784901,321
reassignment,2,ownership,rain_delay_interaction,0.09375,0.07654897567117587,-0.017201024328824133,320
reassignment,2,ownership,fare,-0.059190031152647975,8.085626540154311e-05,0.05927088741804952,321
reassignment,2,ownership,parking,-0.09345794392523364,-0.07653260413220739,0.01692533979302626,321
reassignment,2,ownership,road,-0.09345794392523364,-0.12646188287534446,-0.03300393895011082,321
reassignment,2,ownership,walk_vs_wait,0.01875,-0.029058474628254772,-0.04780847462825477,320
reassignment,2,ownership,transfer_vs_wait,0.024922118380062305,-0.017055618753685758,-0.04197773713374806,321
reassignment,3,survey_options,rain,0.04672897196261682,0.023983596513668697,-0.022745375448948127,321
reassignment,3,survey_options,delay,-0.14641744548286603,-0.11935676804981615,0.027060677433049893,321
reassignment,3,survey_options,rain_delay_interaction,0.09375,-0.007086175787117099,-0.1008361757871171,320
reassignment,3,survey_options,fare,-0.059190031152647975,-0.002848976149551594,0.05634105500309638,321
reassignment,3,survey_options,parking,-0.09345794392523364,-0.160000578349462,-0.06654263442422835,321
reassignment,3,survey_options,road,-0.09345794392523364,-0.2536492755482803,-0.16019133162304666,321
reassignment,3,survey_options,walk_vs_wait,0.01875,-0.018062497372739017,-0.03681249737273902,320
reassignment,3,survey_options,transfer_vs_wait,0.024922118380062305,-0.008613785496706904,-0.03353590387676921,321
reassignment,3,ownership,rain,0.04672897196261682,0.021173151401437332,-0.02555582056117949,321
reassignment,3,ownership,delay,-0.14641744548286603,-0.25556082799276364,-0.10914338250989762,321
reassignment,3,ownership,rain_delay_interaction,0.09375,0.07293781535991002,-0.020812184640089982,320
reassignment,3,ownership,fare,-0.059190031152647975,0.0010380540333247259,0.0602280851859727,321
reassignment,3,ownership,parking,-0.09345794392523364,-0.07529307067440677,0.018164873250826868,321
reassignment,3,ownership,road,-0.09345794392523364,-0.12593893572757733,-0.0324809918023437,321
reassignment,3,ownership,walk_vs_wait,0.01875,-0.029733658698387445,-0.048483658698387444,320
reassignment,3,ownership,transfer_vs_wait,0.024922118380062305,-0.015192763816066249,-0.040114882196128555,321
reassignment,4,survey_options,rain,0.04672897196261682,0.023844237291367254,-0.022884734671249567,321
reassignment,4,survey_options,delay,-0.14641744548286603,-0.11743611950612978,0.028981325976736264,321
reassignment,4,survey_options,rain_delay_interaction,0.09375,-0.007057916550547816,-0.10080791655054781,320
reassignment,4,survey_options,fare,-0.059190031152647975,-0.002436960319120936,0.05675307083352704,321
reassignment,4,survey_options,parking,-0.09345794392523364,-0.15880966396288615,-0.06535172003765251,321
reassignment,4,survey_options,road,-0.09345794392523364,-0.25228195445832574,-0.15882401053309209,321
reassignment,4,survey_options,walk_vs_wait,0.01875,-0.020192854577908294,-0.03894285457790829,320
reassignment,4,survey_options,transfer_vs_wait,0.024922118380062305,-0.005993058539439585,-0.03091517691950189,321
reassignment,4,ownership,rain,0.04672897196261682,0.019869018566571292,-0.02685995339604553,321
reassignment,4,ownership,delay,-0.14641744548286603,-0.2564986035593341,-0.1100811580764681,321
reassignment,4,ownership,rain_delay_interaction,0.09375,0.07408924423798453,-0.01966075576201547,320
reassignment,4,ownership,fare,-0.059190031152647975,0.0010517553493055599,0.06024178650195353,321
reassignment,4,ownership,parking,-0.09345794392523364,-0.07411873403275124,0.0193392098924824,321
reassignment,4,ownership,road,-0.09345794392523364,-0.12591376212480654,-0.032455818199572904,321
reassignment,4,ownership,walk_vs_wait,0.01875,-0.03415444364072755,-0.05290444364072755,320
reassignment,4,ownership,transfer_vs_wait,0.024922118380062305,-0.011911154837808876,-0.03683327321787118,321
reassignment,5,survey_options,rain,0.04672897196261682,0.02384566053794552,-0.022883311424671305,321
reassignment,5,survey_options,delay,-0.14641744548286603,-0.11810272042073797,0.028314725062128076,321
reassignment,5,survey_options,rain_delay_interaction,0.09375,-0.007185834586562123,-0.10093583458656212,320
reassignment,5,survey_options,fare,-0.059190031152647975,-0.003048303980972165,0.05614172717167581,321
reassignment,5,survey_options,parking,-0.09345794392523364,-0.16039097952914666,-0.066933035603913,321
reassignment,5,survey_options,road,-0.09345794392523364,-0.25378679476295396,-0.16032885083772033,321
reassignment,5,survey_options,walk_vs_wait,0.01875,-0.02029861431219615,-0.03904861431219615,320
reassignment,5,survey_options,transfer_vs_wait,0.024922118380062305,-0.00835107014488394,-0.03327318852494625,321
reassignment,5,ownership,rain,0.04672897196261682,0.01970048044515176,-0.027028491517465062,321
reassignment,5,ownership,delay,-0.14641744548286603,-0.2559286136516715,-0.10951116816880548,321
reassignment,5,ownership,rain_delay_interaction,0.09375,0.0756110891001299,-0.018138910899870096,320
reassignment,5,ownership,fare,-0.059190031152647975,0.0002792375481388651,0.05946926870078684,321
reassignment,5,ownership,parking,-0.09345794392523364,-0.07617060230853402,0.01728734161669963,321
reassignment,5,ownership,road,-0.09345794392523364,-0.12678630142893374,-0.033328357503700105,321
reassignment,5,ownership,walk_vs_wait,0.01875,-0.03145257610594854,-0.05020257610594854,320
reassignment,5,ownership,transfer_vs_wait,0.024922118380062305,-0.015306098113921572,-0.04022821649398388,321
reassignment,6,survey_options,rain,0.04672897196261682,0.024550865946854013,-0.022178106015762807,321
reassignment,6,survey_options,delay,-0.14641744548286603,-0.11851013909352252,0.027907306389343516,321
reassignment,6,survey_options,rain_delay_interaction,0.09375,-0.007225136892520823,-0.10097513689252083,320
reassignment,6,survey_options,fare,-0.059190031152647975,-0.002708199152554678,0.056481832000093296,321
reassignment,6,survey_options,parking,-0.09345794392523364,-0.1590434026489516,-0.06558545872371795,321
reassignment,6,survey_options,road,-0.09345794392523364,-0.2518755599734521,-0.1584176160482185,321
reassignment,6,survey_options,walk_vs_wait,0.01875,-0.01796166987915058,-0.036711669879150574,320
reassignment,6,survey_options,transfer_vs_wait,0.024922118380062305,-0.010365181054188826,-0.03528729943425113,321
reassignment,6,ownership,rain,0.04672897196261682,0.019283554125054975,-0.02744541783756185,321
reassignment,6,ownership,delay,-0.14641744548286603,-0.25994096838541303,-0.11352352290254701,321
reassignment,6,ownership,rain_delay_interaction,0.09375,0.0760921626118943,-0.01765783738810569,320
reassignment,6,ownership,fare,-0.059190031152647975,0.0006259653682463637,0.05981599652089434,321
reassignment,6,ownership,parking,-0.09345794392523364,-0.07512737590111676,0.018330568024116884,321
reassignment,6,ownership,road,-0.09345794392523364,-0.1263991402015322,-0.032941196276298566,321
reassignment,6,ownership,walk_vs_wait,0.01875,-0.030236160254571588,-0.04898616025457159,320
reassignment,6,ownership,transfer_vs_wait,0.024922118380062305,-0.01637867480702118,-0.04130079318708348,321
reassignment,7,survey_options,rain,0.04672897196261682,0.025467111929276278,-0.021261860033340543,321
reassignment,7,survey_options,delay,-0.14641744548286603,-0.11990586949390507,0.02651157598896097,321
reassignment,7,survey_options,rain_delay_interaction,0.09375,-0.008511157345492393,-0.10226115734549239,320
reassignment,7,survey_options,fare,-0.059190031152647975,-0.002637444000192149,0.05655258715245583,321
reassignment,7,survey_options,parking,-0.09345794392523364,-0.16035337981440104,-0.0668954358891674,321
reassignment,7,survey_options,road,-0.09345794392523364,-0.2537574288304721,-0.16029948490523846,321
reassignment,7,survey_options,walk_vs_wait,0.01875,-0.020192302652867512,-0.03894230265286751,320
reassignment,7,survey_options,transfer_vs_wait,0.024922118380062305,-0.007086162899281377,-0.03200828127934368,321
reassignment,7,ownership,rain,0.04672897196261682,0.018366176391316352,-0.028362795571300472,321
reassignment,7,ownership,delay,-0.14641744548286603,-0.2592599192413725,-0.11284247375850644,321
reassignment,7,ownership,rain_delay_interaction,0.09375,0.07597931018390228,-0.01777068981609773,320
reassignment,7,ownership,fare,-0.059190031152647975,0.000673250083425706,0.05986328123607368,321
reassignment,7,ownership,parking,-0.09345794392523364,-0.07519230161825445,0.0182656423069792,321
reassignment,7,ownership,road,-0.09345794392523364,-0.1257535947538982,-0.03229565082866455,321
reassignment,7,ownership,walk_vs_wait,0.01875,-0.03223962794290856,-0.05098962794290855,320
reassignment,7,ownership,transfer_vs_wait,0.024922118380062305,-0.012422866515838469,-0.037344984895900775,321
reassignment,8,survey_options,rain,0.04672897196261682,0.024467559722817948,-0.022261412239798876,321
reassignment,8,survey_options,delay,-0.14641744548286603,-0.11877705041911,0.02764039506375604,321
reassignment,8,survey_options,rain_delay_interaction,0.09375,-0.007345693520619534,-0.10109569352061953,320
reassignment,8,survey_options,fare,-0.059190031152647975,-0.002599985800056814,0.05659004535259116,321
reassignment,8,survey_options,parking,-0.09345794392523364,-0.15981228134632575,-0.0663543374210921,321
reassignment,8,survey_options,road,-0.09345794392523364,-0.2537029553277308,-0.16024501140249714,321
reassignment,8,survey_options,walk_vs_wait,0.01875,-0.018439465112169273,-0.03718946511216927,320
reassignment,8,survey_options,transfer_vs_wait,0.024922118380062305,-0.007768362748938558,-0.032690481129000866,321
reassignment,8,ownership,rain,0.04672897196261682,0.019679501118875366,-0.027049470843741454,321
reassignment,8,ownership,delay,-0.14641744548286603,-0.25713316167521977,-0.11071571619235374,321
reassignment,8,ownership,rain_delay_interaction,0.09375,0.0737328607152449,-0.020017139284755105,320
reassignment,8,ownership,fare,-0.059190031152647975,0.0006649400168490187,0.05985497116949699,321
reassignment,8,ownership,parking,-0.09345794392523364,-0.07458761025719182,0.018870333668041823,321
reassignment,8,ownership,road,-0.09345794392523364,-0.1258498112732005,-0.03239186734796685,321
reassignment,8,ownership,walk_vs_wait,0.01875,-0.031279572006314996,-0.05002957200631499,320
reassignment,8,ownership,transfer_vs_wait,0.024922118380062305,-0.013576584998692307,-0.03849870337875461,321
reassignment,9,survey_options,rain,0.04672897196261682,0.02467288769711958,-0.022056084265497242,321
reassignment,9,survey_options,delay,-0.14641744548286603,-0.12047482100300885,0.02594262447985719,321
reassignment,9,survey_options,rain_delay_interaction,0.09375,-0.007645803978084587,-0.10139580397808459,320
reassignment,9,survey_options,fare,-0.059190031152647975,-0.0030938591401896373,0.05609617201245834,321
reassignment,9,survey_options,parking,-0.09345794392523364,-0.16040547727679724,-0.06694753335156359,321
reassignment,9,survey_options,road,-0.09345794392523364,-0.2538867343182319,-0.16042879039299823,321
reassignment,9,survey_options,walk_vs_wait,0.01875,-0.019048949412535876,-0.03779894941253588,320
reassignment,9,survey_options,transfer_vs_wait,0.024922118380062305,-0.008894538286365453,-0.03381665666642776,321
reassignment,9,ownership,rain,0.04672897196261682,0.01907502990970359,-0.027653942052913234,321
reassignment,9,ownership,delay,-0.14641744548286603,-0.2592413006147306,-0.11282385513186455,321
reassignment,9,ownership,rain_delay_interaction,0.09375,0.07534229487646371,-0.01840770512353629,320
reassignment,9,ownership,fare,-0.059190031152647975,0.0008997856943963844,0.06008981684704436,321
reassignment,9,ownership,parking,-0.09345794392523364,-0.07471365709078275,0.018744286834450896,321
reassignment,9,ownership,road,-0.09345794392523364,-0.1258566841088537,-0.032398740183620066,321
reassignment,9,ownership,walk_vs_wait,0.01875,-0.031213326659053565,-0.049963326659053564,320
reassignment,9,ownership,transfer_vs_wait,0.024922118380062305,-0.01468509116508879,-0.039607209545151095,321
reassignment,10,survey_options,rain,0.04672897196261682,0.02396966512329482,-0.022759306839322004,321
reassignment,10,survey_options,delay,-0.14641744548286603,-0.1180254846312268,0.028391960851639232,321
reassignment,10,survey_options,rain_delay_interaction,0.09375,-0.006924817521939986,-0.10067481752193999,320
reassignment,10,survey_options,fare,-0.059190031152647975,-0.002830189382918527,0.05635984176972945,321
reassignment,10,survey_options,parking,-0.09345794392523364,-0.15919096485894418,-0.06573302093371053,321
reassignment,10,survey_options,road,-0.09345794392523364,-0.2527081356398367,-0.15925019171460303,321
reassignment,10,survey_options,walk_vs_wait,0.01875,-0.01773000310640782,-0.036480003106407824,320
reassignment,10,survey_options,transfer_vs_wait,0.024922118380062305,-0.010981364065427275,-0.03590348244548958,321
reassignment,10,ownership,rain,0.04672897196261682,0.018969642642502473,-0.02775932932011435,321
reassignment,10,ownership,delay,-0.14641744548286603,-0.2563364119892737,-0.10991896650640764,321
reassignment,10,ownership,rain_delay_interaction,0.09375,0.07593099536607043,-0.017819004633929582,320
reassignment,10,ownership,fare,-0.059190031152647975,0.00010820640674632658,0.0592982375593943,321
reassignment,10,ownership,parking,-0.09345794392523364,-0.0737778041685853,0.01968013975664834,321
reassignment,10,ownership,road,-0.09345794392523364,-0.12521184798086357,-0.03175390405562994,321
reassignment,10,ownership,walk_vs_wait,0.01875,-0.029488836543168872,-0.04823883654316887,320
reassignment,10,ownership,transfer_vs_wait,0.024922118380062305,-0.018358775051861908,-0.04328089343192421,321
reassignment,11,survey_options,rain,0.04672897196261682,0.023582038385474423,-0.0231469335771424,321
reassignment,11,survey_options,delay,-0.14641744548286603,-0.12034512374178735,0.026072321741078687,321
reassignment,11,survey_options,rain_delay_interaction,0.09375,-0.007235554291401059,-0.10098555429140106,320
reassignment,11,survey_options,fare,-0.059190031152647975,-0.0033780119245483127,0.05581201922809966,321
reassignment,11,survey_options,parking,-0.09345794392523364,-0.15993268271426545,-0.0664747387890318,321
reassignment,11,survey_options,road,-0.09345794392523364,-0.25323805052241616,-0.15978010659718253,321
reassignment,11,survey_options,walk_vs_wait,0.01875,-0.020205054007237776,-0.038955054007237776,320
reassignment,11,survey_options,transfer_vs_wait,0.024922118380062305,-0.007771049721915031,-0.03269316810197734,321
reassignment,11,ownership,rain,0.04672897196261682,0.019513802121268627,-0.027215169841348197,321
reassignment,11,ownership,delay,-0.14641744548286603,-0.2576492698834136,-0.1112318244005475,321
reassignment,11,ownership,rain_delay_interaction,0.09375,0.07273898711428047,-0.02101101288571954,320
reassignment,11,ownership,fare,-0.059190031152647975,0.0004073789116935195,0.059597410064341494,321
reassignment,11,ownership,parking,-0.09345794392523364,-0.0746246211671755,0.01883332275805815,321
reassignment,11,ownership,road,-0.09345794392523364,-0.12582262306593103,-0.032364679140697385,321
reassignment,11,ownership,walk_vs_wait,0.01875,-0.0330662687192671,-0.0518162687192671,320
reassignment,11,ownership,transfer_vs_wait,0.024922118380062305,-0.013937599527594456,-0.038859717907656764,321
reassignment,12,survey_options,rain,0.04672897196261682,0.02479970639693403,-0.021929265565682796,321
reassignment,12,survey_options,delay,-0.14641744548286603,-0.1179473074907408,0.02847013799212525,321
reassignment,12,survey_options,rain_delay_interaction,0.09375,-0.00796457506949082,-0.10171457506949082,320
reassignment,12,survey_options,fare,-0.059190031152647975,-0.003095887798665097,0.05609414335398288,321
reassignment,12,survey_options,parking,-0.09345794392523364,-0.15941857282838254,-0.06596062890314888,321
reassignment,12,survey_options,road,-0.09345794392523364,-0.2524386778027051,-0.1589807338774715,321
reassignment,12,survey_options,walk_vs_wait,0.01875,-0.01730677712475881,-0.03605677712475881,320
reassignment,12,survey_options,transfer_vs_wait,0.024922118380062305,-0.008284435221617838,-0.03320655360168014,321
reassignment,12,ownership,rain,0.04672897196261682,0.019825182274865957,-0.026903789687750868,321
reassignment,12,ownership,delay,-0.14641744548286603,-0.2579619083408487,-0.11154446285798264,321
reassignment,12,ownership,rain_delay_interaction,0.09375,0.0745192760747159,-0.01923072392528411,320
reassignment,12,ownership,fare,-0.059190031152647975,0.0007018808194224337,0.05989191197207041,321
reassignment,12,ownership,parking,-0.09345794392523364,-0.07475273822930371,0.018705205695929927,321
reassignment,12,ownership,road,-0.09345794392523364,-0.12567946254464324,-0.032221518619409605,321
reassignment,12,ownership,walk_vs_wait,0.01875,-0.029882615886162967,-0.048632615886162966,320
reassignment,12,ownership,transfer_vs_wait,0.024922118380062305,-0.014804821461439133,-0.03972693984150144,321
reassignment,13,survey_options,rain,0.04672897196261682,0.025016854241536785,-0.02171211772108004,321
reassignment,13,survey_options,delay,-0.14641744548286603,-0.11797808828499644,0.028439357197869605,321
reassignment,13,survey_options,rain_delay_interaction,0.09375,-0.007997485535452143,-0.10174748553545214,320
reassignment,13,survey_options,fare,-0.059190031152647975,-0.0030712921439301558,0.05611873900871782,321
reassignment,13,survey_options,parking,-0.09345794392523364,-0.1588005951933586,-0.06534265126812495,321
reassignment,13,survey_options,road,-0.09345794392523364,-0.2515407074344376,-0.158082763509204,321
reassignment,13,survey_options,walk_vs_wait,0.01875,-0.01889530752960127,-0.03764530752960127,320
reassignment,13,survey_options,transfer_vs_wait,0.024922118380062305,-0.008746397661225076,-0.03366851604128738,321
reassignment,13,ownership,rain,0.04672897196261682,0.018945070267930582,-0.027783901694686242,321
reassignment,13,ownership,delay,-0.14641744548286603,-0.2592497204932329,-0.11283227501036687,321
reassignment,13,ownership,rain_delay_interaction,0.09375,0.07772988965443801,-0.01602011034556199,320
reassignment,13,ownership,fare,-0.059190031152647975,0.0003428805816767743,0.05953291173432475,321
reassignment,13,ownership,parking,-0.09345794392523364,-0.07380264803674362,0.019655295888490024,321
reassignment,13,ownership,road,-0.09345794392523364,-0.12451980430690857,-0.031061860381674914,321
reassignment,13,ownership,walk_vs_wait,0.01875,-0.03144456854788587,-0.050194568547885864,320
reassignment,13,ownership,transfer_vs_wait,0.024922118380062305,-0.015535202492434659,-0.04045732087249696,321
reassignment,14,survey_options,rain,0.04672897196261682,0.02367051319448376,-0.02305845876813306,321
reassignment,14,survey_options,delay,-0.14641744548286603,-0.11875473560527477,0.027662709877591268,321
reassignment,14,survey_options,rain_delay_interaction,0.09375,-0.0067807607352733616,-0.10053076073527337,320
reassignment,14,survey_options,fare,-0.059190031152647975,-0.003020990256951234,0.05616904089569674,321
reassignment,14,survey_options,parking,-0.09345794392523364,-0.1612026919451226,-0.06774474801988895,321
reassignment,14,survey_options,road,-0.09345794392523364,-0.2546777502993394,-0.1612198063741058,321
reassignment,14,survey_options,walk_vs_wait,0.01875,-0.01918701984686777,-0.03793701984686777,320
reassignment,14,survey_options,transfer_vs_wait,0.024922118380062305,-0.00918440037984343,-0.03410651875990574,321
reassignment,14,ownership,rain,0.04672897196261682,0.019662756205904894,-0.02706621575671193,321
reassignment,14,ownership,delay,-0.14641744548286603,-0.25194835742047733,-0.10553091193761131,321
reassignment,14,ownership,rain_delay_interaction,0.09375,0.07212991439446341,-0.021620085605536587,320
reassignment,14,ownership,fare,-0.059190031152647975,0.0006169549935146284,0.0598069861461626,321
reassignment,14,ownership,parking,-0.09345794392523364,-0.07560935879932758,0.017848585125906074,321
reassignment,14,ownership,road,-0.09345794392523364,-0.12619511519103221,-0.032737171265798566,321
reassignment,14,ownership,walk_vs_wait,0.01875,-0.030963520554360004,-0.04971352055436,320
reassignment,14,ownership,transfer_vs_wait,0.024922118380062305,-0.016371594678111535,-0.04129371305817384,321
reassignment,15,survey_options,rain,0.04672897196261682,0.024794385870019222,-0.0219345860925976,321
reassignment,15,survey_options,delay,-0.14641744548286603,-0.1162402599751137,0.03017718550775235,321
reassignment,15,survey_options,rain_delay_interaction,0.09375,-0.007811332486744505,-0.10156133248674451,320
reassignment,15,survey_options,fare,-0.059190031152647975,-0.0021151132835220323,0.05707491786912594,321
reassignment,15,survey_options,parking,-0.09345794392523364,-0.15988724263576426,-0.0664292987105306,321
reassignment,15,survey_options,road,-0.09345794392523364,-0.2536632690311778,-0.16020532510594415,321
reassignment,15,survey_options,walk_vs_wait,0.01875,-0.017441029770998283,-0.036191029770998286,320
reassignment,15,survey_options,transfer_vs_wait,0.024922118380062305,-0.008210820073372108,-0.033132938453434416,321
reassignment,15,ownership,rain,0.04672897196261682,0.01910581283062418,-0.027623159131992644,321
reassignment,15,ownership,delay,-0.14641744548286603,-0.2553670769267225,-0.10894963144385647,321
reassignment,15,ownership,rain_delay_interaction,0.09375,0.07502740794734564,-0.018722592052654363,320
reassignment,15,ownership,fare,-0.059190031152647975,0.0012819980767285713,0.06047202922937655,321
reassignment,15,ownership,parking,-0.09345794392523364,-0.07515305887640822,0.018304885048825423,321
reassignment,15,ownership,road,-0.09345794392523364,-0.12618920275494688,-0.03273125882971324,321
reassignment,15,ownership,walk_vs_wait,0.01875,-0.02850073977606371,-0.04725073977606371,320
reassignment,15,ownership,transfer_vs_wait,0.024922118380062305,-0.01564549901914374,-0.040567617399206043,321
reassignment,16,survey_options,rain,0.04672897196261682,0.024153038325525147,-0.022575933637091674,321
reassignment,16,survey_options,delay,-0.14641744548286603,-0.11933575987139851,0.02708168561146754,321
reassignment,16,survey_options,rain_delay_interaction,0.09375,-0.0073458767605188765,-0.10109587676051887,320
reassignment,16,survey_options,fare,-0.059190031152647975,-0.0030064484063895692,0.056183582746258405,321
reassignment,16,survey_options,parking,-0.09345794392523364,-0.1593038473057784,-0.06584590338054476,321
reassignment,16,survey_options,road,-0.09345794392523364,-0.2530803107032755,-0.1596223667780419,321
reassignment,16,survey_options,walk_vs_wait,0.01875,-0.019866992125753314,-0.03861699212575331,320
reassignment,16,survey_options,transfer_vs_wait,0.024922118380062305,-0.008849581483043614,-0.03377169986310592,321
reassignment,16,ownership,rain,0.04672897196261682,0.019574846967915508,-0.027154124994701313,321
reassignment,16,ownership,delay,-0.14641744548286603,-0.25893458454489615,-0.1125171390620301,321
reassignment,16,ownership,rain_delay_interaction,0.09375,0.07529189082852099,-0.01845810917147901,320
reassignment,16,ownership,fare,-0.059190031152647975,0.0006497880426522728,0.05983981919530025,321
reassignment,16,ownership,parking,-0.09345794392523364,-0.07426497816018227,0.019192965765051383,321
reassignment,16,ownership,road,-0.09345794392523364,-0.12563741490291286,-0.03217947097767922,321
reassignment,16,ownership,walk_vs_wait,0.01875,-0.03283393015153706,-0.05158393015153706,320
reassignment,16,ownership,transfer_vs_wait,0.024922118380062305,-0.014400381490448925,-0.03932249987051123,321
reassignment,17,survey_options,rain,0.04672897196261682,0.023836360391333838,-0.022892611571282983,321
reassignment,17,survey_options,delay,-0.14641744548286603,-0.11835240182028706,0.028065043662578983,321
reassignment,17,survey_options,rain_delay_interaction,0.09375,-0.006956963219272439,-0.10070696321927244,320
reassignment,17,survey_options,fare,-0.059190031152647975,-0.003021199430260703,0.05616883172238727,321
reassignment,17,survey_options,parking,-0.09345794392523364,-0.16088924812286443,-0.06743130419763078,321
reassignment,17,survey_options,road,-0.09345794392523364,-0.25479108698207686,-0.16133314305684324,321
reassignment,17,survey_options,walk_vs_wait,0.01875,-0.02155245586181991,-0.04030245586181991,320
reassignment,17,survey_options,transfer_vs_wait,0.024922118380062305,-0.006171161175424065,-0.03109327955548637,321
reassignment,17,ownership,rain,0.04672897196261682,0.017709795501651793,-0.029019176460965027,321
reassignment,17,ownership,delay,-0.14641744548286603,-0.25546758104336226,-0.1090501355604962,321
reassignment,17,ownership,rain_delay_interaction,0.09375,0.07580030958051794,-0.017949690419482068,320
reassignment,17,ownership,fare,-0.059190031152647975,0.0005865902799497884,0.059776621432597765,321
reassignment,17,ownership,parking,-0.09345794392523364,-0.07537072555762585,0.018087218367607794,321
reassignment,17,ownership,road,-0.09345794392523364,-0.12599900090991523,-0.03254105698468158,321
reassignment,17,ownership,walk_vs_wait,0.01875,-0.03259270570706576,-0.05134270570706576,320
reassignment,17,ownership,transfer_vs_wait,0.024922118380062305,-0.014913079546433743,-0.03983519792649605,321
reassignment,18,survey_options,rain,0.04672897196261682,0.023525250907349065,-0.023203721055267756,321
reassignment,18,survey_options,delay,-0.14641744548286603,-0.11920177923933228,0.02721566624353376,321
reassignment,18,survey_options,rain_delay_interaction,0.09375,-0.006625165148579981,-0.10037516514857998,320
reassignment,18,survey_options,fare,-0.059190031152647975,-0.002933340489492981,0.056256690663154994,321
reassignment,18,survey_options,parking,-0.09345794392523364,-0.16005828187182963,-0.06660033794659599,321
reassignment,18,survey_options,road,-0.09345794392523364,-0.253166534399724,-0.15970859047449035,321
reassignment,18,survey_options,walk_vs_wait,0.01875,-0.02067772827576846,-0.03942772827576846,320
reassignment,18,survey_options,transfer_vs_wait,0.024922118380062305,-0.008822471657738879,-0.033744590037801184,321
reassignment,18,ownership,rain,0.04672897196261682,0.018475075725268724,-0.0282538962373481,321
reassignment,18,ownership,delay,-0.14641744548286603,-0.25499200152169416,-0.1085745560388281,321
reassignment,18,ownership,rain_delay_interaction,0.09375,0.0758365096495254,-0.017913490350474605,320
reassignment,18,ownership,fare,-0.059190031152647975,0.0009100399563245684,0.060100071108972544,321
reassignment,18,ownership,parking,-0.09345794392523364,-0.07542913801666361,0.018028805908570037,321
reassignment,18,ownership,road,-0.09345794392523364,-0.1261412713421375,-0.03268332741690388,321
reassignment,18,ownership,walk_vs_wait,0.01875,-0.03114178837276995,-0.04989178837276995,320
reassignment,18,ownership,transfer_vs_wait,0.024922118380062305,-0.016059642512571776,-0.04098176089263408,321
reassignment,19,survey_options,rain,0.04672897196261682,0.023948388800860566,-0.022780583161756258,321
reassignment,19,survey_options,delay,-0.14641744548286603,-0.11787233428269439,0.028545111200171655,321
reassignment,19,survey_options,rain_delay_interaction,0.09375,-0.00656268454331439,-0.10031268454331439,320
reassignment,19,survey_options,fare,-0.059190031152647975,-0.0026955113070219103,0.05649451984562606,321
reassignment,19,survey_options,parking,-0.09345794392523364,-0.15980446847254334,-0.0663465245473097,321
reassignment,19,survey_options,road,-0.09345794392523364,-0.2532060420274085,-0.15974809810217483,321
reassignment,19,survey_options,walk_vs_wait,0.01875,-0.018470507697202265,-0.03722050769720227,320
reassignment,19,survey_options,transfer_vs_wait,0.024922118380062305,-0.008998613671118226,-0.03392073205118053,321
reassignment,19,ownership,rain,0.04672897196261682,0.019654212037907955,-0.02707475992470887,321
reassignment,19,ownership,delay,-0.14641744548286603,-0.25744941870383103,-0.11103197322096502,321
reassignment,19,ownership,rain_delay_interaction,0.09375,0.07402308337914291,-0.01972691662085708,320
reassignment,19,ownership,fare,-0.059190031152647975,0.0006641301665907709,0.05985416131923874,321
reassignment,19,ownership,parking,-0.09345794392523364,-0.07523900863491115,0.018218935290322497,321
reassignment,19,ownership,road,-0.09345794392523364,-0.12606946914529318,-0.03261152522005953,321
reassignment,19,ownership,walk_vs_wait,0.01875,-0.03156825229525566,-0.05031825229525566,320
reassignment,19,ownership,transfer_vs_wait,0.024922118380062305,-0.0147536763242472,-0.03967579470430951,321
