kind,repeat,profile,accuracy,brier,pt_bias,response_bias,accuracy_gain,brier_change,unique_od
original,0,survey_options,0.13871571072319203,1.043820661738095,-0.57299654839788,0.063198785643201,0.011526479750778817,-0.061292822006710435,61
original,0,ownership,0.8326059850374065,0.27887556157444443,-0.09027943549491346,0.044300863317683625,0.028037383177570093,-0.045178613202188474,61
permutation,0,survey_options,0.1362219451371571,1.0436374078032187,-0.5723614919369813,0.06329122466957081,0.009034267912772584,-0.0615200181946879,61
permutation,0,ownership,0.8285536159600998,0.2789319615036959,-0.09324178064852817,0.04475447397015279,0.02398753894080997,-0.04506092079027437,61
permutation,1,survey_options,0.1362219451371571,1.0442845608412024,-0.572323331832909,0.06295287397644467,0.009034267912772585,-0.060824749459334256,61
permutation,1,ownership,0.8282418952618454,0.2770348530277456,-0.09280606141886405,0.04458555213740088,0.02367601246105919,-0.04702985644710857,61
permutation,2,survey_options,0.13528678304239403,1.04397455173856,-0.571658775394729,0.06313389334795362,0.008099688473520252,-0.06113492915895802,61
permutation,2,ownership,0.8266832917705735,0.2812706877277018,-0.09105043291396453,0.04441999212838686,0.022118380062305296,-0.042782848989947976,61
permutation,3,survey_options,0.1396508728179551,1.043365949778946,-0.5731374803547888,0.06310788997630834,0.012461059190031152,-0.06174898273681002,61
permutation,3,ownership,0.8298004987531172,0.27558441501506864,-0.09242912148969695,0.04417807196263753,0.02523364485981309,-0.04845575815814581,61
permutation,4,survey_options,0.13528678304239403,1.0450522873686876,-0.5718052831804727,0.06280869983418264,0.00809968847352025,-0.06006471070683057,61
permutation,4,ownership,0.8285536159600998,0.28172472966809053,-0.09296245691964533,0.04460665372680184,0.02398753894080997,-0.04232977605433852,61
permutation,5,survey_options,0.13528678304239403,1.0451048462586678,-0.5718610432832746,0.06285795017590157,0.008099688473520248,-0.060016123571666,61
permutation,5,ownership,0.8326059850374065,0.274354284919439,-0.09036995597034769,0.04448295507311109,0.028037383177570093,-0.04968391040263395,61
permutation,6,survey_options,0.12905236907730674,1.0447353296881439,-0.5718397480848494,0.06290555687054822,0.0018691588785046732,-0.06037665729177177,61
permutation,6,ownership,0.8294887780548629,0.28039280055333754,-0.09268046302245947,0.04439221231613405,0.024922118380062305,-0.04365887023026933,61
permutation,7,survey_options,0.13653366583541146,1.0432494049344672,-0.5721110904190405,0.06301383614225647,0.009345794392523364,-0.061863721962399386,61
permutation,7,ownership,0.8298004987531172,0.27828520263647055,-0.09254975427038492,0.044494886946478594,0.02523364485981309,-0.04577229344408802,61
permutation,8,survey_options,0.13746882793017456,1.0426624660430481,-0.5715868585383603,0.0628045548637964,0.010280373831775701,-0.0624509865027118,61
permutation,8,ownership,0.8269950124688279,0.27924079896905935,-0.09198026001416237,0.04416010560186502,0.022429906542056077,-0.044806789144135266,61
permutation,9,survey_options,0.1362219451371571,1.0455697094114302,-0.5728149869513496,0.06331052755076173,0.009034267912772587,-0.059588920512712,61
permutation,9,ownership,0.8294887780548629,0.2800202755228456,-0.09175608486710507,0.044480154769310803,0.024922118380062305,-0.04397328484839514,61
permutation,10,survey_options,0.13684538653366585,1.0418630877813462,-0.5723364483187685,0.06313859500490783,0.009657320872274142,-0.0632384402469972,61
permutation,10,ownership,0.8282418952618454,0.2776809930522339,-0.09421326962654986,0.04422126035073194,0.02367601246105919,-0.04640487737493716,61
permutation,11,survey_options,0.13497506234413964,1.0401552816903668,-0.572353937965063,0.06314084831910097,0.00778816199376947,-0.06495569364930485,61
permutation,11,ownership,0.8316708229426434,0.27762094869234843,-0.09332833114164896,0.04448873352228594,0.02710280373831776,-0.04643231367852799,61
permutation,12,survey_options,0.13123441396508728,1.0441254885333315,-0.5723330463893,0.06299648971586275,0.004049844236760125,-0.06098872905869994,61
permutation,12,ownership,0.8310473815461347,0.2783601240632365,-0.08987053778595022,0.043819948981688644,0.0264797507788162,-0.04568345150496092,61
permutation,13,survey_options,0.1337281795511222,1.0430997500335224,-0.5725318240171631,0.06307171451069371,0.006542056074766354,-0.06201324883900416,61
permutation,13,ownership,0.8310473815461347,0.2791463610041104,-0.09109593365111202,0.044256315896026,0.0264797507788162,-0.044899840927985976,61
permutation,14,survey_options,0.13653366583541146,1.0433165084311995,-0.5721790720614317,0.06298522908252446,0.009345794392523364,-0.061794246377740746,61
permutation,14,ownership,0.8310473815461347,0.27701956699903824,-0.09231733935339337,0.044648960320608305,0.026479750778816206,-0.04702841910940162,61
permutation,15,survey_options,0.1337281795511222,1.0458931631086799,-0.5722974173023837,0.06306943595063161,0.0065420560747663555,-0.05921980428575962,61
permutation,15,ownership,0.8298004987531172,0.2819920960933322,-0.0926050679224597,0.04413639433213833,0.02523364485981309,-0.042057012026122775,61
permutation,16,survey_options,0.13809226932668328,1.0410293738765708,-0.571828498571102,0.06313666212177833,0.010903426791277258,-0.064084102828654,61
permutation,16,ownership,0.831359102244389,0.27982424434127395,-0.09301438177715138,0.04417938838055632,0.026791277258566983,-0.044218570470149945,61
permutation,17,survey_options,0.13809226932668328,1.0444745915146199,-0.5720298644888303,0.06294838637270594,0.010903426791277258,-0.06064159341697428,61
permutation,17,ownership,0.8319825436408977,0.27717898825328785,-0.09222126651443241,0.0443608827596301,0.02741433021806854,-0.04686875522140304,61
permutation,18,survey_options,0.13653366583541146,1.0451475543369622,-0.5722179640165211,0.0628618630538909,0.009345794392523364,-0.05996319366908263,61
permutation,18,ownership,0.8285536159600998,0.28059501476198884,-0.09221934668686094,0.044472860193934344,0.02398753894080997,-0.043461767609513334,61
permutation,19,survey_options,0.13154613466334164,1.044078496957737,-0.5725436009001568,0.06300631591853245,0.004361370716510904,-0.061038144737605014,61
permutation,19,ownership,0.8301122194513716,0.2781925148621896,-0.08889793305082405,0.044003003382485105,0.02554517133956386,-0.045852258162981836,61
reassignment,0,survey_options,0.13559850374064839,1.0412678476278696,-0.5724516382314349,0.06328252937456678,0.008411214953271027,-0.06385073154911171,63
reassignment,0,ownership,0.8326059850374065,0.2735177695077325,-0.09079311482354002,0.044519438605449435,0.028037383177570093,-0.050519904620937514,63
reassignment,1,survey_options,0.13216957605985039,1.0441539304225125,-0.5724326359883806,0.0633480417975317,0.004984423676012461,-0.06095541151637245,66
reassignment,1,ownership,0.8307356608478803,0.27513274083356676,-0.09038203133141243,0.04423765928037947,0.026168224299065422,-0.04891715162513148,66
reassignment,2,survey_options,0.12998753117206982,1.044024748172073,-0.572813684507906,0.06326449928283777,0.0028037383177570096,-0.061132919159396774,59
reassignment,2,ownership,0.8301122194513716,0.27867752164816517,-0.09184816863127698,0.044643568458913055,0.025545171339563865,-0.045315202116300086,59
reassignment,3,survey_options,0.13840399002493767,1.043663730376752,-0.571430863409975,0.06300820637112435,0.011214953271028038,-0.06144808469958894,60
reassignment,3,ownership,0.8326059850374065,0.2780236081267058,-0.09276645494993085,0.044372984855603294,0.028037383177570093,-0.04602336664507335,60
reassignment,4,survey_options,0.13559850374064839,1.048534603045255,-0.5743604476091584,0.06293260126252694,0.008411214953271028,-0.05658923140685175,63
reassignment,4,ownership,0.8269950124688279,0.2802244015771835,-0.09570517159964742,0.04479704983589208,0.022429906542056073,-0.043818275541008755,63
reassignment,5,survey_options,0.14027431421446385,1.0450582416164482,-0.5733654760522477,0.06348241094047663,0.013084112149532708,-0.06005597750005529,70
reassignment,5,ownership,0.8310473815461347,0.27952220931459026,-0.09336581314795478,0.04439929137590745,0.0264797507788162,-0.044524226790908276,70
reassignment,6,survey_options,0.13497506234413964,1.0451538322809806,-0.5731665214675796,0.06294305317288232,0.00778816199376947,-0.059963293733225335,63
reassignment,6,ownership,0.8319825436408977,0.27905825791602756,-0.09534947669941773,0.045000186548897425,0.02741433021806854,-0.04499270163040627,63
reassignment,7,survey_options,0.1362219451371571,1.0449869393298081,-0.572161984012144,0.06309158565585835,0.009034267912772587,-0.06013001803042093,62
reassignment,7,ownership,0.8332294264339152,0.2759621635416153,-0.08877735248356922,0.044716893294553924,0.02866043613707165,-0.04808875179693431,62
reassignment,8,survey_options,0.14089775561097256,1.0433725698064293,-0.5723722638716768,0.06300835515519063,0.01370716510903427,-0.0617464160030416,67
reassignment,8,ownership,0.8263715710723192,0.2784747920576665,-0.09365509769692315,0.044678471736428194,0.021806853582554516,-0.04555934246986547,67
reassignment,9,survey_options,0.13653366583541146,1.0410826667950588,-0.5713755093817425,0.06306032681992785,0.009345794392523364,-0.06406811196395869,66
reassignment,9,ownership,0.8298004987531172,0.28024894652044396,-0.09144167357038457,0.04496111029720426,0.02523364485981309,-0.043747072456346736,66
reassignment,10,survey_options,0.1371571072319202,1.0440524005514775,-0.5728159981243837,0.06319407814785521,0.009968847352024923,-0.061101428316021104,62
reassignment,10,ownership,0.8282418952618454,0.2754782135131278,-0.09323273917910946,0.044718663975902156,0.02367601246105919,-0.048521903860931935,62
reassignment,11,survey_options,0.13528678304239403,1.043734759999213,-0.5724568126074031,0.06298998704164391,0.008099688473520248,-0.06137059463754405,63
reassignment,11,ownership,0.8282418952618454,0.2795721999653835,-0.0937527728980021,0.04511617571470452,0.02367601246105919,-0.04451104390314623,63
reassignment,12,survey_options,0.13778054862842892,1.0434778702795886,-0.572820631711119,0.06280160193604264,0.010591900311526481,-0.061642085858546594,65
reassignment,12,ownership,0.8322942643391521,0.27739093990096325,-0.0947127455181821,0.04460714606076149,0.02772585669781932,-0.04664914741798285,65
reassignment,13,survey_options,0.13341645885286782,1.0457755596854474,-0.5734968757012422,0.06284461722641715,0.006230529595015576,-0.05933504333540172,64
reassignment,13,ownership,0.8322942643391521,0.27533444626039383,-0.09356791655297281,0.04469228055943595,0.027725856697819316,-0.04871539186444136,64
reassignment,14,survey_options,0.1362219451371571,1.0439402188995581,-0.572421572697198,0.06355363290968283,0.009034267912772587,-0.06116977687256948,69
reassignment,14,ownership,0.8310473815461347,0.2801135631012915,-0.09300763715387195,0.04445214868128261,0.0264797507788162,-0.043942919300328585,69
reassignment,15,survey_options,0.13403990024937656,1.0464495781089374,-0.574173424860487,0.06333832674964099,0.006853582554517135,-0.058658412333338225,66
reassignment,15,ownership,0.8288653366583542,0.28098659549647065,-0.094209365453513,0.044327739113961054,0.02429906542056075,-0.0431012609780196,66
reassignment,16,survey_options,0.13746882793017456,1.0426736958436709,-0.5726009133000285,0.0630992551128478,0.010280373831775701,-0.06243099769392408,59
reassignment,16,ownership,0.827930174563591,0.2771106791698189,-0.09430691713212924,0.045031007398536195,0.02336448598130841,-0.046971031040894326,59
reassignment,17,survey_options,0.13933915211970074,1.044695911655717,-0.5730429069088839,0.06349920410591275,0.012149532710280374,-0.0604203653447595,62
reassignment,17,ownership,0.8269950124688279,0.2806009939499145,-0.09104146806702029,0.04470022535742403,0.022429906542056077,-0.043450459741501725,62
reassignment,18,survey_options,0.131857855361596,1.0430331840114304,-0.5725024037414109,0.06331656123064906,0.004672897196261682,-0.06207739427139138,66
reassignment,18,ownership,0.831359102244389,0.27779144616112356,-0.09258383657159674,0.04455346204081266,0.026791277258566983,-0.04625702086891265,66
reassignment,19,survey_options,0.1337281795511222,1.0460450021317904,-0.573501976374409,0.06317109514359197,0.0065420560747663555,-0.05907179926381761,65
reassignment,19,ownership,0.831359102244389,0.2765239457296909,-0.09508119242415625,0.044814039824464615,0.026791277258566983,-0.047516153489630425,65
