model,card,n,pt_itinerary_changed,requested_pt_feasible,adjusted_pt_feasible,mean_abs_shift_min
direction_magnitude_seed2026,C0_baseline,1000,444,684,684,7.405630146823824
direction_magnitude_seed2026,C3_transit_delay,1000,385,684,684,6.954448905907571
direction_magnitude_seed42,C0_baseline,1000,397,684,684,6.061156976057217
direction_magnitude_seed42,C3_transit_delay,1000,412,684,685,7.025039568135515
direction_magnitude_seed7,C0_baseline,1000,351,684,685,5.822549722179771
direction_magnitude_seed7,C3_transit_delay,1000,372,684,685,6.773328927017748
independent_neural_seed2026,C0_baseline,1000,401,684,684,6.193333205921576
independent_neural_seed2026,C3_transit_delay,1000,353,684,684,5.93988498872146
independent_neural_seed42,C0_baseline,1000,181,684,684,1.5879062052834778
independent_neural_seed42,C3_transit_delay,1000,204,684,684,1.8320167165193706
independent_neural_seed7,C0_baseline,1000,285,684,685,4.6760824305024
independent_neural_seed7,C3_transit_delay,1000,313,684,684,5.067975612131879
s9,C0_baseline,1000,279,684,684,3.490587362419814
s9,C3_transit_delay,1000,313,684,684,5.482787202153355
soft_kl_seed2026,C0_baseline,1000,435,684,684,7.1336564596258105
soft_kl_seed2026,C3_transit_delay,1000,395,684,684,6.904555956423283
soft_kl_seed42,C0_baseline,1000,400,684,684,5.915194139711558
soft_kl_seed42,C3_transit_delay,1000,394,684,685,6.640233997033909
soft_kl_seed7,C0_baseline,1000,326,684,685,5.357225582927465
soft_kl_seed7,C3_transit_delay,1000,326,684,684,6.03153465039283
