model,card,policy,sampling_seed,pt_planner_feasible,n_initial,n_subgroup,subgroup_mean_raw_pt_probability,raw_pt_probability_mass_per_initial_person,assigned_pt_people,routed_pt_people,actual_pt_people,outbound_completed
direction_magnitude_seed2026,C0_baseline,planner_sampling,2026,False,1000,316,0.10229985073394483,0.03232675283192657,0,0,0,316
direction_magnitude_seed2026,C0_baseline,planner_sampling,2026,True,1000,684,0.3002588727303056,0.20537706894752905,225,225,225,684
direction_magnitude_seed2026,C0_baseline,planner_sampling,42,False,1000,316,0.10229985073394483,0.03232675283192657,0,0,0,316
direction_magnitude_seed2026,C0_baseline,planner_sampling,42,True,1000,684,0.3002588727303056,0.20537706894752905,209,209,209,684
direction_magnitude_seed2026,C0_baseline,planner_sampling,7,False,1000,316,0.10229985073394483,0.03232675283192657,0,0,0,316
direction_magnitude_seed2026,C0_baseline,planner_sampling,7,True,1000,684,0.3002588727303056,0.20537706894752905,212,212,212,684
direction_magnitude_seed2026,C0_baseline,soft_argmax,0,False,1000,316,0.10229985073394483,0.03232675283192657,7,0,0,316
direction_magnitude_seed2026,C0_baseline,soft_argmax,0,True,1000,684,0.3002588727303056,0.20537706894752905,171,171,171,684
direction_magnitude_seed2026,C0_baseline,soft_sampling,2026,False,1000,316,0.10229985073394483,0.03232675283192657,36,0,0,316
direction_magnitude_seed2026,C0_baseline,soft_sampling,2026,True,1000,684,0.3002588727303056,0.20537706894752905,223,223,223,684
direction_magnitude_seed2026,C0_baseline,soft_sampling,42,False,1000,316,0.10229985073394483,0.03232675283192657,39,0,0,316
direction_magnitude_seed2026,C0_baseline,soft_sampling,42,True,1000,684,0.3002588727303056,0.20537706894752905,207,207,207,684
direction_magnitude_seed2026,C0_baseline,soft_sampling,7,False,1000,316,0.10229985073394483,0.03232675283192657,30,0,0,316
direction_magnitude_seed2026,C0_baseline,soft_sampling,7,True,1000,684,0.3002588727303056,0.20537706894752905,210,210,210,684
direction_magnitude_seed2026,C3_transit_delay,planner_sampling,2026,False,1000,316,0.15710753887373058,0.04964598228409886,0,0,0,316
direction_magnitude_seed2026,C3_transit_delay,planner_sampling,2026,True,1000,684,0.22141486333539676,0.15144776652141137,173,173,173,684
direction_magnitude_seed2026,C3_transit_delay,planner_sampling,42,False,1000,316,0.15710753887373058,0.04964598228409886,0,0,0,316
direction_magnitude_seed2026,C3_transit_delay,planner_sampling,42,True,1000,684,0.22141486333539676,0.15144776652141137,158,158,158,684
direction_magnitude_seed2026,C3_transit_delay,planner_sampling,7,False,1000,316,0.15710753887373058,0.04964598228409886,0,0,0,316
direction_magnitude_seed2026,C3_transit_delay,planner_sampling,7,True,1000,684,0.22141486333539676,0.15144776652141137,151,151,151,684
direction_magnitude_seed2026,C3_transit_delay,soft_argmax,0,False,1000,316,0.15710753887373058,0.04964598228409886,23,0,0,316
direction_magnitude_seed2026,C3_transit_delay,soft_argmax,0,True,1000,684,0.22141486333539676,0.15144776652141137,101,101,101,684
direction_magnitude_seed2026,C3_transit_delay,soft_sampling,2026,False,1000,316,0.15710753887373058,0.04964598228409886,56,0,0,316
direction_magnitude_seed2026,C3_transit_delay,soft_sampling,2026,True,1000,684,0.22141486333539676,0.15144776652141137,171,171,171,684
direction_magnitude_seed2026,C3_transit_delay,soft_sampling,42,False,1000,316,0.15710753887373058,0.04964598228409886,52,0,0,316
direction_magnitude_seed2026,C3_transit_delay,soft_sampling,42,True,1000,684,0.22141486333539676,0.15144776652141137,157,157,157,684
direction_magnitude_seed2026,C3_transit_delay,soft_sampling,7,False,1000,316,0.15710753887373058,0.04964598228409886,52,0,0,316
direction_magnitude_seed2026,C3_transit_delay,soft_sampling,7,True,1000,684,0.22141486333539676,0.15144776652141137,150,150,150,684
direction_magnitude_seed42,C0_baseline,planner_sampling,2026,False,1000,316,0.07616363418851449,0.024067708403570576,0,0,0,316
direction_magnitude_seed42,C0_baseline,planner_sampling,2026,True,1000,684,0.37984951937457817,0.2598170712522115,266,266,266,684
direction_magnitude_seed42,C0_baseline,planner_sampling,42,False,1000,316,0.07616363418851449,0.024067708403570576,0,0,0,316
direction_magnitude_seed42,C0_baseline,planner_sampling,42,True,1000,684,0.37984951937457817,0.2598170712522115,266,266,266,684
direction_magnitude_seed42,C0_baseline,planner_sampling,7,False,1000,316,0.07616363418851449,0.024067708403570576,0,0,0,316
direction_magnitude_seed42,C0_baseline,planner_sampling,7,True,1000,684,0.37984951937457817,0.2598170712522115,270,270,270,684
direction_magnitude_seed42,C0_baseline,soft_argmax,0,False,1000,316,0.07616363418851449,0.024067708403570576,1,0,0,316
direction_magnitude_seed42,C0_baseline,soft_argmax,0,True,1000,684,0.37984951937457817,0.2598170712522115,230,230,230,684
direction_magnitude_seed42,C0_baseline,soft_sampling,2026,False,1000,316,0.07616363418851449,0.024067708403570576,20,0,0,316
direction_magnitude_seed42,C0_baseline,soft_sampling,2026,True,1000,684,0.37984951937457817,0.2598170712522115,264,264,264,684
direction_magnitude_seed42,C0_baseline,soft_sampling,42,False,1000,316,0.07616363418851449,0.024067708403570576,27,0,0,316
direction_magnitude_seed42,C0_baseline,soft_sampling,42,True,1000,684,0.37984951937457817,0.2598170712522115,262,262,262,684
direction_magnitude_seed42,C0_baseline,soft_sampling,7,False,1000,316,0.07616363418851449,0.024067708403570576,23,0,0,316
direction_magnitude_seed42,C0_baseline,soft_sampling,7,True,1000,684,0.37984951937457817,0.2598170712522115,268,268,268,684
direction_magnitude_seed42,C3_transit_delay,planner_sampling,2026,False,1000,315,0.07776628662388595,0.024496380286524073,0,0,0,315
direction_magnitude_seed42,C3_transit_delay,planner_sampling,2026,True,1000,685,0.31808843666454567,0.21789057911521376,225,225,225,685
direction_magnitude_seed42,C3_transit_delay,planner_sampling,42,False,1000,315,0.07776628662388595,0.024496380286524073,0,0,0,315
direction_magnitude_seed42,C3_transit_delay,planner_sampling,42,True,1000,685,0.31808843666454567,0.21789057911521376,222,222,222,685
direction_magnitude_seed42,C3_transit_delay,planner_sampling,7,False,1000,315,0.07776628662388595,0.024496380286524073,0,0,0,315
direction_magnitude_seed42,C3_transit_delay,planner_sampling,7,True,1000,685,0.31808843666454567,0.21789057911521376,225,225,225,685
direction_magnitude_seed42,C3_transit_delay,soft_argmax,0,False,1000,315,0.07776628662388595,0.024496380286524073,1,0,0,315
direction_magnitude_seed42,C3_transit_delay,soft_argmax,0,True,1000,685,0.31808843666454567,0.21789057911521376,181,181,181,685
direction_magnitude_seed42,C3_transit_delay,soft_sampling,2026,False,1000,315,0.07776628662388595,0.024496380286524073,21,0,0,315
direction_magnitude_seed42,C3_transit_delay,soft_sampling,2026,True,1000,685,0.31808843666454567,0.21789057911521376,225,225,225,685
direction_magnitude_seed42,C3_transit_delay,soft_sampling,42,False,1000,315,0.07776628662388595,0.024496380286524073,30,0,0,315
direction_magnitude_seed42,C3_transit_delay,soft_sampling,42,True,1000,685,0.31808843666454567,0.21789057911521376,218,218,218,685
direction_magnitude_seed42,C3_transit_delay,soft_sampling,7,False,1000,315,0.07776628662388595,0.024496380286524073,25,0,0,315
direction_magnitude_seed42,C3_transit_delay,soft_sampling,7,True,1000,685,0.31808843666454567,0.21789057911521376,222,222,222,685
direction_magnitude_seed7,C0_baseline,planner_sampling,2026,False,1000,315,0.07513009537720965,0.023665980043821037,0,0,0,315
direction_magnitude_seed7,C0_baseline,planner_sampling,2026,True,1000,685,0.29608852900418087,0.2028206423678639,212,212,212,685
direction_magnitude_seed7,C0_baseline,planner_sampling,42,False,1000,315,0.07513009537720965,0.023665980043821037,0,0,0,315
direction_magnitude_seed7,C0_baseline,planner_sampling,42,True,1000,685,0.29608852900418087,0.2028206423678639,209,209,209,685
direction_magnitude_seed7,C0_baseline,planner_sampling,7,False,1000,315,0.07513009537720965,0.023665980043821037,0,0,0,315
direction_magnitude_seed7,C0_baseline,planner_sampling,7,True,1000,685,0.29608852900418087,0.2028206423678639,216,216,216,685
direction_magnitude_seed7,C0_baseline,soft_argmax,0,False,1000,315,0.07513009537720965,0.023665980043821037,0,0,0,315
direction_magnitude_seed7,C0_baseline,soft_argmax,0,True,1000,685,0.29608852900418087,0.2028206423678639,178,178,178,685
direction_magnitude_seed7,C0_baseline,soft_sampling,2026,False,1000,315,0.07513009537720965,0.023665980043821037,18,0,0,315
direction_magnitude_seed7,C0_baseline,soft_sampling,2026,True,1000,685,0.29608852900418087,0.2028206423678639,209,209,209,685
direction_magnitude_seed7,C0_baseline,soft_sampling,42,False,1000,315,0.07513009537720965,0.023665980043821037,27,0,0,315
direction_magnitude_seed7,C0_baseline,soft_sampling,42,True,1000,685,0.29608852900418087,0.2028206423678639,204,204,204,685
direction_magnitude_seed7,C0_baseline,soft_sampling,7,False,1000,315,0.07513009537720965,0.023665980043821037,22,0,0,315
direction_magnitude_seed7,C0_baseline,soft_sampling,7,True,1000,685,0.29608852900418087,0.2028206423678639,211,211,211,685
direction_magnitude_seed7,C3_transit_delay,planner_sampling,2026,False,1000,315,0.020864203879942318,0.006572224222181831,0,0,0,315
direction_magnitude_seed7,C3_transit_delay,planner_sampling,2026,True,1000,685,0.1386489551835857,0.09497453430075621,95,95,95,685
direction_magnitude_seed7,C3_transit_delay,planner_sampling,42,False,1000,315,0.020864203879942318,0.006572224222181831,0,0,0,315
direction_magnitude_seed7,C3_transit_delay,planner_sampling,42,True,1000,685,0.1386489551835857,0.09497453430075621,91,91,91,685
direction_magnitude_seed7,C3_transit_delay,planner_sampling,7,False,1000,315,0.020864203879942318,0.006572224222181831,0,0,0,315
direction_magnitude_seed7,C3_transit_delay,planner_sampling,7,True,1000,685,0.1386489551835857,0.09497453430075621,95,95,95,685
direction_magnitude_seed7,C3_transit_delay,soft_argmax,0,False,1000,315,0.020864203879942318,0.006572224222181831,0,0,0,315
direction_magnitude_seed7,C3_transit_delay,soft_argmax,0,True,1000,685,0.1386489551835857,0.09497453430075621,38,38,38,685
direction_magnitude_seed7,C3_transit_delay,soft_sampling,2026,False,1000,315,0.020864203879942318,0.006572224222181831,6,0,0,315
direction_magnitude_seed7,C3_transit_delay,soft_sampling,2026,True,1000,685,0.1386489551835857,0.09497453430075621,94,94,94,685
direction_magnitude_seed7,C3_transit_delay,soft_sampling,42,False,1000,315,0.020864203879942318,0.006572224222181831,5,0,0,315
direction_magnitude_seed7,C3_transit_delay,soft_sampling,42,True,1000,685,0.1386489551835857,0.09497453430075621,87,87,87,685
direction_magnitude_seed7,C3_transit_delay,soft_sampling,7,False,1000,315,0.020864203879942318,0.006572224222181831,5,0,0,315
direction_magnitude_seed7,C3_transit_delay,soft_sampling,7,True,1000,685,0.1386489551835857,0.09497453430075621,93,93,93,685
independent_neural_seed2026,C0_baseline,planner_sampling,2026,False,1000,316,0.07090058349232395,0.02240458438357437,0,0,0,316
independent_neural_seed2026,C0_baseline,planner_sampling,2026,True,1000,684,0.4770416238406973,0.326296470707037,330,330,330,684
independent_neural_seed2026,C0_baseline,planner_sampling,42,False,1000,316,0.07090058349232395,0.02240458438357437,0,0,0,316
independent_neural_seed2026,C0_baseline,planner_sampling,42,True,1000,684,0.4770416238406973,0.326296470707037,328,328,328,684
independent_neural_seed2026,C0_baseline,planner_sampling,7,False,1000,316,0.07090058349232395,0.02240458438357437,0,0,0,316
independent_neural_seed2026,C0_baseline,planner_sampling,7,True,1000,684,0.4770416238406973,0.326296470707037,355,355,355,684
independent_neural_seed2026,C0_baseline,soft_argmax,0,False,1000,316,0.07090058349232395,0.02240458438357437,13,0,0,316
independent_neural_seed2026,C0_baseline,soft_argmax,0,True,1000,684,0.4770416238406973,0.326296470707037,321,321,321,684
independent_neural_seed2026,C0_baseline,soft_sampling,2026,False,1000,316,0.07090058349232395,0.02240458438357437,22,0,0,316
independent_neural_seed2026,C0_baseline,soft_sampling,2026,True,1000,684,0.4770416238406973,0.326296470707037,326,326,326,684
independent_neural_seed2026,C0_baseline,soft_sampling,42,False,1000,316,0.07090058349232395,0.02240458438357437,18,0,0,316
independent_neural_seed2026,C0_baseline,soft_sampling,42,True,1000,684,0.4770416238406973,0.326296470707037,325,325,325,684
independent_neural_seed2026,C0_baseline,soft_sampling,7,False,1000,316,0.07090058349232395,0.02240458438357437,19,0,0,316
independent_neural_seed2026,C0_baseline,soft_sampling,7,True,1000,684,0.4770416238406973,0.326296470707037,352,352,352,684
independent_neural_seed2026,C3_transit_delay,planner_sampling,2026,False,1000,316,0.046433592645980556,0.014673015276129856,0,0,0,316
independent_neural_seed2026,C3_transit_delay,planner_sampling,2026,True,1000,684,0.38835354007999284,0.26563382141471514,262,262,262,684
independent_neural_seed2026,C3_transit_delay,planner_sampling,42,False,1000,316,0.046433592645980556,0.014673015276129856,0,0,0,316
independent_neural_seed2026,C3_transit_delay,planner_sampling,42,True,1000,684,0.38835354007999284,0.26563382141471514,274,274,274,684
independent_neural_seed2026,C3_transit_delay,planner_sampling,7,False,1000,316,0.046433592645980556,0.014673015276129856,0,0,0,316
independent_neural_seed2026,C3_transit_delay,planner_sampling,7,True,1000,684,0.38835354007999284,0.26563382141471514,277,277,277,684
independent_neural_seed2026,C3_transit_delay,soft_argmax,0,False,1000,316,0.046433592645980556,0.014673015276129856,9,0,0,316
independent_neural_seed2026,C3_transit_delay,soft_argmax,0,True,1000,684,0.38835354007999284,0.26563382141471514,252,252,252,684
independent_neural_seed2026,C3_transit_delay,soft_sampling,2026,False,1000,316,0.046433592645980556,0.014673015276129856,11,0,0,316
independent_neural_seed2026,C3_transit_delay,soft_sampling,2026,True,1000,684,0.38835354007999284,0.26563382141471514,259,259,259,684
independent_neural_seed2026,C3_transit_delay,soft_sampling,42,False,1000,316,0.046433592645980556,0.014673015276129856,12,0,0,316
independent_neural_seed2026,C3_transit_delay,soft_sampling,42,True,1000,684,0.38835354007999284,0.26563382141471514,270,270,270,684
independent_neural_seed2026,C3_transit_delay,soft_sampling,7,False,1000,316,0.046433592645980556,0.014673015276129856,13,0,0,316
independent_neural_seed2026,C3_transit_delay,soft_sampling,7,True,1000,684,0.38835354007999284,0.26563382141471514,275,275,275,684
independent_neural_seed42,C0_baseline,planner_sampling,2026,False,1000,316,0.07090058349232395,0.02240458438357437,0,0,0,316
independent_neural_seed42,C0_baseline,planner_sampling,2026,True,1000,684,0.4770416238406973,0.326296470707037,330,330,330,684
independent_neural_seed42,C0_baseline,planner_sampling,42,False,1000,316,0.07090058349232395,0.02240458438357437,0,0,0,316
independent_neural_seed42,C0_baseline,planner_sampling,42,True,1000,684,0.4770416238406973,0.326296470707037,328,328,328,684
independent_neural_seed42,C0_baseline,planner_sampling,7,False,1000,316,0.07090058349232395,0.02240458438357437,0,0,0,316
independent_neural_seed42,C0_baseline,planner_sampling,7,True,1000,684,0.4770416238406973,0.326296470707037,355,355,355,684
independent_neural_seed42,C0_baseline,soft_argmax,0,False,1000,316,0.07090058349232395,0.02240458438357437,13,0,0,316
independent_neural_seed42,C0_baseline,soft_argmax,0,True,1000,684,0.4770416238406973,0.326296470707037,321,321,321,684
independent_neural_seed42,C0_baseline,soft_sampling,2026,False,1000,316,0.07090058349232395,0.02240458438357437,22,0,0,316
independent_neural_seed42,C0_baseline,soft_sampling,2026,True,1000,684,0.4770416238406973,0.326296470707037,326,326,326,684
independent_neural_seed42,C0_baseline,soft_sampling,42,False,1000,316,0.07090058349232395,0.02240458438357437,18,0,0,316
independent_neural_seed42,C0_baseline,soft_sampling,42,True,1000,684,0.4770416238406973,0.326296470707037,325,325,325,684
independent_neural_seed42,C0_baseline,soft_sampling,7,False,1000,316,0.07090058349232395,0.02240458438357437,19,0,0,316
independent_neural_seed42,C0_baseline,soft_sampling,7,True,1000,684,0.4770416238406973,0.326296470707037,352,352,352,684
independent_neural_seed42,C3_transit_delay,planner_sampling,2026,False,1000,316,0.046433592645980556,0.014673015276129856,0,0,0,316
independent_neural_seed42,C3_transit_delay,planner_sampling,2026,True,1000,684,0.38835354007999284,0.26563382141471514,262,262,262,684
independent_neural_seed42,C3_transit_delay,planner_sampling,42,False,1000,316,0.046433592645980556,0.014673015276129856,0,0,0,316
independent_neural_seed42,C3_transit_delay,planner_sampling,42,True,1000,684,0.38835354007999284,0.26563382141471514,274,274,274,684
independent_neural_seed42,C3_transit_delay,planner_sampling,7,False,1000,316,0.046433592645980556,0.014673015276129856,0,0,0,316
independent_neural_seed42,C3_transit_delay,planner_sampling,7,True,1000,684,0.38835354007999284,0.26563382141471514,277,277,277,684
independent_neural_seed42,C3_transit_delay,soft_argmax,0,False,1000,316,0.046433592645980556,0.014673015276129856,9,0,0,316
independent_neural_seed42,C3_transit_delay,soft_argmax,0,True,1000,684,0.38835354007999284,0.26563382141471514,252,252,252,684
independent_neural_seed42,C3_transit_delay,soft_sampling,2026,False,1000,316,0.046433592645980556,0.014673015276129856,11,0,0,316
independent_neural_seed42,C3_transit_delay,soft_sampling,2026,True,1000,684,0.38835354007999284,0.26563382141471514,259,259,259,684
independent_neural_seed42,C3_transit_delay,soft_sampling,42,False,1000,316,0.046433592645980556,0.014673015276129856,12,0,0,316
independent_neural_seed42,C3_transit_delay,soft_sampling,42,True,1000,684,0.38835354007999284,0.26563382141471514,270,270,270,684
independent_neural_seed42,C3_transit_delay,soft_sampling,7,False,1000,316,0.046433592645980556,0.014673015276129856,13,0,0,316
independent_neural_seed42,C3_transit_delay,soft_sampling,7,True,1000,684,0.38835354007999284,0.26563382141471514,275,275,275,684
independent_neural_seed7,C0_baseline,planner_sampling,2026,False,1000,315,0.07111360293078318,0.022400784923196703,0,0,0,315
independent_neural_seed7,C0_baseline,planner_sampling,2026,True,1000,685,0.4763507593684885,0.32630027016741464,330,330,330,685
independent_neural_seed7,C0_baseline,planner_sampling,42,False,1000,315,0.07111360293078318,0.022400784923196703,0,0,0,315
independent_neural_seed7,C0_baseline,planner_sampling,42,True,1000,685,0.4763507593684885,0.32630027016741464,328,328,328,685
independent_neural_seed7,C0_baseline,planner_sampling,7,False,1000,315,0.07111360293078318,0.022400784923196703,0,0,0,315
independent_neural_seed7,C0_baseline,planner_sampling,7,True,1000,685,0.4763507593684885,0.32630027016741464,355,355,355,685
independent_neural_seed7,C0_baseline,soft_argmax,0,False,1000,315,0.07111360293078318,0.022400784923196703,13,0,0,315
independent_neural_seed7,C0_baseline,soft_argmax,0,True,1000,685,0.4763507593684885,0.32630027016741464,321,321,321,685
independent_neural_seed7,C0_baseline,soft_sampling,2026,False,1000,315,0.07111360293078318,0.022400784923196703,22,0,0,315
independent_neural_seed7,C0_baseline,soft_sampling,2026,True,1000,685,0.4763507593684885,0.32630027016741464,326,326,326,685
independent_neural_seed7,C0_baseline,soft_sampling,42,False,1000,315,0.07111360293078318,0.022400784923196703,18,0,0,315
independent_neural_seed7,C0_baseline,soft_sampling,42,True,1000,685,0.4763507593684885,0.32630027016741464,325,325,325,685
independent_neural_seed7,C0_baseline,soft_sampling,7,False,1000,315,0.07111360293078318,0.022400784923196703,19,0,0,315
independent_neural_seed7,C0_baseline,soft_sampling,7,True,1000,685,0.4763507593684885,0.32630027016741464,352,352,352,685
independent_neural_seed7,C3_transit_delay,planner_sampling,2026,False,1000,316,0.046433592645980556,0.014673015276129856,0,0,0,316
independent_neural_seed7,C3_transit_delay,planner_sampling,2026,True,1000,684,0.38835354007999284,0.26563382141471514,262,262,262,684
independent_neural_seed7,C3_transit_delay,planner_sampling,42,False,1000,316,0.046433592645980556,0.014673015276129856,0,0,0,316
independent_neural_seed7,C3_transit_delay,planner_sampling,42,True,1000,684,0.38835354007999284,0.26563382141471514,274,274,274,684
independent_neural_seed7,C3_transit_delay,planner_sampling,7,False,1000,316,0.046433592645980556,0.014673015276129856,0,0,0,316
independent_neural_seed7,C3_transit_delay,planner_sampling,7,True,1000,684,0.38835354007999284,0.26563382141471514,277,277,277,684
independent_neural_seed7,C3_transit_delay,soft_argmax,0,False,1000,316,0.046433592645980556,0.014673015276129856,9,0,0,316
independent_neural_seed7,C3_transit_delay,soft_argmax,0,True,1000,684,0.38835354007999284,0.26563382141471514,252,252,252,684
independent_neural_seed7,C3_transit_delay,soft_sampling,2026,False,1000,316,0.046433592645980556,0.014673015276129856,11,0,0,316
independent_neural_seed7,C3_transit_delay,soft_sampling,2026,True,1000,684,0.38835354007999284,0.26563382141471514,259,259,259,684
independent_neural_seed7,C3_transit_delay,soft_sampling,42,False,1000,316,0.046433592645980556,0.014673015276129856,12,0,0,316
independent_neural_seed7,C3_transit_delay,soft_sampling,42,True,1000,684,0.38835354007999284,0.26563382141471514,270,270,270,684
independent_neural_seed7,C3_transit_delay,soft_sampling,7,False,1000,316,0.046433592645980556,0.014673015276129856,13,0,0,316
independent_neural_seed7,C3_transit_delay,soft_sampling,7,True,1000,684,0.38835354007999284,0.26563382141471514,275,275,275,684
s9,C0_baseline,planner_sampling,2026,False,1000,316,0.2002828215201727,0.06328937160037458,0,0,0,316
s9,C0_baseline,planner_sampling,2026,True,1000,684,0.31306209026723997,0.21413446974279213,236,236,236,684
s9,C0_baseline,planner_sampling,42,False,1000,316,0.2002828215201727,0.06328937160037458,0,0,0,316
s9,C0_baseline,planner_sampling,42,True,1000,684,0.31306209026723997,0.21413446974279213,221,221,221,684
s9,C0_baseline,planner_sampling,7,False,1000,316,0.2002828215201727,0.06328937160037458,0,0,0,316
s9,C0_baseline,planner_sampling,7,True,1000,684,0.31306209026723997,0.21413446974279213,231,231,231,684
s9,C0_baseline,soft_argmax,0,False,1000,316,0.2002828215201727,0.06328937160037458,57,0,0,316
s9,C0_baseline,soft_argmax,0,True,1000,684,0.31306209026723997,0.21413446974279213,161,161,161,684
s9,C0_baseline,soft_sampling,2026,False,1000,316,0.2002828215201727,0.06328937160037458,66,0,0,316
s9,C0_baseline,soft_sampling,2026,True,1000,684,0.31306209026723997,0.21413446974279213,235,235,235,684
s9,C0_baseline,soft_sampling,42,False,1000,316,0.2002828215201727,0.06328937160037458,64,0,0,316
s9,C0_baseline,soft_sampling,42,True,1000,684,0.31306209026723997,0.21413446974279213,217,217,217,684
s9,C0_baseline,soft_sampling,7,False,1000,316,0.2002828215201727,0.06328937160037458,61,0,0,316
s9,C0_baseline,soft_sampling,7,True,1000,684,0.31306209026723997,0.21413446974279213,230,230,230,684
s9,C3_transit_delay,planner_sampling,2026,False,1000,316,0.18849031159011764,0.05956293846247718,0,0,0,316
s9,C3_transit_delay,planner_sampling,2026,True,1000,684,0.12706030407492383,0.0869092479872479,95,95,95,684
s9,C3_transit_delay,planner_sampling,42,False,1000,316,0.18849031159011764,0.05956293846247718,0,0,0,316
s9,C3_transit_delay,planner_sampling,42,True,1000,684,0.12706030407492383,0.0869092479872479,93,93,93,684
s9,C3_transit_delay,planner_sampling,7,False,1000,316,0.18849031159011764,0.05956293846247718,0,0,0,316
s9,C3_transit_delay,planner_sampling,7,True,1000,684,0.12706030407492383,0.0869092479872479,75,75,75,684
s9,C3_transit_delay,soft_argmax,0,False,1000,316,0.18849031159011764,0.05956293846247718,50,0,0,316
s9,C3_transit_delay,soft_argmax,0,True,1000,684,0.12706030407492383,0.0869092479872479,38,38,38,684
s9,C3_transit_delay,soft_sampling,2026,False,1000,316,0.18849031159011764,0.05956293846247718,59,0,0,316
s9,C3_transit_delay,soft_sampling,2026,True,1000,684,0.12706030407492383,0.0869092479872479,93,93,93,684
s9,C3_transit_delay,soft_sampling,42,False,1000,316,0.18849031159011764,0.05956293846247718,60,0,0,316
s9,C3_transit_delay,soft_sampling,42,True,1000,684,0.12706030407492383,0.0869092479872479,91,91,91,684
s9,C3_transit_delay,soft_sampling,7,False,1000,316,0.18849031159011764,0.05956293846247718,59,0,0,316
s9,C3_transit_delay,soft_sampling,7,True,1000,684,0.12706030407492383,0.0869092479872479,73,73,73,684
soft_kl_seed2026,C0_baseline,planner_sampling,2026,False,1000,316,0.11261000024461293,0.03558476007729769,0,0,0,316
soft_kl_seed2026,C0_baseline,planner_sampling,2026,True,1000,684,0.30057851062600904,0.20559570126819016,225,225,225,684
soft_kl_seed2026,C0_baseline,planner_sampling,42,False,1000,316,0.11261000024461293,0.03558476007729769,0,0,0,316
soft_kl_seed2026,C0_baseline,planner_sampling,42,True,1000,684,0.30057851062600904,0.20559570126819016,215,215,215,684
soft_kl_seed2026,C0_baseline,planner_sampling,7,False,1000,316,0.11261000024461293,0.03558476007729769,0,0,0,316
soft_kl_seed2026,C0_baseline,planner_sampling,7,True,1000,684,0.30057851062600904,0.20559570126819016,213,213,213,684
soft_kl_seed2026,C0_baseline,soft_argmax,0,False,1000,316,0.11261000024461293,0.03558476007729769,9,0,0,316
soft_kl_seed2026,C0_baseline,soft_argmax,0,True,1000,684,0.30057851062600904,0.20559570126819016,162,162,162,684
soft_kl_seed2026,C0_baseline,soft_sampling,2026,False,1000,316,0.11261000024461293,0.03558476007729769,36,0,0,316
soft_kl_seed2026,C0_baseline,soft_sampling,2026,True,1000,684,0.30057851062600904,0.20559570126819016,224,224,224,684
soft_kl_seed2026,C0_baseline,soft_sampling,42,False,1000,316,0.11261000024461293,0.03558476007729769,41,0,0,316
soft_kl_seed2026,C0_baseline,soft_sampling,42,True,1000,684,0.30057851062600904,0.20559570126819016,212,212,212,684
soft_kl_seed2026,C0_baseline,soft_sampling,7,False,1000,316,0.11261000024461293,0.03558476007729769,34,0,0,316
soft_kl_seed2026,C0_baseline,soft_sampling,7,True,1000,684,0.30057851062600904,0.20559570126819016,213,213,213,684
soft_kl_seed2026,C3_transit_delay,planner_sampling,2026,False,1000,316,0.15984720967656968,0.05051171825779602,0,0,0,316
soft_kl_seed2026,C3_transit_delay,planner_sampling,2026,True,1000,684,0.2145093179866899,0.1467243735028959,157,157,157,684
soft_kl_seed2026,C3_transit_delay,planner_sampling,42,False,1000,316,0.15984720967656968,0.05051171825779602,0,0,0,316
soft_kl_seed2026,C3_transit_delay,planner_sampling,42,True,1000,684,0.2145093179866899,0.1467243735028959,151,151,151,684
soft_kl_seed2026,C3_transit_delay,planner_sampling,7,False,1000,316,0.15984720967656968,0.05051171825779602,0,0,0,316
soft_kl_seed2026,C3_transit_delay,planner_sampling,7,True,1000,684,0.2145093179866899,0.1467243735028959,149,149,149,684
soft_kl_seed2026,C3_transit_delay,soft_argmax,0,False,1000,316,0.15984720967656968,0.05051171825779602,25,0,0,316
soft_kl_seed2026,C3_transit_delay,soft_argmax,0,True,1000,684,0.2145093179866899,0.1467243735028959,95,95,95,684
soft_kl_seed2026,C3_transit_delay,soft_sampling,2026,False,1000,316,0.15984720967656968,0.05051171825779602,59,0,0,316
soft_kl_seed2026,C3_transit_delay,soft_sampling,2026,True,1000,684,0.2145093179866899,0.1467243735028959,155,155,155,684
soft_kl_seed2026,C3_transit_delay,soft_sampling,42,False,1000,316,0.15984720967656968,0.05051171825779602,58,0,0,316
soft_kl_seed2026,C3_transit_delay,soft_sampling,42,True,1000,684,0.2145093179866899,0.1467243735028959,149,149,149,684
soft_kl_seed2026,C3_transit_delay,soft_sampling,7,False,1000,316,0.15984720967656968,0.05051171825779602,50,0,0,316
soft_kl_seed2026,C3_transit_delay,soft_sampling,7,True,1000,684,0.2145093179866899,0.1467243735028959,148,148,148,684
soft_kl_seed42,C0_baseline,planner_sampling,2026,False,1000,316,0.09802739072776741,0.030976655469974503,0,0,0,316
soft_kl_seed42,C0_baseline,planner_sampling,2026,True,1000,684,0.3816854599169096,0.2610728545831662,265,265,265,684
soft_kl_seed42,C0_baseline,planner_sampling,42,False,1000,316,0.09802739072776741,0.030976655469974503,0,0,0,316
soft_kl_seed42,C0_baseline,planner_sampling,42,True,1000,684,0.3816854599169096,0.2610728545831662,265,265,265,684
soft_kl_seed42,C0_baseline,planner_sampling,7,False,1000,316,0.09802739072776741,0.030976655469974503,0,0,0,316
soft_kl_seed42,C0_baseline,planner_sampling,7,True,1000,684,0.3816854599169096,0.2610728545831662,269,269,269,684
soft_kl_seed42,C0_baseline,soft_argmax,0,False,1000,316,0.09802739072776741,0.030976655469974503,5,0,0,316
soft_kl_seed42,C0_baseline,soft_argmax,0,True,1000,684,0.3816854599169096,0.2610728545831662,232,232,232,684
soft_kl_seed42,C0_baseline,soft_sampling,2026,False,1000,316,0.09802739072776741,0.030976655469974503,29,0,0,316
soft_kl_seed42,C0_baseline,soft_sampling,2026,True,1000,684,0.3816854599169096,0.2610728545831662,264,264,264,684
soft_kl_seed42,C0_baseline,soft_sampling,42,False,1000,316,0.09802739072776741,0.030976655469974503,32,0,0,316
soft_kl_seed42,C0_baseline,soft_sampling,42,True,1000,684,0.3816854599169096,0.2610728545831662,261,261,261,684
soft_kl_seed42,C0_baseline,soft_sampling,7,False,1000,316,0.09802739072776741,0.030976655469974503,28,0,0,316
soft_kl_seed42,C0_baseline,soft_sampling,7,True,1000,684,0.3816854599169096,0.2610728545831662,266,266,266,684
soft_kl_seed42,C3_transit_delay,planner_sampling,2026,False,1000,315,0.09825332843668995,0.030949798457557336,0,0,0,315
soft_kl_seed42,C3_transit_delay,planner_sampling,2026,True,1000,685,0.32457772353482406,0.2223357406213545,228,228,228,685
soft_kl_seed42,C3_transit_delay,planner_sampling,42,False,1000,315,0.09825332843668995,0.030949798457557336,0,0,0,315
soft_kl_seed42,C3_transit_delay,planner_sampling,42,True,1000,685,0.32457772353482406,0.2223357406213545,225,225,225,685
soft_kl_seed42,C3_transit_delay,planner_sampling,7,False,1000,315,0.09825332843668995,0.030949798457557336,0,0,0,315
soft_kl_seed42,C3_transit_delay,planner_sampling,7,True,1000,685,0.32457772353482406,0.2223357406213545,228,228,228,685
soft_kl_seed42,C3_transit_delay,soft_argmax,0,False,1000,315,0.09825332843668995,0.030949798457557336,5,0,0,315
soft_kl_seed42,C3_transit_delay,soft_argmax,0,True,1000,685,0.32457772353482406,0.2223357406213545,195,195,195,685
soft_kl_seed42,C3_transit_delay,soft_sampling,2026,False,1000,315,0.09825332843668995,0.030949798457557336,28,0,0,315
soft_kl_seed42,C3_transit_delay,soft_sampling,2026,True,1000,685,0.32457772353482406,0.2223357406213545,228,228,228,685
soft_kl_seed42,C3_transit_delay,soft_sampling,42,False,1000,315,0.09825332843668995,0.030949798457557336,33,0,0,315
soft_kl_seed42,C3_transit_delay,soft_sampling,42,True,1000,685,0.32457772353482406,0.2223357406213545,222,222,222,685
soft_kl_seed42,C3_transit_delay,soft_sampling,7,False,1000,315,0.09825332843668995,0.030949798457557336,30,0,0,315
soft_kl_seed42,C3_transit_delay,soft_sampling,7,True,1000,685,0.32457772353482406,0.2223357406213545,225,225,225,685
soft_kl_seed7,C0_baseline,planner_sampling,2026,False,1000,315,0.11824051607695837,0.037245762564241884,0,0,0,315
soft_kl_seed7,C0_baseline,planner_sampling,2026,True,1000,685,0.27881302193812446,0.19098692002761528,198,198,198,685
soft_kl_seed7,C0_baseline,planner_sampling,42,False,1000,315,0.11824051607695837,0.037245762564241884,0,0,0,315
soft_kl_seed7,C0_baseline,planner_sampling,42,True,1000,685,0.27881302193812446,0.19098692002761528,190,190,190,685
soft_kl_seed7,C0_baseline,planner_sampling,7,False,1000,315,0.11824051607695837,0.037245762564241884,0,0,0,315
soft_kl_seed7,C0_baseline,planner_sampling,7,True,1000,685,0.27881302193812446,0.19098692002761528,205,205,205,685
soft_kl_seed7,C0_baseline,soft_argmax,0,False,1000,315,0.11824051607695837,0.037245762564241884,3,0,0,315
soft_kl_seed7,C0_baseline,soft_argmax,0,True,1000,685,0.27881302193812446,0.19098692002761528,170,170,170,685
soft_kl_seed7,C0_baseline,soft_sampling,2026,False,1000,315,0.11824051607695837,0.037245762564241884,40,0,0,315
soft_kl_seed7,C0_baseline,soft_sampling,2026,True,1000,685,0.27881302193812446,0.19098692002761528,196,196,196,685
soft_kl_seed7,C0_baseline,soft_sampling,42,False,1000,315,0.11824051607695837,0.037245762564241884,40,0,0,315
soft_kl_seed7,C0_baseline,soft_sampling,42,True,1000,685,0.27881302193812446,0.19098692002761528,186,186,186,685
soft_kl_seed7,C0_baseline,soft_sampling,7,False,1000,315,0.11824051607695837,0.037245762564241884,40,0,0,315
soft_kl_seed7,C0_baseline,soft_sampling,7,True,1000,685,0.27881302193812446,0.19098692002761528,200,200,200,685
soft_kl_seed7,C3_transit_delay,planner_sampling,2026,False,1000,316,0.03217728638467438,0.010168022497557104,0,0,0,316
soft_kl_seed7,C3_transit_delay,planner_sampling,2026,True,1000,684,0.13394312446124737,0.09161709713149321,95,95,95,684
soft_kl_seed7,C3_transit_delay,planner_sampling,42,False,1000,316,0.03217728638467438,0.010168022497557104,0,0,0,316
soft_kl_seed7,C3_transit_delay,planner_sampling,42,True,1000,684,0.13394312446124737,0.09161709713149321,83,83,83,684
soft_kl_seed7,C3_transit_delay,planner_sampling,7,False,1000,316,0.03217728638467438,0.010168022497557104,0,0,0,316
soft_kl_seed7,C3_transit_delay,planner_sampling,7,True,1000,684,0.13394312446124737,0.09161709713149321,94,94,94,684
soft_kl_seed7,C3_transit_delay,soft_argmax,0,False,1000,316,0.03217728638467438,0.010168022497557104,0,0,0,316
soft_kl_seed7,C3_transit_delay,soft_argmax,0,True,1000,684,0.13394312446124737,0.09161709713149321,33,33,33,684
soft_kl_seed7,C3_transit_delay,soft_sampling,2026,False,1000,316,0.03217728638467438,0.010168022497557104,12,0,0,316
soft_kl_seed7,C3_transit_delay,soft_sampling,2026,True,1000,684,0.13394312446124737,0.09161709713149321,94,94,94,684
soft_kl_seed7,C3_transit_delay,soft_sampling,42,False,1000,316,0.03217728638467438,0.010168022497557104,7,0,0,316
soft_kl_seed7,C3_transit_delay,soft_sampling,42,True,1000,684,0.13394312446124737,0.09161709713149321,81,81,81,684
soft_kl_seed7,C3_transit_delay,soft_sampling,7,False,1000,316,0.03217728638467438,0.010168022497557104,9,0,0,316
soft_kl_seed7,C3_transit_delay,soft_sampling,7,True,1000,684,0.13394312446124737,0.09161709713149321,93,93,93,684
