model,policy,sampling_seed,n_initial,predicted_response_pp,filtered_response_pp,assigned_response_pp,routed_response_pp,executed_response_pp,execution_minus_prediction_pp,baseline_completion,delay_completion
direction_magnitude_seed2026,planner_sampling,2026,1000,-3.6610072973945362,-5.428790989888724,-5.2,-5.2,-5.2,-1.538992702605464,1.0,1.0
direction_magnitude_seed2026,planner_sampling,42,1000,-3.6610072973945362,-5.428790989888724,-5.1,-5.1,-5.1,-1.4389927026054634,1.0,1.0
direction_magnitude_seed2026,planner_sampling,7,1000,-3.6610072973945362,-5.428790989888724,-6.1,-6.1,-6.1,-2.4389927026054634,1.0,1.0
direction_magnitude_seed2026,soft_argmax,0,1000,-3.6610072973945362,-3.6610071674931937,-5.4,-7.0,-7.0,-3.3389927026054638,1.0,1.0
direction_magnitude_seed2026,soft_sampling,2026,1000,-3.6610072973945362,-3.6610071674931937,-3.2,-5.2,-5.2,-1.538992702605464,1.0,1.0
direction_magnitude_seed2026,soft_sampling,42,1000,-3.6610072973945362,-3.6610071674931937,-3.7,-5.0,-5.0,-1.3389927026054638,1.0,1.0
direction_magnitude_seed2026,soft_sampling,7,1000,-3.6610072973945362,-3.6610071674931937,-3.8,-6.0,-6.0,-2.3389927026054638,1.0,1.0
direction_magnitude_seed42,planner_sampling,2026,1000,-4.149782025404416,-4.209690363429569,-4.1,-4.1,-4.1,0.049782025404416785,1.0,1.0
direction_magnitude_seed42,planner_sampling,42,1000,-4.149782025404416,-4.209690363429569,-4.4,-4.4,-4.4,-0.2502179745955839,1.0,1.0
direction_magnitude_seed42,planner_sampling,7,1000,-4.149782025404416,-4.209690363429569,-4.5,-4.5,-4.5,-0.35021797459558357,1.0,1.0
direction_magnitude_seed42,soft_argmax,0,1000,-4.149782025404416,-4.149781994420371,-4.9,-4.9,-4.9,-0.7502179745955839,1.0,1.0
direction_magnitude_seed42,soft_sampling,2026,1000,-4.149782025404416,-4.149781994420371,-3.8,-3.9,-3.9,0.24978202540441652,1.0,1.0
direction_magnitude_seed42,soft_sampling,42,1000,-4.149782025404416,-4.149781994420371,-4.1,-4.4,-4.4,-0.2502179745955839,1.0,1.0
direction_magnitude_seed42,soft_sampling,7,1000,-4.149782025404416,-4.149781994420371,-4.4,-4.6,-4.6,-0.4502179745955832,1.0,1.0
direction_magnitude_seed7,planner_sampling,2026,1000,-12.493986388874688,-10.882959909287731,-11.7,-11.7,-11.7,0.7939863888746892,1.0,1.0
direction_magnitude_seed7,planner_sampling,42,1000,-12.493986388874688,-10.882959909287731,-11.8,-11.8,-11.8,0.6939863888746878,1.0,1.0
direction_magnitude_seed7,planner_sampling,7,1000,-12.493986388874688,-10.882959909287731,-12.1,-12.1,-12.1,0.39398638887468884,1.0,1.0
direction_magnitude_seed7,soft_argmax,0,1000,-12.493986388874688,-12.493986440282992,-14.0,-14.0,-14.0,-1.5060136111253115,1.0,1.0
direction_magnitude_seed7,soft_sampling,2026,1000,-12.493986388874688,-12.493986440282992,-12.7,-11.5,-11.5,0.9939863888746885,1.0,1.0
direction_magnitude_seed7,soft_sampling,42,1000,-12.493986388874688,-12.493986440282992,-13.9,-11.7,-11.7,0.7939863888746892,1.0,1.0
direction_magnitude_seed7,soft_sampling,7,1000,-12.493986388874688,-12.493986440282992,-13.5,-11.8,-11.8,0.6939863888746878,1.0,1.0
independent_neural_seed2026,planner_sampling,2026,1000,-6.839421839976639,-6.100241156707709,-6.8,-6.8,-6.8,0.039421839976639284,1.0,1.0
independent_neural_seed2026,planner_sampling,42,1000,-6.839421839976639,-6.100241156707709,-5.4,-5.4,-5.4,1.4394218399766388,1.0,1.0
independent_neural_seed2026,planner_sampling,7,1000,-6.839421839976639,-6.100241156707709,-7.8,-7.8,-7.8,-0.9605781600233607,1.0,1.0
independent_neural_seed2026,soft_argmax,0,1000,-6.839421839976639,-6.839421839976639,-7.3,-6.9,-6.9,-0.06057816002336125,1.0,1.0
independent_neural_seed2026,soft_sampling,2026,1000,-6.839421839976639,-6.839421839976639,-7.8,-6.7,-6.7,0.13942183997663893,1.0,1.0
independent_neural_seed2026,soft_sampling,42,1000,-6.839421839976639,-6.839421839976639,-6.1,-5.5,-5.5,1.339421839976639,1.0,1.0
independent_neural_seed2026,soft_sampling,7,1000,-6.839421839976639,-6.839421839976639,-8.3,-7.7,-7.7,-0.8605781600233611,1.0,1.0
independent_neural_seed42,planner_sampling,2026,1000,-6.839421839976639,-6.100241156707709,-6.8,-6.8,-6.8,0.039421839976639284,1.0,1.0
independent_neural_seed42,planner_sampling,42,1000,-6.839421839976639,-6.100241156707709,-5.4,-5.4,-5.4,1.4394218399766388,1.0,1.0
independent_neural_seed42,planner_sampling,7,1000,-6.839421839976639,-6.100241156707709,-7.8,-7.8,-7.8,-0.9605781600233607,1.0,1.0
independent_neural_seed42,soft_argmax,0,1000,-6.839421839976639,-6.839421839976639,-7.3,-6.9,-6.9,-0.06057816002336125,1.0,1.0
independent_neural_seed42,soft_sampling,2026,1000,-6.839421839976639,-6.839421839976639,-7.8,-6.7,-6.7,0.13942183997663893,1.0,1.0
independent_neural_seed42,soft_sampling,42,1000,-6.839421839976639,-6.839421839976639,-6.1,-5.5,-5.5,1.339421839976639,1.0,1.0
independent_neural_seed42,soft_sampling,7,1000,-6.839421839976639,-6.839421839976639,-8.3,-7.7,-7.7,-0.8605781600233611,1.0,1.0
independent_neural_seed7,planner_sampling,2026,1000,-6.839421839976639,-6.100621102745474,-6.8,-6.8,-6.8,0.039421839976639284,1.0,1.0
independent_neural_seed7,planner_sampling,42,1000,-6.839421839976639,-6.100621102745474,-5.4,-5.4,-5.4,1.4394218399766388,1.0,1.0
independent_neural_seed7,planner_sampling,7,1000,-6.839421839976639,-6.100621102745474,-7.8,-7.8,-7.8,-0.9605781600233607,1.0,1.0
independent_neural_seed7,soft_argmax,0,1000,-6.839421839976639,-6.839421839976639,-7.3,-6.9,-6.9,-0.06057816002336125,1.0,1.0
independent_neural_seed7,soft_sampling,2026,1000,-6.839421839976639,-6.839421839976639,-7.8,-6.7,-6.7,0.13942183997663893,1.0,1.0
independent_neural_seed7,soft_sampling,42,1000,-6.839421839976639,-6.839421839976639,-6.1,-5.5,-5.5,1.339421839976639,1.0,1.0
independent_neural_seed7,soft_sampling,7,1000,-6.839421839976639,-6.839421839976639,-8.3,-7.7,-7.7,-0.8605781600233611,1.0,1.0
s9,planner_sampling,2026,1000,-13.095165489344163,-12.830267627974257,-14.1,-14.1,-14.1,-1.0048345106558365,1.0,1.0
s9,planner_sampling,42,1000,-13.095165489344163,-12.830267627974257,-12.8,-12.8,-12.8,0.2951654893441624,1.0,1.0
s9,planner_sampling,7,1000,-13.095165489344163,-12.830267627974257,-15.6,-15.6,-15.6,-2.5048345106558365,1.0,1.0
s9,soft_argmax,0,1000,-13.095165489344163,-13.095165443797384,-13.0,-12.3,-12.3,0.7951654893441624,1.0,1.0
s9,soft_sampling,2026,1000,-13.095165489344163,-13.095165443797384,-14.9,-14.2,-14.2,-1.1048345106558362,1.0,1.0
s9,soft_sampling,42,1000,-13.095165489344163,-13.095165443797384,-13.0,-12.6,-12.6,0.4951654893441635,1.0,1.0
s9,soft_sampling,7,1000,-13.095165489344163,-13.095165443797384,-15.9,-15.7,-15.7,-2.604834510655836,1.0,1.0
soft_kl_seed2026,planner_sampling,2026,1000,-4.3944369584795915,-5.914510303054154,-6.8,-6.8,-6.8,-2.4055630415204083,1.0,1.0
soft_kl_seed2026,planner_sampling,42,1000,-4.3944369584795915,-5.914510303054154,-6.4,-6.4,-6.4,-2.005563041520409,1.0,1.0
soft_kl_seed2026,planner_sampling,7,1000,-4.3944369584795915,-5.914510303054154,-6.4,-6.4,-6.4,-2.005563041520409,1.0,1.0
soft_kl_seed2026,soft_argmax,0,1000,-4.3944369584795915,-4.394436950134298,-5.1,-6.7,-6.7,-2.3055630415204087,1.0,1.0
soft_kl_seed2026,soft_sampling,2026,1000,-4.3944369584795915,-4.394436950134298,-4.6,-6.9,-6.9,-2.505563041520409,1.0,1.0
soft_kl_seed2026,soft_sampling,42,1000,-4.3944369584795915,-4.394436950134298,-4.6,-6.3,-6.3,-1.9055630415204083,1.0,1.0
soft_kl_seed2026,soft_sampling,7,1000,-4.3944369584795915,-4.394436950134298,-4.9,-6.5,-6.5,-2.1055630415204085,1.0,1.0
soft_kl_seed42,planner_sampling,2026,1000,-3.8763970974228847,-3.8809942668043744,-3.7,-3.7,-3.7,0.17639709742288456,1.0,1.0
soft_kl_seed42,planner_sampling,42,1000,-3.8763970974228847,-3.8809942668043744,-4.0,-4.0,-4.0,-0.12360290257711526,1.0,1.0
soft_kl_seed42,planner_sampling,7,1000,-3.8763970974228847,-3.8809942668043744,-4.1,-4.1,-4.1,-0.2236029025771149,1.0,1.0
soft_kl_seed42,soft_argmax,0,1000,-3.8763970974228847,-3.8763970711784834,-3.7,-3.7,-3.7,0.17639709742288456,1.0,1.0
soft_kl_seed42,soft_sampling,2026,1000,-3.8763970974228847,-3.8763970711784834,-3.7,-3.6,-3.6,0.27639709742288465,1.0,1.0
soft_kl_seed42,soft_sampling,42,1000,-3.8763970974228847,-3.8763970711784834,-3.8,-3.9,-3.9,-0.02360290257711517,1.0,1.0
soft_kl_seed42,soft_sampling,7,1000,-3.8763970974228847,-3.8763970711784834,-3.9,-4.1,-4.1,-0.2236029025771149,1.0,1.0
soft_kl_seed7,planner_sampling,2026,1000,-12.644756296280685,-10.018466453851037,-10.3,-10.3,-10.3,2.344756296280684,1.0,1.0
soft_kl_seed7,planner_sampling,42,1000,-12.644756296280685,-10.018466453851037,-10.7,-10.7,-10.7,1.9447562962806852,1.0,1.0
soft_kl_seed7,planner_sampling,7,1000,-12.644756296280685,-10.018466453851037,-11.1,-11.1,-11.1,1.544756296280685,1.0,1.0
soft_kl_seed7,soft_argmax,0,1000,-12.644756296280685,-12.644756318256483,-14.0,-13.7,-13.7,-1.0552437037193148,1.0,1.0
soft_kl_seed7,soft_sampling,2026,1000,-12.644756296280685,-12.644756318256483,-13.0,-10.2,-10.2,2.4447562962806852,1.0,1.0
soft_kl_seed7,soft_sampling,42,1000,-12.644756296280685,-12.644756318256483,-13.8,-10.5,-10.5,2.1447562962806845,1.0,1.0
soft_kl_seed7,soft_sampling,7,1000,-12.644756296280685,-12.644756318256483,-13.8,-10.7,-10.7,1.9447562962806852,1.0,1.0
