model_family,policy,n_training_models,n_paired_runs,predicted_response_pp,predicted_response_pp_training_sd,filtered_response_pp,filtered_response_pp_training_sd,assigned_response_pp,assigned_response_pp_training_sd,routed_response_pp,routed_response_pp_training_sd,executed_response_pp,executed_response_pp_training_sd,execution_minus_prediction_pp,execution_minus_prediction_pp_training_sd,mean_within_model_sampling_sd_pp,aggregation
direction_magnitude,planner_sampling,3,9,-6.76825857055788,4.964644445554032,-6.840480420868675,3.553559046234474,-7.222222222222221,4.061928022412419,-7.222222222222221,4.061928022412419,-7.222222222222221,4.061928022412419,-0.45396365166434177,1.2388256300336464,0.32236341820727893,"average sampling seeds within each trained model, then equal-weight training models; training and sampling variation kept separate"
direction_magnitude,soft_argmax,3,3,-6.76825857055788,4.964644445554032,-6.768258534065519,4.964644524020584,-8.1,5.115662224971464,-8.633333333333333,4.764801499887832,-8.633333333333333,4.764801499887832,-1.8650747627754531,1.331214607440852,,"average sampling seeds within each trained model, then equal-weight training models; training and sampling variation kept separate"
direction_magnitude,soft_sampling,3,9,-6.76825857055788,4.964644445554032,-6.768258534065519,4.964644524020582,-7.011111111111112,5.510528643054669,-7.122222222222223,3.973849705447034,-7.122222222222223,3.973849705447034,-0.35396365166434185,1.2952312886628292,0.3474859709748373,"average sampling seeds within each trained model, then equal-weight training models; training and sampling variation kept separate"
independent_neural,planner_sampling,3,9,-6.83942183997664,0.0,-6.100367805386963,0.00021936194718175054,-6.666666666666667,0.0,-6.666666666666667,0.0,-6.666666666666667,0.0,0.17275517330997245,0.0,1.2055427546683413,"average sampling seeds within each trained model, then equal-weight training models; training and sampling variation kept separate"
independent_neural,soft_argmax,3,3,-6.83942183997664,1.0877919644084146e-15,-6.83942183997664,1.0877919644084146e-15,-7.3,0.0,-6.900000000000001,1.0877919644084146e-15,-6.900000000000001,1.0877919644084146e-15,-0.06057816002336125,0.0,,"average sampling seeds within each trained model, then equal-weight training models; training and sampling variation kept separate"
independent_neural,soft_sampling,3,9,-6.83942183997664,0.0,-6.83942183997664,0.0,-7.3999999999999995,0.0,-6.633333333333333,0.0,-6.633333333333333,0.0,0.20608850664330566,0.0,1.1015141094572205,"average sampling seeds within each trained model, then equal-weight training models; training and sampling variation kept separate"
s9,planner_sampling,1,3,-13.095165489344163,,-12.830267627974257,,-14.166666666666666,,-14.166666666666666,,-14.166666666666666,,-1.0715011773225036,,1.4011899704655797,"average sampling seeds within each trained model, then equal-weight training models; training and sampling variation kept separate"
s9,soft_argmax,1,1,-13.095165489344163,,-13.095165443797384,,-13.0,,-12.3,,-12.3,,0.7951654893441624,,,"average sampling seeds within each trained model, then equal-weight training models; training and sampling variation kept separate"
s9,soft_sampling,1,3,-13.095165489344163,,-13.095165443797384,,-14.6,,-14.166666666666666,,-14.166666666666666,,-1.071501177322503,,1.550268793897798,"average sampling seeds within each trained model, then equal-weight training models; training and sampling variation kept separate"
soft_kl,planner_sampling,3,9,-6.97186345072772,4.919692698965599,-6.604657007903188,3.1263985778133474,-7.055555555555557,3.4134266480300237,-7.055555555555557,3.4134266480300237,-7.055555555555557,3.4134266480300237,-0.08369210482783533,2.0419578085766066,0.27970223587415416,"average sampling seeds within each trained model, then equal-weight training models; training and sampling variation kept separate"
soft_kl,soft_argmax,3,3,-6.97186345072772,4.919692698965599,-6.971863446523088,4.919692722078262,-7.6000000000000005,5.586591089385369,-8.033333333333333,5.131601439446884,-8.033333333333333,5.131601439446884,-1.061469882605613,1.2409917835358524,,"average sampling seeds within each trained model, then equal-weight training models; training and sampling variation kept separate"
soft_kl,soft_sampling,3,9,-6.97186345072772,4.919692698965599,-6.971863446523088,4.919692722078262,-7.344444444444444,5.37859268389597,-6.966666666666666,3.318132004607412,-6.966666666666666,3.318132004607412,0.0051967840610536165,2.175163212422416,0.26960911400503534,"average sampling seeds within each trained model, then equal-weight training models; training and sampling variation kept separate"
