model,policy,sampling_seed,n_initial,predicted_response_pp,filtered_response_pp,assigned_response_pp,routed_response_pp,executed_response_pp,execution_minus_prediction_pp,baseline_completion,delay_completion,predicted_ci95_low_pp,predicted_ci95_high_pp,executed_ci95_low_pp,executed_ci95_high_pp,execution_minus_prediction_ci95_low_pp,execution_minus_prediction_ci95_high_pp,bootstrap
direction_magnitude_seed2026,planner_sampling,2026,1000,-3.6610072973945362,-5.428790989888724,-5.2,-5.2,-5.2,-1.538992702605464,1.0,1.0,-4.255963781939575,-3.059531263887713,-6.6,-3.8,-2.9351589403127476,-0.22021457778198225,"4000 paired initial-person resamples, seed917, conditional on model and sampling seed"
direction_magnitude_seed2026,planner_sampling,42,1000,-3.6610072973945362,-5.428790989888724,-5.1,-5.1,-5.1,-1.4389927026054634,1.0,1.0,-4.255963781939575,-3.059531263887713,-6.6,-3.7,-2.940652917296723,-0.028795690329409082,"4000 paired initial-person resamples, seed917, conditional on model and sampling seed"
direction_magnitude_seed2026,planner_sampling,7,1000,-3.6610072973945362,-5.428790989888724,-6.1,-6.1,-6.1,-2.4389927026054634,1.0,1.0,-4.255963781939575,-3.059531263887713,-7.6,-4.7,-3.865641453678018,-1.037631895062142,"4000 paired initial-person resamples, seed917, conditional on model and sampling seed"
direction_magnitude_seed2026,soft_argmax,0,1000,-3.6610072973945362,-3.6610071674931937,-5.4,-7.0,-7.0,-3.3389927026054638,1.0,1.0,-4.255963781939575,-3.059531263887713,-8.6,-5.4,-4.726423848625707,-1.9770777594606275,"4000 paired initial-person resamples, seed917, conditional on model and sampling seed"
direction_magnitude_seed2026,soft_sampling,2026,1000,-3.6610072973945362,-3.6610071674931937,-3.2,-5.2,-5.2,-1.538992702605464,1.0,1.0,-4.255963781939575,-3.059531263887713,-6.6,-3.8,-2.9351589403127476,-0.22021457778198225,"4000 paired initial-person resamples, seed917, conditional on model and sampling seed"
direction_magnitude_seed2026,soft_sampling,42,1000,-3.6610072973945362,-3.6610071674931937,-3.7,-5.0,-5.0,-1.3389927026054638,1.0,1.0,-4.255963781939575,-3.059531263887713,-6.5,-3.6,-2.847312074944863,0.015085823920565046,"4000 paired initial-person resamples, seed917, conditional on model and sampling seed"
direction_magnitude_seed2026,soft_sampling,7,1000,-3.6610072973945362,-3.6610071674931937,-3.8,-6.0,-6.0,-2.3389927026054638,1.0,1.0,-4.255963781939575,-3.059531263887713,-7.5,-4.6,-3.7857775207240874,-0.9506857788906111,"4000 paired initial-person resamples, seed917, conditional on model and sampling seed"
direction_magnitude_seed42,planner_sampling,2026,1000,-4.149782025404416,-4.209690363429569,-4.1,-4.1,-4.1,0.049782025404416785,1.0,1.0,-4.469575484093503,-3.8376162786231,-5.5,-2.9,-1.2809589998685713,1.263956544273988,"4000 paired initial-person resamples, seed917, conditional on model and sampling seed"
direction_magnitude_seed42,planner_sampling,42,1000,-4.149782025404416,-4.209690363429569,-4.4,-4.4,-4.4,-0.2502179745955839,1.0,1.0,-4.469575484093503,-3.8376162786231,-5.8,-3.1,-1.6298841351200462,1.0391613331381908,"4000 paired initial-person resamples, seed917, conditional on model and sampling seed"
direction_magnitude_seed42,planner_sampling,7,1000,-4.149782025404416,-4.209690363429569,-4.5,-4.5,-4.5,-0.35021797459558357,1.0,1.0,-4.469575484093503,-3.8376162786231,-6.0,-3.1,-1.7695535314646258,0.9830171282202904,"4000 paired initial-person resamples, seed917, conditional on model and sampling seed"
direction_magnitude_seed42,soft_argmax,0,1000,-4.149782025404416,-4.149781994420371,-4.9,-4.9,-4.9,-0.7502179745955839,1.0,1.0,-4.469575484093503,-3.8376162786231,-6.3,-3.6,-2.048529367870114,0.48937251230990136,"4000 paired initial-person resamples, seed917, conditional on model and sampling seed"
direction_magnitude_seed42,soft_sampling,2026,1000,-4.149782025404416,-4.149781994420371,-3.8,-3.9,-3.9,0.24978202540441652,1.0,1.0,-4.469575484093503,-3.8376162786231,-5.3,-2.6,-1.0728804270212005,1.4773112061409757,"4000 paired initial-person resamples, seed917, conditional on model and sampling seed"
direction_magnitude_seed42,soft_sampling,42,1000,-4.149782025404416,-4.149781994420371,-4.1,-4.4,-4.4,-0.2502179745955839,1.0,1.0,-4.469575484093503,-3.8376162786231,-5.9,-3.1,-1.6553424173762867,1.0293411722062868,"4000 paired initial-person resamples, seed917, conditional on model and sampling seed"
direction_magnitude_seed42,soft_sampling,7,1000,-4.149782025404416,-4.149781994420371,-4.4,-4.6,-4.6,-0.4502179745955832,1.0,1.0,-4.469575484093503,-3.8376162786231,-6.1,-3.2,-1.889040160715249,0.9002846135939861,"4000 paired initial-person resamples, seed917, conditional on model and sampling seed"
direction_magnitude_seed7,planner_sampling,2026,1000,-12.493986388874688,-10.882959909287731,-11.7,-11.7,-11.7,0.7939863888746892,1.0,1.0,-13.208210372379398,-11.764745148349393,-13.8,-9.7,-1.1973748623447773,2.6045059419299834,"4000 paired initial-person resamples, seed917, conditional on model and sampling seed"
direction_magnitude_seed7,planner_sampling,42,1000,-12.493986388874688,-10.882959909287731,-11.8,-11.8,-11.8,0.6939863888746878,1.0,1.0,-13.208210372379398,-11.764745148349393,-13.9,-9.8,-1.2470345890148746,2.5036744376209303,"4000 paired initial-person resamples, seed917, conditional on model and sampling seed"
direction_magnitude_seed7,planner_sampling,7,1000,-12.493986388874688,-10.882959909287731,-12.1,-12.1,-12.1,0.39398638887468884,1.0,1.0,-13.208210372379398,-11.764745148349393,-14.2,-10.2,-1.4735470203289787,2.1477055091831794,"4000 paired initial-person resamples, seed917, conditional on model and sampling seed"
direction_magnitude_seed7,soft_argmax,0,1000,-12.493986388874688,-12.493986440282992,-14.0,-14.0,-14.0,-1.5060136111253115,1.0,1.0,-13.208210372379398,-11.764745148349393,-16.2,-11.9,-3.2257027202219977,0.10530996969278954,"4000 paired initial-person resamples, seed917, conditional on model and sampling seed"
direction_magnitude_seed7,soft_sampling,2026,1000,-12.493986388874688,-12.493986440282992,-12.7,-11.5,-11.5,0.9939863888746885,1.0,1.0,-13.208210372379398,-11.764745148349393,-13.6,-9.6,-0.9823439059447718,2.804474429914326,"4000 paired initial-person resamples, seed917, conditional on model and sampling seed"
direction_magnitude_seed7,soft_sampling,42,1000,-12.493986388874688,-12.493986440282992,-13.9,-11.7,-11.7,0.7939863888746892,1.0,1.0,-13.208210372379398,-11.764745148349393,-13.8,-9.7,-1.1406440390823263,2.5985084408400874,"4000 paired initial-person resamples, seed917, conditional on model and sampling seed"
direction_magnitude_seed7,soft_sampling,7,1000,-12.493986388874688,-12.493986440282992,-13.5,-11.8,-11.8,0.6939863888746878,1.0,1.0,-13.208210372379398,-11.764745148349393,-13.8,-9.9,-1.1893700128798628,2.445243839817413,"4000 paired initial-person resamples, seed917, conditional on model and sampling seed"
independent_neural_seed2026,planner_sampling,2026,1000,-6.839421839976639,-6.100241156707709,-6.8,-6.8,-6.8,0.039421839976639284,1.0,1.0,-7.294818680095187,-6.419045776608538,-8.4,-5.3,-1.5055556971634623,1.4900993844532082,"4000 paired initial-person resamples, seed917, conditional on model and sampling seed"
independent_neural_seed2026,planner_sampling,42,1000,-6.839421839976639,-6.100241156707709,-5.4,-5.4,-5.4,1.4394218399766388,1.0,1.0,-7.294818680095187,-6.419045776608538,-6.8,-4.1,-0.020340437086007784,2.745130950926844,"4000 paired initial-person resamples, seed917, conditional on model and sampling seed"
independent_neural_seed2026,planner_sampling,7,1000,-6.839421839976639,-6.100241156707709,-7.8,-7.8,-7.8,-0.9605781600233607,1.0,1.0,-7.294818680095187,-6.419045776608538,-9.5,-6.2,-2.5740874848142705,0.5604291101760492,"4000 paired initial-person resamples, seed917, conditional on model and sampling seed"
independent_neural_seed2026,soft_argmax,0,1000,-6.839421839976639,-6.839421839976639,-7.3,-6.9,-6.9,-0.06057816002336125,1.0,1.0,-7.294818680095187,-6.419045776608538,-8.5,-5.4,-1.5150078196603485,1.319228757993908,"4000 paired initial-person resamples, seed917, conditional on model and sampling seed"
independent_neural_seed2026,soft_sampling,2026,1000,-6.839421839976639,-6.839421839976639,-7.8,-6.7,-6.7,0.13942183997663893,1.0,1.0,-7.294818680095187,-6.419045776608538,-8.3,-5.2,-1.4030839306304987,1.5617362395636487,"4000 paired initial-person resamples, seed917, conditional on model and sampling seed"
independent_neural_seed2026,soft_sampling,42,1000,-6.839421839976639,-6.839421839976639,-6.1,-5.5,-5.5,1.339421839976639,1.0,1.0,-7.294818680095187,-6.419045776608538,-6.9,-4.2,-0.08956870615568281,2.651738613427957,"4000 paired initial-person resamples, seed917, conditional on model and sampling seed"
independent_neural_seed2026,soft_sampling,7,1000,-6.839421839976639,-6.839421839976639,-8.3,-7.7,-7.7,-0.8605781600233611,1.0,1.0,-7.294818680095187,-6.419045776608538,-9.4,-6.1,-2.472213916855245,0.666144971550707,"4000 paired initial-person resamples, seed917, conditional on model and sampling seed"
independent_neural_seed42,planner_sampling,2026,1000,-6.839421839976639,-6.100241156707709,-6.8,-6.8,-6.8,0.039421839976639284,1.0,1.0,-7.294818680095187,-6.419045776608538,-8.4,-5.3,-1.5055556971634623,1.4900993844532082,"4000 paired initial-person resamples, seed917, conditional on model and sampling seed"
independent_neural_seed42,planner_sampling,42,1000,-6.839421839976639,-6.100241156707709,-5.4,-5.4,-5.4,1.4394218399766388,1.0,1.0,-7.294818680095187,-6.419045776608538,-6.8,-4.1,-0.020340437086007784,2.745130950926844,"4000 paired initial-person resamples, seed917, conditional on model and sampling seed"
independent_neural_seed42,planner_sampling,7,1000,-6.839421839976639,-6.100241156707709,-7.8,-7.8,-7.8,-0.9605781600233607,1.0,1.0,-7.294818680095187,-6.419045776608538,-9.5,-6.2,-2.5740874848142705,0.5604291101760492,"4000 paired initial-person resamples, seed917, conditional on model and sampling seed"
independent_neural_seed42,soft_argmax,0,1000,-6.839421839976639,-6.839421839976639,-7.3,-6.9,-6.9,-0.06057816002336125,1.0,1.0,-7.294818680095187,-6.419045776608538,-8.5,-5.4,-1.5150078196603485,1.319228757993908,"4000 paired initial-person resamples, seed917, conditional on model and sampling seed"
independent_neural_seed42,soft_sampling,2026,1000,-6.839421839976639,-6.839421839976639,-7.8,-6.7,-6.7,0.13942183997663893,1.0,1.0,-7.294818680095187,-6.419045776608538,-8.3,-5.2,-1.4030839306304987,1.5617362395636487,"4000 paired initial-person resamples, seed917, conditional on model and sampling seed"
independent_neural_seed42,soft_sampling,42,1000,-6.839421839976639,-6.839421839976639,-6.1,-5.5,-5.5,1.339421839976639,1.0,1.0,-7.294818680095187,-6.419045776608538,-6.9,-4.2,-0.08956870615568281,2.651738613427957,"4000 paired initial-person resamples, seed917, conditional on model and sampling seed"
independent_neural_seed42,soft_sampling,7,1000,-6.839421839976639,-6.839421839976639,-8.3,-7.7,-7.7,-0.8605781600233611,1.0,1.0,-7.294818680095187,-6.419045776608538,-9.4,-6.1,-2.472213916855245,0.666144971550707,"4000 paired initial-person resamples, seed917, conditional on model and sampling seed"
independent_neural_seed7,planner_sampling,2026,1000,-6.839421839976639,-6.100621102745474,-6.8,-6.8,-6.8,0.039421839976639284,1.0,1.0,-7.294818680095187,-6.419045776608538,-8.4,-5.3,-1.5055556971634623,1.4900993844532082,"4000 paired initial-person resamples, seed917, conditional on model and sampling seed"
independent_neural_seed7,planner_sampling,42,1000,-6.839421839976639,-6.100621102745474,-5.4,-5.4,-5.4,1.4394218399766388,1.0,1.0,-7.294818680095187,-6.419045776608538,-6.8,-4.1,-0.020340437086007784,2.745130950926844,"4000 paired initial-person resamples, seed917, conditional on model and sampling seed"
independent_neural_seed7,planner_sampling,7,1000,-6.839421839976639,-6.100621102745474,-7.8,-7.8,-7.8,-0.9605781600233607,1.0,1.0,-7.294818680095187,-6.419045776608538,-9.5,-6.2,-2.5740874848142705,0.5604291101760492,"4000 paired initial-person resamples, seed917, conditional on model and sampling seed"
independent_neural_seed7,soft_argmax,0,1000,-6.839421839976639,-6.839421839976639,-7.3,-6.9,-6.9,-0.06057816002336125,1.0,1.0,-7.294818680095187,-6.419045776608538,-8.5,-5.4,-1.5150078196603485,1.319228757993908,"4000 paired initial-person resamples, seed917, conditional on model and sampling seed"
independent_neural_seed7,soft_sampling,2026,1000,-6.839421839976639,-6.839421839976639,-7.8,-6.7,-6.7,0.13942183997663893,1.0,1.0,-7.294818680095187,-6.419045776608538,-8.3,-5.2,-1.4030839306304987,1.5617362395636487,"4000 paired initial-person resamples, seed917, conditional on model and sampling seed"
independent_neural_seed7,soft_sampling,42,1000,-6.839421839976639,-6.839421839976639,-6.1,-5.5,-5.5,1.339421839976639,1.0,1.0,-7.294818680095187,-6.419045776608538,-6.9,-4.2,-0.08956870615568281,2.651738613427957,"4000 paired initial-person resamples, seed917, conditional on model and sampling seed"
independent_neural_seed7,soft_sampling,7,1000,-6.839421839976639,-6.839421839976639,-8.3,-7.7,-7.7,-0.8605781600233611,1.0,1.0,-7.294818680095187,-6.419045776608538,-9.4,-6.1,-2.472213916855245,0.666144971550707,"4000 paired initial-person resamples, seed917, conditional on model and sampling seed"
s9,planner_sampling,2026,1000,-13.095165489344163,-12.830267627974257,-14.1,-14.1,-14.1,-1.0048345106558365,1.0,1.0,-13.949416861581167,-12.257568937558533,-16.3,-12.0,-3.0429496317053415,0.9685813782234006,"4000 paired initial-person resamples, seed917, conditional on model and sampling seed"
s9,planner_sampling,42,1000,-13.095165489344163,-12.830267627974257,-12.8,-12.8,-12.8,0.2951654893441624,1.0,1.0,-13.949416861581167,-12.257568937558533,-14.9,-10.8,-1.6033462236471656,2.137138285952292,"4000 paired initial-person resamples, seed917, conditional on model and sampling seed"
s9,planner_sampling,7,1000,-13.095165489344163,-12.830267627974257,-15.6,-15.6,-15.6,-2.5048345106558365,1.0,1.0,-13.949416861581167,-12.257568937558533,-17.9,-13.4,-4.619135243590254,-0.4203021168776941,"4000 paired initial-person resamples, seed917, conditional on model and sampling seed"
s9,soft_argmax,0,1000,-13.095165489344163,-13.095165443797384,-13.0,-12.3,-12.3,0.7951654893441624,1.0,1.0,-13.949416861581167,-12.257568937558533,-14.4,-10.4,-0.7671153180624286,2.3823503623994746,"4000 paired initial-person resamples, seed917, conditional on model and sampling seed"
s9,soft_sampling,2026,1000,-13.095165489344163,-13.095165443797384,-14.9,-14.2,-14.2,-1.1048345106558362,1.0,1.0,-13.949416861581167,-12.257568937558533,-16.4,-12.0,-3.1611143591844755,0.8952133444761746,"4000 paired initial-person resamples, seed917, conditional on model and sampling seed"
s9,soft_sampling,42,1000,-13.095165489344163,-13.095165443797384,-13.0,-12.6,-12.6,0.4951654893441635,1.0,1.0,-13.949416861581167,-12.257568937558533,-14.7,-10.6,-1.3761378609637427,2.309730755989899,"4000 paired initial-person resamples, seed917, conditional on model and sampling seed"
s9,soft_sampling,7,1000,-13.095165489344163,-13.095165443797384,-15.9,-15.7,-15.7,-2.604834510655836,1.0,1.0,-13.949416861581167,-12.257568937558533,-18.0,-13.5,-4.728934563179271,-0.5374242645728547,"4000 paired initial-person resamples, seed917, conditional on model and sampling seed"
soft_kl_seed2026,planner_sampling,2026,1000,-4.3944369584795915,-5.914510303054154,-6.8,-6.8,-6.8,-2.4055630415204083,1.0,1.0,-5.0189689737045535,-3.7731437831703114,-8.6,-5.1,-4.146042486339969,-0.8187441818634734,"4000 paired initial-person resamples, seed917, conditional on model and sampling seed"
soft_kl_seed2026,planner_sampling,42,1000,-4.3944369584795915,-5.914510303054154,-6.4,-6.4,-6.4,-2.005563041520409,1.0,1.0,-5.0189689737045535,-3.7731437831703114,-8.0,-4.8,-3.532699265337709,-0.49369716568858496,"4000 paired initial-person resamples, seed917, conditional on model and sampling seed"
soft_kl_seed2026,planner_sampling,7,1000,-4.3944369584795915,-5.914510303054154,-6.4,-6.4,-6.4,-2.005563041520409,1.0,1.0,-5.0189689737045535,-3.7731437831703114,-8.1,-4.8,-3.6512394511331294,-0.49986082734731735,"4000 paired initial-person resamples, seed917, conditional on model and sampling seed"
soft_kl_seed2026,soft_argmax,0,1000,-4.3944369584795915,-4.394436950134298,-5.1,-6.7,-6.7,-2.3055630415204087,1.0,1.0,-5.0189689737045535,-3.7731437831703114,-8.3,-5.2,-3.6947807878752665,-1.0073544501669156,"4000 paired initial-person resamples, seed917, conditional on model and sampling seed"
soft_kl_seed2026,soft_sampling,2026,1000,-4.3944369584795915,-4.394436950134298,-4.6,-6.9,-6.9,-2.505563041520409,1.0,1.0,-5.0189689737045535,-3.7731437831703114,-8.7,-5.2,-4.261137118142626,-0.9036993550609449,"4000 paired initial-person resamples, seed917, conditional on model and sampling seed"
soft_kl_seed2026,soft_sampling,42,1000,-4.3944369584795915,-4.394436950134298,-4.6,-6.3,-6.3,-1.9055630415204083,1.0,1.0,-5.0189689737045535,-3.7731437831703114,-7.9,-4.7,-3.4227418587011273,-0.3926042524466617,"4000 paired initial-person resamples, seed917, conditional on model and sampling seed"
soft_kl_seed2026,soft_sampling,7,1000,-4.3944369584795915,-4.394436950134298,-4.9,-6.5,-6.5,-2.1055630415204085,1.0,1.0,-5.0189689737045535,-3.7731437831703114,-8.2,-4.8,-3.7512394511331295,-0.5894651666408686,"4000 paired initial-person resamples, seed917, conditional on model and sampling seed"
soft_kl_seed42,planner_sampling,2026,1000,-3.8763970974228847,-3.8809942668043744,-3.7,-3.7,-3.7,0.17639709742288456,1.0,1.0,-4.1845976555031665,-3.562771784953511,-5.0,-2.4,-1.1316400703905491,1.4022467905954363,"4000 paired initial-person resamples, seed917, conditional on model and sampling seed"
soft_kl_seed42,planner_sampling,42,1000,-3.8763970974228847,-3.8809942668043744,-4.0,-4.0,-4.0,-0.12360290257711526,1.0,1.0,-4.1845976555031665,-3.562771784953511,-5.5,-2.6,-1.530039722675774,1.187164649652932,"4000 paired initial-person resamples, seed917, conditional on model and sampling seed"
soft_kl_seed42,planner_sampling,7,1000,-3.8763970974228847,-3.8809942668043744,-4.1,-4.1,-4.1,-0.2236029025771149,1.0,1.0,-4.1845976555031665,-3.562771784953511,-5.6,-2.8,-1.6477395227255147,1.0377560728368735,"4000 paired initial-person resamples, seed917, conditional on model and sampling seed"
soft_kl_seed42,soft_argmax,0,1000,-3.8763970974228847,-3.8763970711784834,-3.7,-3.7,-3.7,0.17639709742288456,1.0,1.0,-4.1845976555031665,-3.562771784953511,-4.9,-2.5,-0.9948930703186488,1.2998819221057965,"4000 paired initial-person resamples, seed917, conditional on model and sampling seed"
soft_kl_seed42,soft_sampling,2026,1000,-3.8763970974228847,-3.8763970711784834,-3.7,-3.6,-3.6,0.27639709742288465,1.0,1.0,-4.1845976555031665,-3.562771784953511,-4.9,-2.3,-1.0411417314654137,1.5489890913202546,"4000 paired initial-person resamples, seed917, conditional on model and sampling seed"
soft_kl_seed42,soft_sampling,42,1000,-3.8763970974228847,-3.8763970711784834,-3.8,-3.9,-3.9,-0.02360290257711517,1.0,1.0,-4.1845976555031665,-3.562771784953511,-5.4,-2.597499999999991,-1.4123950905901983,1.2724897608056933,"4000 paired initial-person resamples, seed917, conditional on model and sampling seed"
soft_kl_seed42,soft_sampling,7,1000,-3.8763970974228847,-3.8763970711784834,-3.9,-4.1,-4.1,-0.2236029025771149,1.0,1.0,-4.1845976555031665,-3.562771784953511,-5.6,-2.8,-1.6477395227255147,1.0377560728368735,"4000 paired initial-person resamples, seed917, conditional on model and sampling seed"
soft_kl_seed7,planner_sampling,2026,1000,-12.644756296280685,-10.018466453851037,-10.3,-10.3,-10.3,2.344756296280684,1.0,1.0,-13.371946891123661,-11.90127769907851,-12.3,-8.4,0.5069858990347166,4.176319503669911,"4000 paired initial-person resamples, seed917, conditional on model and sampling seed"
soft_kl_seed7,planner_sampling,42,1000,-12.644756296280685,-10.018466453851037,-10.7,-10.7,-10.7,1.9447562962806852,1.0,1.0,-13.371946891123661,-11.90127769907851,-12.7,-8.7,0.03243752012160259,3.7958425074638953,"4000 paired initial-person resamples, seed917, conditional on model and sampling seed"
soft_kl_seed7,planner_sampling,7,1000,-12.644756296280685,-10.018466453851037,-11.1,-11.1,-11.1,1.544756296280685,1.0,1.0,-13.371946891123661,-11.90127769907851,-13.2,-9.2,-0.3753700631697756,3.3334041905962115,"4000 paired initial-person resamples, seed917, conditional on model and sampling seed"
soft_kl_seed7,soft_argmax,0,1000,-12.644756296280685,-12.644756318256483,-14.0,-13.7,-13.7,-1.0552437037193148,1.0,1.0,-13.371946891123661,-11.90127769907851,-15.8,-11.6,-2.785474526158996,0.6092831586679678,"4000 paired initial-person resamples, seed917, conditional on model and sampling seed"
soft_kl_seed7,soft_sampling,2026,1000,-12.644756296280685,-12.644756318256483,-13.0,-10.2,-10.2,2.4447562962806852,1.0,1.0,-13.371946891123661,-11.90127769907851,-12.2,-8.3,0.628491456545944,4.232061727678938,"4000 paired initial-person resamples, seed917, conditional on model and sampling seed"
soft_kl_seed7,soft_sampling,42,1000,-12.644756296280685,-12.644756318256483,-13.8,-10.5,-10.5,2.1447562962806845,1.0,1.0,-13.371946891123661,-11.90127769907851,-12.5,-8.6,0.23005771617430587,3.9877608503887316,"4000 paired initial-person resamples, seed917, conditional on model and sampling seed"
soft_kl_seed7,soft_sampling,7,1000,-12.644756296280685,-12.644756318256483,-13.8,-10.7,-10.7,1.9447562962806852,1.0,1.0,-13.371946891123661,-11.90127769907851,-12.7,-8.8,0.06273797266869224,3.703258630082037,"4000 paired initial-person resamples, seed917, conditional on model and sampling seed"
