model_family,policy,n_models,n_runs,expected_models,expected_runs,complete,family_signed_mean_gap_pp,abs_family_signed_mean_pp,mean_abs_model_gap_after_sampling_mean_pp,mean_abs_per_run_gap_pp,min_model_signed_mean_gap_pp,max_model_signed_mean_gap_pp,n_negative_model_gaps,n_positive_model_gaps
direction_magnitude,planner_sampling,3,9,3,9,True,-0.45396365166434177,0.45396365166434177,0.8721767998030231,0.8832394721151157,-1.8056593692721303,0.6273197222080219,2,1
direction_magnitude,soft_argmax,3,3,3,3,True,-1.8650747627754531,1.8650747627754531,1.8650747627754531,1.8650747627754531,-3.3389927026054638,-0.7502179745955839,3,0
direction_magnitude,soft_sampling,3,9,3,9,True,-0.35396365166434185,0.35396365166434185,0.9055101331363564,0.9610172498928934,-1.738992702605464,0.8273197222080219,2,1
independent_neural,planner_sampling,3,9,3,9,True,0.17275517330997245,0.17275517330997245,0.17275517330997245,0.8131406133255462,0.17275517330997245,0.17275517330997245,0,3
independent_neural,soft_argmax,3,3,3,3,True,-0.06057816002336125,0.06057816002336125,0.06057816002336125,0.06057816002336125,-0.06057816002336125,-0.06057816002336125,3,0
independent_neural,soft_sampling,3,9,3,9,True,0.20608850664330566,0.20608850664330566,0.20608850664330566,0.779807279992213,0.20608850664330566,0.20608850664330566,0,3
s9,planner_sampling,1,3,1,3,True,-1.0715011773225036,1.0715011773225036,1.0715011773225036,1.2682781702186119,-1.0715011773225036,-1.0715011773225036,1,0
s9,soft_argmax,1,1,1,1,True,0.7951654893441624,0.7951654893441624,0.7951654893441624,0.7951654893441624,0.7951654893441624,0.7951654893441624,0,1
s9,soft_sampling,1,3,1,3,True,-1.071501177322503,1.071501177322503,1.071501177322503,1.4016115035519452,-1.071501177322503,-1.071501177322503,1,0
soft_kl,planner_sampling,3,9,3,9,True,-0.08369210482783537,0.08369210482783537,1.3801963023482917,1.419395657331155,-2.138896374853742,1.9447562962806846,2,1
soft_kl,soft_argmax,3,3,3,3,True,-1.061469882605613,1.061469882605613,1.1790679475542027,1.1790679475542027,-2.3055630415204087,0.17639709742288456,2,1
soft_kl,soft_sampling,3,9,3,9,True,0.005196784061053666,0.005196784061053666,1.4533499228524374,1.508284546220044,-2.1722297081870754,2.178089629614018,1,2
