persona_id,age_group,income_group,occupation,household_size,has_children,car_ownership,driving_license,bike_ownership,transit_pass,habitual_mode,schedule_flexibility,mobility_limitation,trip_id,purpose,origin_type,destination_type,distance_km,desired_departure_min,desired_arrival_min,time_constraint
P900001,25-34,medium,office_worker,2,false,true,true,false,false,car,low,none,T900001,commute,home,work,12.4,480,540,hard
P900002,35-44,high,office_worker,4,true,true,true,true,false,car,low,none,T900002,commute,home,work,8.1,500,555,hard
P900003,18-24,low,student,1,false,false,false,true,true,pt,medium,none,T900003,education,home,school,3.2,430,490,hard
P900004,45-64,medium,service_worker,3,true,true,true,false,true,pt,medium,none,T900004,commute,home,work,6.7,465,530,hard
P900005,65+,low,retired,2,false,false,true,false,true,walk,high,mild,T900005,shopping,home,shop,1.8,570,630,soft
P900006,25-34,high,office_worker,1,false,false,true,true,false,bike,high,none,T900006,commute,home,work,5.3,490,540,hard
P900007,35-44,medium,manual_worker,5,true,true,true,false,false,car,low,none,T900007,commute,home,work,15.9,440,520,hard
P900008,18-24,low,student,2,false,false,false,true,true,pt,medium,none,T900008,education,home,school,4.6,450,505,hard
P900009,45-64,high,office_worker,3,true,true,true,false,false,car,high,none,T900009,commute,home,work,22.3,510,575,hard
P900010,25-34,medium,service_worker,2,true,true,true,false,true,mixed,medium,none,T900010,commute,home,work,7.8,470,530,hard
P900011,35-44,low,unemployed,3,true,false,false,true,true,walk,high,none,T900011,shopping,home,shop,0.9,600,660,soft
P900012,18-24,medium,student,1,false,false,true,true,true,bike,high,none,T900012,leisure,home,leisure,6.2,750,810,soft
P900013,45-64,high,office_worker,2,false,true,true,false,true,car,low,none,T900013,commute,home,work,18.7,455,530,hard
P900014,65+,medium,retired,2,false,false,true,false,true,pt,high,mild,T900014,healthcare,home,healthcare,5.1,540,600,medium
P900015,25-34,high,office_worker,3,true,true,true,true,false,mixed,medium,none,T900015,commute,home,work,10.2,485,545,hard
P900016,35-44,medium,manual_worker,4,true,true,true,false,false,car,low,none,T900016,commute,home,work,13.5,460,535,hard
P900017,18-24,low,service_worker,2,false,false,true,true,true,pt,medium,none,T900017,commute,home,work,4.1,475,530,hard
P900018,45-64,low,unemployed,1,false,false,false,false,true,walk,high,significant,T900018,shopping,home,shop,0.7,585,645,soft
P900019,25-34,medium,office_worker,2,true,true,true,false,true,car,low,none,T900019,escort,home,school,2.9,430,480,medium
P900020,35-44,high,office_worker,4,true,true,true,true,false,car,medium,none,T900020,commute,home,work,9.6,495,550,hard
P900020,35-44,high,office_worker,4,true,true,true,true,false,car,medium,none,T900021,leisure,home,leisure,11.3,760,830,soft
P900003,18-24,low,student,1,false,false,false,true,true,pt,medium,none,T900022,leisure,home,leisure,5.7,770,835,soft
P900007,35-44,medium,manual_worker,5,true,true,true,false,false,car,low,none,T900023,shopping,home,shop,2.4,640,700,soft
P900001,25-34,medium,office_worker,2,false,true,true,false,false,car,low,none,T900024,healthcare,home,healthcare,7.2,560,620,medium
P900005,65+,low,retired,2,false,false,true,false,true,walk,high,mild,T900025,other,home,other,1.5,660,720,soft
