variant,weight,selection,n_seeds,response_gap,static_kl,departure_mae,response_seed_sd
soft_kl,0.0,static,3,0.06930143854244573,0.09153335801258418,7.178550855558433,0.003162625427273156
soft_kl,0.0,response,3,0.07051527492033932,0.10271342241147818,7.389839608600778,0.004984730083319699
signed_l1,0.25,static,3,0.06845850454301004,0.09173052343896755,7.208047258723693,0.005230103114639517
signed_l1,0.25,response,3,0.06910723055800115,0.10008402571378468,7.462433187984206,0.006173893734463332
signed_l1,0.5,static,3,0.06811403168494426,0.08900343552021023,7.127205307276848,0.00596349604461267
signed_l1,0.5,response,3,0.06941745791486809,0.0992158639902952,7.321191926653769,0.007089629979732147
signed_l1,1.0,static,3,0.06653054956743282,0.08705936233205357,7.188336573848262,0.00497021759216916
signed_l1,1.0,response,3,0.06662500344240406,0.08802450276345587,7.1700287856757825,0.004720524428237782
signed_l1,2.0,static,3,0.0656695581235348,0.08584314146847834,7.16647539443391,0.006534466516353582
signed_l1,2.0,response,3,0.06588846841406562,0.08704756911779776,7.291516655193532,0.00667396250333271
direction_magnitude,0.25,static,3,0.0685683260566653,0.0884910317351274,7.170099844588056,0.005245638421751294
direction_magnitude,0.25,response,3,0.06854421908503933,0.09060638996902366,7.162528646839757,0.004878288410057091
direction_magnitude,0.5,static,3,0.06722220368927452,0.08744581987724213,7.197995905810984,0.004048918452039511
direction_magnitude,0.5,response,3,0.0669280332497197,0.08792269317521939,7.260932131213103,0.003843260784569572
direction_magnitude,1.0,static,3,0.0658559479136227,0.08608580293090097,7.177840418089263,0.0041651408695858394
direction_magnitude,1.0,response,3,0.06830971814947882,0.09735433128472698,7.35506689232912,0.006148963208091311
direction_magnitude,2.0,static,3,0.06596648016734921,0.09043311241222807,7.215374289722706,0.004535880687912257
direction_magnitude,2.0,response,3,0.06598296291471335,0.09030737287161321,7.243806259455236,0.004342645224346145
