family,variant,selection,card,metric,n_personas,mean,ci_low,ci_high
delay_holdout,signed_l1,response,ALL,departure_mae,30,10.912504067035094,9.301982106054174,12.550175982116675
delay_holdout,signed_l1,response,ALL,kl,30,0.24604885571233584,0.19842027432357476,0.29777122003398054
delay_holdout,signed_l1,response,ALL,probability_l1,30,0.5547847198243474,0.4918251683841604,0.6202581063165966
delay_holdout,signed_l1,response,ALL,response_gap,30,0.11059044299967966,0.08832416009263801,0.1347683758295525
delay_holdout,signed_l1,response,access_20,departure_mae,30,10.109742636233568,8.181465542860742,12.105711427722127
delay_holdout,signed_l1,response,access_20,kl,30,0.2617064946314047,0.20440687324838952,0.32355304731098405
delay_holdout,signed_l1,response,access_20,probability_l1,30,0.6083968361218769,0.5307678647213236,0.6875872571140801
delay_holdout,signed_l1,response,access_20,response_gap,30,0.12457692406243746,0.08589717782739503,0.16978067238850772
delay_holdout,signed_l1,response,access_5,departure_mae,30,10.706051304605275,8.37595063790679,13.079652378049987
delay_holdout,signed_l1,response,access_5,kl,30,0.22423979657209786,0.1642127169736799,0.2884990392129387
delay_holdout,signed_l1,response,access_5,probability_l1,30,0.5513911735139511,0.4611255174583582,0.6443351999427156
delay_holdout,signed_l1,response,access_5,response_gap,30,0.04909436584751547,0.03440828366596023,0.06755612415898544
delay_holdout,signed_l1,response,baseline,departure_mae,30,10.648767267705667,8.724716103191799,12.620817612558602
delay_holdout,signed_l1,response,baseline,kl,30,0.20048654589204284,0.1493684344518525,0.2566370453085204
delay_holdout,signed_l1,response,baseline,probability_l1,30,0.5234990358783139,0.4484169824917008,0.6014601584561997
delay_holdout,signed_l1,response,delay_45,departure_mae,30,9.281255379422673,7.269618374641156,11.428657198615063
delay_holdout,signed_l1,response,delay_45,kl,30,0.32271302504632715,0.2739390693836956,0.3719387425774456
delay_holdout,signed_l1,response,delay_45,probability_l1,30,0.6415285250169259,0.5776824280263648,0.705541616885902
delay_holdout,signed_l1,response,delay_45,response_gap,30,0.137138475703724,0.09177507857562861,0.18997563562473513
delay_holdout,signed_l1,response,delay_8,departure_mae,30,10.608821834499635,8.405693996367564,12.849906754162573
delay_holdout,signed_l1,response,delay_8,kl,30,0.2880589697293566,0.23590370544691264,0.3403180261965375
delay_holdout,signed_l1,response,delay_8,probability_l1,30,0.6464906463402289,0.5685734485197951,0.7198680119521086
delay_holdout,signed_l1,response,delay_8,response_gap,30,0.10659819740084586,0.0700108799500598,0.14916016639254437
delay_holdout,signed_l1,response,fare_1_25,departure_mae,30,8.375097297518343,6.787700864934812,10.028885806790656
delay_holdout,signed_l1,response,fare_1_25,kl,30,0.2258368875983249,0.1653864735460691,0.2912457080922623
delay_holdout,signed_l1,response,fare_1_25,probability_l1,30,0.5471231553609726,0.46205962235223913,0.6355654940346599
delay_holdout,signed_l1,response,fare_1_25,response_gap,30,0.0306239580920449,0.023968068817407356,0.03807112745253116
delay_holdout,signed_l1,response,fare_2_5,departure_mae,30,10.934570563915706,9.023678268020353,12.916176417062267
delay_holdout,signed_l1,response,fare_2_5,kl,30,0.2803314203665202,0.22162448995571257,0.34372739157393445
delay_holdout,signed_l1,response,fare_2_5,probability_l1,30,0.609999377567459,0.5310093601536421,0.6894276456810534
delay_holdout,signed_l1,response,fare_2_5,response_gap,30,0.07879192038285146,0.06294437796477644,0.09698951750909562
delay_holdout,signed_l1,response,fare_access,departure_mae,30,11.305102044040407,8.840535774931173,13.801447050778403
delay_holdout,signed_l1,response,fare_access,interaction_gap,30,0.061229920441399764,0.04613013030825942,0.0785138579564698
delay_holdout,signed_l1,response,fare_access,kl,30,0.33116974132174126,0.2652272607237548,0.39972152760381596
delay_holdout,signed_l1,response,fare_access,probability_l1,30,0.68456504876139,0.6045545505595152,0.7649365571206092
delay_holdout,signed_l1,response,fare_access,response_gap,30,0.13631361186656138,0.09983423669814005,0.17818652095884932
delay_holdout,signed_l1,response,fare_delay,departure_mae,30,9.752098275617591,7.697602462903595,11.935579736490425
delay_holdout,signed_l1,response,fare_delay,interaction_gap,30,0.06583475717250029,0.04808974810349559,0.08621505250810152
delay_holdout,signed_l1,response,fare_delay,kl,30,0.33076740234863433,0.2823453356355028,0.380969668529711
delay_holdout,signed_l1,response,fare_delay,probability_l1,30,0.632838520952397,0.5723936889119722,0.6930880981505331
delay_holdout,signed_l1,response,fare_delay,response_gap,30,0.13901821779505708,0.09682750795312273,0.1882536708241857
delay_holdout,signed_l1,response,pt_infeasible,departure_mae,30,19.74289560657409,17.661341382877698,21.98073762237198
delay_holdout,signed_l1,response,pt_infeasible,infeasible_pt_mass,30,0.0007197879274220516,0.000531686134901166,0.00091953511265577
delay_holdout,signed_l1,response,pt_infeasible,kl,30,0.1170437538280062,0.0685234332758326,0.17229501692085264
delay_holdout,signed_l1,response,pt_infeasible,probability_l1,30,0.28293104101571515,0.18818992995931957,0.3847844536635783
delay_holdout,signed_l1,response,pt_infeasible,response_gap,30,0.1509070462251779,0.1209880029317388,0.18429952497331603
delay_holdout,signed_l1,response,pt_infeasible,top_choice_violation,30,0.0,0.0,0.0
delay_holdout,signed_l1,response,weather_0_25,departure_mae,30,9.684749522529266,7.817484128358603,11.704253008278705
delay_holdout,signed_l1,response,weather_0_25,kl,30,0.16937575229387977,0.11377717105107936,0.23118256807283938
delay_holdout,signed_l1,response,weather_0_25,probability_l1,30,0.4443560020520731,0.357795109877349,0.5358133584686038
delay_holdout,signed_l1,response,weather_0_25,response_gap,30,0.09730705272024612,0.06520139596814196,0.13335896040784817
delay_holdout,signed_l1,response,weather_0_9,departure_mae,30,9.800897071758905,7.4231648914640145,12.260210908334011
delay_holdout,signed_l1,response,weather_0_9,kl,30,0.2008564789196939,0.13936510700963883,0.2683949283500044
delay_holdout,signed_l1,response,weather_0_9,probability_l1,30,0.48429727531086514,0.3968847514819078,0.5770171413000259
delay_holdout,signed_l1,response,weather_0_9,response_gap,30,0.16612510290001464,0.11891952849317018,0.21573564354621427
delay_holdout,signed_l1,static,ALL,departure_mae,30,10.927701456331425,9.399264243620845,12.488582872534545
delay_holdout,signed_l1,static,ALL,kl,30,0.24382391950486293,0.19704437289285656,0.2942116028055037
delay_holdout,signed_l1,static,ALL,probability_l1,30,0.554802280875108,0.49299048384935173,0.6183685869369696
delay_holdout,signed_l1,static,ALL,response_gap,30,0.11168289765197767,0.08896538835184746,0.13639280173767268
delay_holdout,signed_l1,static,access_20,departure_mae,30,10.200968106173805,8.330506458265914,12.114131654424385
delay_holdout,signed_l1,static,access_20,kl,30,0.25434836194500393,0.19838135205914129,0.3142931117438558
delay_holdout,signed_l1,static,access_20,probability_l1,30,0.6023008140193091,0.5254913930208595,0.6799724286910008
delay_holdout,signed_l1,static,access_20,response_gap,30,0.12524824566476875,0.08509505238303293,0.17189519143177223
delay_holdout,signed_l1,static,access_5,departure_mae,30,10.853645100030636,8.604833077030877,13.11714073070221
delay_holdout,signed_l1,static,access_5,kl,30,0.22454909087546135,0.16739290264994985,0.2859671438770629
delay_holdout,signed_l1,static,access_5,probability_l1,30,0.5571528413130178,0.4717507236114255,0.6458940628906367
delay_holdout,signed_l1,static,access_5,response_gap,30,0.05145718851860291,0.03616342633541582,0.07053645150047946
delay_holdout,signed_l1,static,baseline,departure_mae,30,10.763662636155885,8.917932768153646,12.640844216152198
delay_holdout,signed_l1,static,baseline,kl,30,0.19901807864978924,0.15068766435617315,0.2518797471285926
delay_holdout,signed_l1,static,baseline,probability_l1,30,0.5233660115566519,0.45299842459507006,0.5967702101135419
delay_holdout,signed_l1,static,delay_45,departure_mae,30,9.437661917756001,7.458020663603934,11.501375918379056
delay_holdout,signed_l1,static,delay_45,kl,30,0.3134558210398801,0.26734607050069664,0.3600279235129223
delay_holdout,signed_l1,static,delay_45,probability_l1,30,0.6280831042594379,0.5676897437077016,0.6889551939916004
delay_holdout,signed_l1,static,delay_45,response_gap,30,0.13734400615296613,0.09192770185987365,0.18997134946979047
delay_holdout,signed_l1,static,delay_8,departure_mae,30,10.72855046486689,8.574761947550709,12.925411307793109
delay_holdout,signed_l1,static,delay_8,kl,30,0.27642023938127563,0.2270431798752076,0.3257518463462279
delay_holdout,signed_l1,static,delay_8,probability_l1,30,0.6306262789180985,0.5537644564315678,0.7025987351363733
delay_holdout,signed_l1,static,delay_8,response_gap,30,0.10602125001459581,0.06959624328613742,0.1484748337133362
delay_holdout,signed_l1,static,fare_1_25,departure_mae,30,8.499096929626884,6.95777795333174,10.074090750546505
delay_holdout,signed_l1,static,fare_1_25,kl,30,0.2229002289329898,0.16556439805782705,0.2855058913056044
delay_holdout,signed_l1,static,fare_1_25,probability_l1,30,0.548034668042704,0.46812713597014,0.6317058807451416
delay_holdout,signed_l1,static,fare_1_25,response_gap,30,0.03031412212155115,0.02344353315463911,0.03790241119894718
delay_holdout,signed_l1,static,fare_2_5,departure_mae,30,11.136528092539972,9.262440553572443,13.061033594927023
delay_holdout,signed_l1,static,fare_2_5,kl,30,0.268061321789361,0.2096248685248596,0.33154824595940363
delay_holdout,signed_l1,static,fare_2_5,probability_l1,30,0.5982009669078721,0.5240951779931784,0.675126574217749
delay_holdout,signed_l1,static,fare_2_5,response_gap,30,0.0726134004843088,0.056750542854441824,0.09082173658684127
delay_holdout,signed_l1,static,fare_access,departure_mae,30,11.463846321900684,9.061703773016733,13.868119796274433
delay_holdout,signed_l1,static,fare_access,interaction_gap,30,0.06172915626248276,0.04738249160788242,0.07843985596012877
delay_holdout,signed_l1,static,fare_access,kl,30,0.324681339412738,0.2576662467075458,0.394002900758169
delay_holdout,signed_l1,static,fare_access,probability_l1,30,0.6750431046888784,0.590156794588723,0.7587171276818132
delay_holdout,signed_l1,static,fare_access,response_gap,30,0.1371665175139076,0.099564135280547,0.18039647812609114
delay_holdout,signed_l1,static,fare_delay,departure_mae,30,9.99059604137308,8.02544004808801,12.06167734518233
delay_holdout,signed_l1,static,fare_delay,interaction_gap,30,0.06122865956249981,0.04383337589704259,0.08114425869226362
delay_holdout,signed_l1,static,fare_delay,kl,30,0.32210728787823906,0.27286004793038243,0.37402355190346753
delay_holdout,signed_l1,static,fare_delay,probability_l1,30,0.617419660370107,0.5567430172822956,0.6788508615297438
delay_holdout,signed_l1,static,fare_delay,response_gap,30,0.13948425232336661,0.09786871767495013,0.18843302582223773
delay_holdout,signed_l1,static,pt_infeasible,departure_mae,30,18.186646259514,16.04086527404686,20.50326368009775
delay_holdout,signed_l1,static,pt_infeasible,infeasible_pt_mass,30,0.0005700001448632166,0.00042428540595008403,0.0007260291104588153
delay_holdout,signed_l1,static,pt_infeasible,kl,30,0.11875737245097055,0.07155127523159728,0.17152910040261354
delay_holdout,signed_l1,static,pt_infeasible,probability_l1,30,0.28917940002267084,0.1936620350973784,0.3902846352543623
delay_holdout,signed_l1,static,pt_infeasible,response_gap,30,0.1495936640842402,0.12052931193183872,0.1817522939945985
delay_holdout,signed_l1,static,pt_infeasible,top_choice_violation,30,0.0,0.0,0.0
delay_holdout,signed_l1,static,weather_0_25,departure_mae,30,9.853704543218571,8.028104602817308,11.83881171906919
delay_holdout,signed_l1,static,weather_0_25,kl,30,0.1784284685921477,0.12415980640483974,0.2380112380714129
delay_holdout,signed_l1,static,weather_0_25,probability_l1,30,0.4627221361155863,0.3778355110150244,0.551289956719097
delay_holdout,signed_l1,static,weather_0_25,response_gap,30,0.10354431959683146,0.07101226326170389,0.140708303756299
delay_holdout,signed_l1,static,weather_0_9,departure_mae,30,10.017511062820752,7.69187973509646,12.41220577680264
delay_holdout,signed_l1,static,weather_0_9,kl,30,0.22315942311049877,0.16421876552087092,0.2876221493564994
delay_holdout,signed_l1,static,weather_0_9,probability_l1,30,0.5254983842869599,0.44364270161611064,0.6115509938177963
delay_holdout,signed_l1,static,weather_0_9,response_gap,30,0.17572490769661503,0.12681410449353725,0.22724734077716446
delay_holdout,soft_kl,response,ALL,departure_mae,30,11.259961130184314,9.773946354853747,12.778850673852865
delay_holdout,soft_kl,response,ALL,kl,30,0.24749589331724842,0.19866334304404917,0.2998428485644763
delay_holdout,soft_kl,response,ALL,probability_l1,30,0.5530240382343441,0.4919086370990598,0.616715175707875
delay_holdout,soft_kl,response,ALL,response_gap,30,0.11202211896051881,0.08902682532729726,0.13658304243464323
delay_holdout,soft_kl,response,access_20,departure_mae,30,10.173241527295776,8.268350662065462,12.131797789579464
delay_holdout,soft_kl,response,access_20,kl,30,0.2611182430125603,0.20318050974238228,0.32286336344782074
delay_holdout,soft_kl,response,access_20,probability_l1,30,0.6082598637601844,0.5313629223946345,0.6865444160619956
delay_holdout,soft_kl,response,access_20,response_gap,30,0.13165263566406973,0.09220219925222115,0.17776388221464384
delay_holdout,soft_kl,response,access_5,departure_mae,30,11.005601486756847,8.765455556952704,13.26139751044688
delay_holdout,soft_kl,response,access_5,kl,30,0.23464576688526229,0.172799366365613,0.3005123786423582
delay_holdout,soft_kl,response,access_5,probability_l1,30,0.5569368515881123,0.46931462013729736,0.6474353272813199
delay_holdout,soft_kl,response,access_5,response_gap,30,0.051443120163301985,0.03603823610399563,0.0705319988418635
delay_holdout,soft_kl,response,baseline,departure_mae,30,10.98853912861259,9.20910695976681,12.768806113065391
delay_holdout,soft_kl,response,baseline,kl,30,0.2083386640807902,0.15562675943624457,0.266845994427266
delay_holdout,soft_kl,response,baseline,probability_l1,30,0.5243629890812768,0.4531152457458002,0.6004489372875127
delay_holdout,soft_kl,response,delay_45,departure_mae,30,9.633288323051401,7.692583245556388,11.617371163651763
delay_holdout,soft_kl,response,delay_45,kl,30,0.30202108637680797,0.252800017988878,0.3521186779298248
delay_holdout,soft_kl,response,delay_45,probability_l1,30,0.6099476846059164,0.545307091169556,0.67516995933416
delay_holdout,soft_kl,response,delay_45,response_gap,30,0.1251121755147146,0.08050911548106045,0.17669404711434383
delay_holdout,soft_kl,response,delay_8,departure_mae,30,10.83412983102931,8.743509559374719,12.95262127107216
delay_holdout,soft_kl,response,delay_8,kl,30,0.2780040664108048,0.22567455357056584,0.3308767500512016
delay_holdout,soft_kl,response,delay_8,probability_l1,30,0.6223288290169503,0.5459094712553477,0.6949392403811214
delay_holdout,soft_kl,response,delay_8,response_gap,30,0.10007245909201877,0.06476622231245546,0.14146057743414733
delay_holdout,soft_kl,response,fare_1_25,departure_mae,30,8.782765468403145,7.275334367266408,10.288607686952584
delay_holdout,soft_kl,response,fare_1_25,kl,30,0.23124870413431153,0.16971336510380022,0.2982499763243569
delay_holdout,soft_kl,response,fare_1_25,probability_l1,30,0.5445743665165372,0.4637072340573701,0.6297375499514241
delay_holdout,soft_kl,response,fare_1_25,response_gap,30,0.030454725693129472,0.0237636403957152,0.038071612581610674
delay_holdout,soft_kl,response,fare_2_5,departure_mae,30,11.30704266983602,9.41356688366168,13.265456472024736
delay_holdout,soft_kl,response,fare_2_5,kl,30,0.26659666677493404,0.2075795164508808,0.32961308632733743
delay_holdout,soft_kl,response,fare_2_5,probability_l1,30,0.5881534201315156,0.5123558016898316,0.6640697482023249
delay_holdout,soft_kl,response,fare_2_5,response_gap,30,0.07648586886606099,0.05985895366662148,0.09629442409223843
delay_holdout,soft_kl,response,fare_access,departure_mae,30,11.682184983589856,9.188528068629438,14.199016467414243
delay_holdout,soft_kl,response,fare_access,interaction_gap,30,0.06200671725881137,0.047494470550493544,0.07864083727819064
delay_holdout,soft_kl,response,fare_access,kl,30,0.33620640498642734,0.27081245483663435,0.4035778834807859
delay_holdout,soft_kl,response,fare_access,probability_l1,30,0.6863448546716459,0.6045691781360794,0.7664047724557693
delay_holdout,soft_kl,response,fare_access,response_gap,30,0.15195646859539877,0.11384653193362196,0.19479426362842184
delay_holdout,soft_kl,response,fare_delay,departure_mae,30,10.280520172913873,8.33132484642375,12.32469448444744
delay_holdout,soft_kl,response,fare_delay,interaction_gap,30,0.061145129812959546,0.043868207903218305,0.08094326936074545
delay_holdout,soft_kl,response,fare_delay,kl,30,0.308027911015716,0.2578974439179354,0.3595077358457872
delay_holdout,soft_kl,response,fare_delay,probability_l1,30,0.6031142115769563,0.5412970389328897,0.6655032084147411
delay_holdout,soft_kl,response,fare_delay,response_gap,30,0.13216354063496363,0.08966349178808913,0.181553056698608
delay_holdout,soft_kl,response,pt_infeasible,departure_mae,30,19.937112177246146,17.881095201977423,22.138532975568538
delay_holdout,soft_kl,response,pt_infeasible,infeasible_pt_mass,30,0.0015505093926751418,0.0011390305926943258,0.001992910539932685
delay_holdout,soft_kl,response,pt_infeasible,kl,30,0.12222187583595372,0.07264691841596739,0.17786586030233512
delay_holdout,soft_kl,response,pt_infeasible,probability_l1,30,0.28880001164377017,0.19222372552871947,0.3910606708624488
delay_holdout,soft_kl,response,pt_infeasible,response_gap,30,0.1508168953510404,0.12256099012604216,0.18215680279434474
delay_holdout,soft_kl,response,pt_infeasible,top_choice_violation,30,0.0,0.0,0.0
delay_holdout,soft_kl,response,weather_0_25,departure_mae,30,10.097420652928177,8.359731598761345,11.935282530776329
delay_holdout,soft_kl,response,weather_0_25,kl,30,0.18575924115646494,0.12753815936085125,0.24937805744379804
delay_holdout,soft_kl,response,weather_0_25,probability_l1,30,0.4666684154150662,0.381171411081569,0.5567433845653302
delay_holdout,soft_kl,response,weather_0_25,response_gap,30,0.10410491402640387,0.06953631507219907,0.14312643342123219
delay_holdout,soft_kl,response,weather_0_9,departure_mae,30,10.397687140548669,8.114537065790762,12.732306394427324
delay_holdout,soft_kl,response,weather_0_9,kl,30,0.23576208913694802,0.1727387362618838,0.30512055919006603
delay_holdout,soft_kl,response,weather_0_9,probability_l1,30,0.5367969608041976,0.45405437552379785,0.6244767674829397
delay_holdout,soft_kl,response,weather_0_9,response_gap,30,0.1779805049646048,0.1265529372005045,0.23150487202093653
delay_holdout,soft_kl,static,ALL,departure_mae,30,11.118860776318856,9.62899557958567,12.662037281581307
delay_holdout,soft_kl,static,ALL,kl,30,0.24560789855468512,0.19649551110616437,0.2982458737484184
delay_holdout,soft_kl,static,ALL,probability_l1,30,0.5553827277192884,0.49338596287728337,0.6202722328611465
delay_holdout,soft_kl,static,ALL,response_gap,30,0.11079902308007475,0.08816212332053026,0.13517693988556123
delay_holdout,soft_kl,static,access_20,departure_mae,30,10.15589344451825,8.243789151637918,12.115676105519135
delay_holdout,soft_kl,static,access_20,kl,30,0.24416014097366126,0.1887824537064165,0.3040168187330004
delay_holdout,soft_kl,static,access_20,probability_l1,30,0.5853970376782949,0.5088668511305142,0.6629481941630444
delay_holdout,soft_kl,static,access_20,response_gap,30,0.12517575119205832,0.08735039252939368,0.16940975734254823
delay_holdout,soft_kl,static,access_5,departure_mae,30,10.943409385118219,8.680980641026466,13.205505784816213
delay_holdout,soft_kl,static,access_5,kl,30,0.23433807923938874,0.17443058736306222,0.298095583292509
delay_holdout,soft_kl,static,access_5,probability_l1,30,0.5634443900772819,0.478564583062077,0.6507930476864732
delay_holdout,soft_kl,static,access_5,response_gap,30,0.0513774406656071,0.03613564455030877,0.07026518943375779
delay_holdout,soft_kl,static,baseline,departure_mae,30,10.955964701567535,9.186870586440932,12.745355801624417
delay_holdout,soft_kl,static,baseline,kl,30,0.2090864463003724,0.1578467053699941,0.2649553712979201
delay_holdout,soft_kl,static,baseline,probability_l1,30,0.5299750633283897,0.46017686274620123,0.6035490132026373
delay_holdout,soft_kl,static,delay_45,departure_mae,30,9.642911364924577,7.693877441609899,11.643790949872797
delay_holdout,soft_kl,static,delay_45,kl,30,0.29494058074176205,0.2472344948581155,0.34385009260811006
delay_holdout,soft_kl,static,delay_45,probability_l1,30,0.6076034969256984,0.5453313299087876,0.6708038245509758
delay_holdout,soft_kl,static,delay_45,response_gap,30,0.12700766190311608,0.0822793478777816,0.17864416924532914
delay_holdout,soft_kl,static,delay_8,departure_mae,30,10.857036446614396,8.7544866168499,13.00267923645882
delay_holdout,soft_kl,static,delay_8,kl,30,0.2738535021106038,0.2228110236510636,0.325189667294105
delay_holdout,soft_kl,static,delay_8,probability_l1,30,0.6213451995959988,0.5450042827500239,0.6931730990580939
delay_holdout,soft_kl,static,delay_8,response_gap,30,0.10070113621293396,0.0652500836836979,0.1422296014054092
delay_holdout,soft_kl,static,fare_1_25,departure_mae,30,8.764995029954997,7.25803603388369,10.26957104397731
delay_holdout,soft_kl,static,fare_1_25,kl,30,0.23227764091241013,0.17221280583533244,0.2978321048912678
delay_holdout,soft_kl,static,fare_1_25,probability_l1,30,0.552234505775902,0.4723450808697002,0.6353129979968621
delay_holdout,soft_kl,static,fare_1_25,response_gap,30,0.0301212430069292,0.02336213105836491,0.037630586707437935
delay_holdout,soft_kl,static,fare_2_5,departure_mae,30,11.42146049261921,9.554434578649492,13.359897860140643
delay_holdout,soft_kl,static,fare_2_5,kl,30,0.2678391020033046,0.20765159359110832,0.33312387642946373
delay_holdout,soft_kl,static,fare_2_5,probability_l1,30,0.5945561492498274,0.5202283847048463,0.6712177256028273
delay_holdout,soft_kl,static,fare_2_5,response_gap,30,0.07160082988680144,0.05528062045387235,0.09059330675842839
delay_holdout,soft_kl,static,fare_access,departure_mae,30,11.606493158721262,9.093951987680047,14.135292287088102
delay_holdout,soft_kl,static,fare_access,interaction_gap,30,0.0612582921428537,0.04661698803403817,0.07799801293242332
delay_holdout,soft_kl,static,fare_access,kl,30,0.30946290070682303,0.2440267850499648,0.37665741928959773
delay_holdout,soft_kl,static,fare_access,probability_l1,30,0.6525893517042752,0.5669204453621749,0.7364052696359104
delay_holdout,soft_kl,static,fare_access,response_gap,30,0.1373792360793385,0.10165746137729652,0.17839125947892487
delay_holdout,soft_kl,static,fare_delay,departure_mae,30,10.294465882993405,8.34112212497741,12.339811207142967
delay_holdout,soft_kl,static,fare_delay,interaction_gap,30,0.05945642466075995,0.0423186910991258,0.07905137271317894
delay_holdout,soft_kl,static,fare_delay,kl,30,0.3020742457611967,0.24990267996630935,0.35756505049040116
delay_holdout,soft_kl,static,fare_delay,probability_l1,30,0.5968610682123238,0.5328927831840046,0.6617556973505904
delay_holdout,soft_kl,static,fare_delay,response_gap,30,0.1332494461586354,0.09176838109359697,0.18152106940086835
delay_holdout,soft_kl,static,pt_infeasible,departure_mae,30,18.335574260685174,16.200173070910907,20.663846616678764
delay_holdout,soft_kl,static,pt_infeasible,infeasible_pt_mass,30,0.00142699451680528,0.0010528958414094329,0.0018308116884751752
delay_holdout,soft_kl,static,pt_infeasible,kl,30,0.12663526338516387,0.07730364314468899,0.1810137717200723
delay_holdout,soft_kl,static,pt_infeasible,probability_l1,30,0.299651248392095,0.20142477916919635,0.4027437463269608
delay_holdout,soft_kl,static,pt_infeasible,response_gap,30,0.15005337611694672,0.12206902248551456,0.18123895872508508
delay_holdout,soft_kl,static,pt_infeasible,top_choice_violation,30,0.0,0.0,0.0
delay_holdout,soft_kl,static,weather_0_25,departure_mae,30,10.087140227868051,8.308394669388523,11.972989541734048
delay_holdout,soft_kl,static,weather_0_25,kl,30,0.1960394544399995,0.1368845376003501,0.25960071393647427
delay_holdout,soft_kl,static,weather_0_25,probability_l1,30,0.4877521378177183,0.4002652995177716,0.5784159433551408
delay_holdout,soft_kl,static,weather_0_25,response_gap,30,0.10721933185879463,0.07219851480883625,0.14710787852686816
delay_holdout,soft_kl,static,weather_0_9,departure_mae,30,10.360984920241211,8.109614028349794,12.688676376919503
delay_holdout,soft_kl,static,weather_0_9,kl,30,0.2565874260815356,0.19319774663858996,0.32565819513441524
delay_holdout,soft_kl,static,weather_0_9,probability_l1,30,0.5731830838736561,0.4902305091608868,0.6590754275561759
delay_holdout,soft_kl,static,weather_0_9,response_gap,30,0.18490380079966082,0.13290252873931588,0.2394633132211588
full,direction_magnitude,response,ALL,departure_mae,30,10.709641526115162,9.465085345068948,11.984288999983571
full,direction_magnitude,response,ALL,kl,30,0.2549850885963442,0.2079877727599889,0.306795340617542
full,direction_magnitude,response,ALL,probability_l1,30,0.571969151406473,0.5125585408985387,0.6347274320979756
full,direction_magnitude,response,ALL,response_gap,30,0.11370512543907757,0.08950995957481277,0.13978711245479833
full,direction_magnitude,response,access_20,departure_mae,30,9.922862427019409,8.10743593574605,11.833807869267957
full,direction_magnitude,response,access_20,kl,30,0.31772399635828746,0.25046908862945155,0.38844843146911406
full,direction_magnitude,response,access_20,probability_l1,30,0.674698694749011,0.5977899674288101,0.753583602134994
full,direction_magnitude,response,access_20,response_gap,30,0.13650459414536567,0.09202010171742951,0.1871619638575724
full,direction_magnitude,response,access_5,departure_mae,30,10.742111667935498,8.563009302514018,12.932941572259145
full,direction_magnitude,response,access_5,kl,30,0.2406858464459393,0.17704037581378984,0.3087675634787688
full,direction_magnitude,response,access_5,probability_l1,30,0.5724584963321686,0.48222818754345725,0.6655613943032644
full,direction_magnitude,response,access_5,response_gap,30,0.053006113005365126,0.03846215808384674,0.0714106197927377
full,direction_magnitude,response,baseline,departure_mae,30,10.718956377384838,9.036173355580756,12.437664530819488
full,direction_magnitude,response,baseline,kl,30,0.21288125389802706,0.15942443162621342,0.27307727973720597
full,direction_magnitude,response,baseline,probability_l1,30,0.5416428854884925,0.47030446289184474,0.6189297035604441
full,direction_magnitude,response,delay_45,departure_mae,30,8.448574493273542,6.969686549165182,9.962149926215682
full,direction_magnitude,response,delay_45,kl,30,0.3190045901802162,0.2729871487205318,0.3678507373108568
full,direction_magnitude,response,delay_45,probability_l1,30,0.6407059839999787,0.5817293847166346,0.7025123756608204
full,direction_magnitude,response,delay_45,response_gap,30,0.15085682982629925,0.10245594653486276,0.2082584904383802
full,direction_magnitude,response,delay_8,departure_mae,30,10.259293357986543,8.321932680253973,12.271592109251975
full,direction_magnitude,response,delay_8,kl,30,0.2819741195812958,0.22822165042081766,0.33666153565327933
full,direction_magnitude,response,delay_8,probability_l1,30,0.6366192867634474,0.5556394452689148,0.7129394328561094
full,direction_magnitude,response,delay_8,response_gap,30,0.10276978133615151,0.06671584367359311,0.1450118491694869
full,direction_magnitude,response,fare_1_25,departure_mae,30,8.558119618547734,7.178812977275639,9.953225251624566
full,direction_magnitude,response,fare_1_25,kl,30,0.2275365324781413,0.16904436780781562,0.291818205978059
full,direction_magnitude,response,fare_1_25,probability_l1,30,0.5572441629359016,0.4785729698235514,0.6402960076759813
full,direction_magnitude,response,fare_1_25,response_gap,30,0.027944245394070942,0.020859165418568856,0.03578799942168972
full,direction_magnitude,response,fare_2_5,departure_mae,30,11.063186752382252,9.234956656241167,12.974887833384177
full,direction_magnitude,response,fare_2_5,kl,30,0.2512589866970126,0.19488037910950068,0.3144517979601158
full,direction_magnitude,response,fare_2_5,probability_l1,30,0.5925861883218642,0.5185493060453071,0.6706050737529717
full,direction_magnitude,response,fare_2_5,response_gap,30,0.05827728064726165,0.043479273751511435,0.07592133323454334
full,direction_magnitude,response,fare_access,departure_mae,30,11.36403517814146,9.07965904402443,13.733336432089821
full,direction_magnitude,response,fare_access,interaction_gap,30,0.06254147471225373,0.045786001827963344,0.08167624709584324
full,direction_magnitude,response,fare_access,kl,30,0.33666465767889703,0.27098890223900335,0.4080248446103776
full,direction_magnitude,response,fare_access,probability_l1,30,0.6954122771681459,0.6149842136699153,0.7761951956053988
full,direction_magnitude,response,fare_access,response_gap,30,0.1344741793457465,0.0935346503422814,0.18078445661969156
full,direction_magnitude,response,fare_delay,departure_mae,30,9.076828192671138,8.016725041761442,10.107649481158564
full,direction_magnitude,response,fare_delay,interaction_gap,30,0.06079084551587793,0.04679674292404548,0.07667001978704863
full,direction_magnitude,response,fare_delay,kl,30,0.3163318724618849,0.2706334769618066,0.36578320520270385
full,direction_magnitude,response,fare_delay,probability_l1,30,0.628694013019403,0.5672069424329532,0.6917618079484199
full,direction_magnitude,response,fare_delay,response_gap,30,0.15598805929976117,0.10758831873095191,0.21278452321964572
full,direction_magnitude,response,pt_infeasible,departure_mae,30,19.255433040857312,17.045767204595936,21.560445832651524
full,direction_magnitude,response,pt_infeasible,infeasible_pt_mass,30,0.0011103217479103479,0.000802983670961718,0.0014450631883947708
full,direction_magnitude,response,pt_infeasible,kl,30,0.13012208660552285,0.07914220861281462,0.18724998601825488
full,direction_magnitude,response,pt_infeasible,probability_l1,30,0.30252422668845597,0.2023871743028696,0.4087308077070485
full,direction_magnitude,response,pt_infeasible,response_gap,30,0.154555056420139,0.1255813205967187,0.18731795860858458
full,direction_magnitude,response,pt_infeasible,top_choice_violation,30,0.0,0.0,0.0
full,direction_magnitude,response,weather_0_25,departure_mae,30,9.447384616153105,7.823895027302205,11.227899485805796
full,direction_magnitude,response,weather_0_25,kl,30,0.19013909317791858,0.13052023314163325,0.25492732917809563
full,direction_magnitude,response,weather_0_25,probability_l1,30,0.4784808388258572,0.3895564190163794,0.5717883636293726
full,direction_magnitude,response,weather_0_25,response_gap,30,0.10059696733073135,0.06831727126731571,0.13806102899860845
full,direction_magnitude,response,weather_0_9,departure_mae,30,9.658912591029095,7.580599589041538,11.816312162310435
full,direction_magnitude,response,weather_0_9,kl,30,0.2354980275929869,0.17128712770297644,0.3049641833819949
full,direction_magnitude,response,weather_0_9,probability_l1,30,0.5425627625849513,0.4538031590073197,0.6336699381562569
full,direction_magnitude,response,weather_0_9,response_gap,30,0.1757832730789612,0.12545893160448768,0.22880599124036083
full,direction_magnitude,static,ALL,departure_mae,30,11.13998561584402,9.853582335694256,12.452022224467097
full,direction_magnitude,static,ALL,kl,30,0.24973187281727297,0.19707521481629256,0.30620460891015366
full,direction_magnitude,static,ALL,probability_l1,30,0.5571922819202549,0.4879298154352685,0.6296215215016522
full,direction_magnitude,static,ALL,response_gap,30,0.10882370882807708,0.0866495215323482,0.1326234718009891
full,direction_magnitude,static,access_20,departure_mae,30,9.979244846961015,8.092073766903054,11.950590866916572
full,direction_magnitude,static,access_20,kl,30,0.30722087369966394,0.23836756872512146,0.37974534671994187
full,direction_magnitude,static,access_20,probability_l1,30,0.6539045689580617,0.5710986879634085,0.7374942063363615
full,direction_magnitude,static,access_20,response_gap,30,0.13217030611027172,0.08954162931206786,0.18130726064102787
full,direction_magnitude,static,access_5,departure_mae,30,10.891797115226035,8.646089944715646,13.19771608529371
full,direction_magnitude,static,access_5,kl,30,0.23869069855041172,0.17165701915847725,0.30926650118316046
full,direction_magnitude,static,access_5,probability_l1,30,0.560920849311131,0.46299864464716783,0.661382630362058
full,direction_magnitude,static,access_5,response_gap,30,0.05315943276817785,0.03774414137995768,0.07241895677001205
full,direction_magnitude,static,baseline,departure_mae,30,10.81888284098219,8.996097494899123,12.719466663033325
full,direction_magnitude,static,baseline,kl,30,0.20821983187686588,0.15057953847970224,0.2712035716855955
full,direction_magnitude,static,baseline,probability_l1,30,0.528032542941747,0.4483099925909605,0.6114182083515106
full,direction_magnitude,static,delay_45,departure_mae,30,8.737295642550345,7.357975491249451,10.197496903642184
full,direction_magnitude,static,delay_45,kl,30,0.30794720204248477,0.25453919889332843,0.3654127315136252
full,direction_magnitude,static,delay_45,probability_l1,30,0.6129107408896088,0.5433713251282151,0.6855995089658639
full,direction_magnitude,static,delay_45,response_gap,30,0.14114238256685618,0.10050359476251698,0.18845690756186625
full,direction_magnitude,static,delay_8,departure_mae,30,10.264694429437322,8.36331223828718,12.247991884313521
full,direction_magnitude,static,delay_8,kl,30,0.2774102154323378,0.21968473557000748,0.3362211909646462
full,direction_magnitude,static,delay_8,probability_l1,30,0.6261281275362881,0.5414572835173871,0.7077364733943783
full,direction_magnitude,static,delay_8,response_gap,30,0.09865781972305274,0.06386878618343653,0.13943667465975715
full,direction_magnitude,static,fare_1_25,departure_mae,30,8.683378104810362,7.131540038378701,10.272723996117712
full,direction_magnitude,static,fare_1_25,kl,30,0.22469121594306568,0.16206189079916486,0.2927270410728539
full,direction_magnitude,static,fare_1_25,probability_l1,30,0.5442754063860133,0.45818682461612753,0.6342484185796643
full,direction_magnitude,static,fare_1_25,response_gap,30,0.028476561395106497,0.02163257263957719,0.036149645993076726
full,direction_magnitude,static,fare_2_5,departure_mae,30,11.154671839238318,9.310096676937064,13.062053700275374
full,direction_magnitude,static,fare_2_5,kl,30,0.24794202129609563,0.1887626525247596,0.3135868910757939
full,direction_magnitude,static,fare_2_5,probability_l1,30,0.5821347119355644,0.5033844355730547,0.6638064313409782
full,direction_magnitude,static,fare_2_5,response_gap,30,0.05967634056861753,0.04524652891807673,0.07682875087789316
full,direction_magnitude,static,fare_access,departure_mae,30,11.6757501281246,9.459983394461236,13.994116496518947
full,direction_magnitude,static,fare_access,interaction_gap,30,0.06151195824849937,0.046048728341573586,0.07938364938003598
full,direction_magnitude,static,fare_access,kl,30,0.33289364455510034,0.2644813533277641,0.4049781567428072
full,direction_magnitude,static,fare_access,probability_l1,30,0.6864376738363944,0.6014006055752437,0.7706361637174117
full,direction_magnitude,static,fare_access,response_gap,30,0.13356878017730736,0.09412682476118783,0.17846280798548025
full,direction_magnitude,static,fare_delay,departure_mae,30,9.20909107065311,8.061758881715576,10.314894817617066
full,direction_magnitude,static,fare_delay,interaction_gap,30,0.06701353219534603,0.05221317228180172,0.08394819783190219
full,direction_magnitude,static,fare_delay,kl,30,0.30876698474751196,0.2559454482920769,0.3667021383068532
full,direction_magnitude,static,fare_delay,probability_l1,30,0.6052087624161332,0.5361167847234066,0.6768759698770115
full,direction_magnitude,static,fare_delay,response_gap,30,0.1416301413845961,0.10285154577711919,0.18678443342046944
full,direction_magnitude,static,pt_infeasible,departure_mae,30,23.095243471198614,20.85691162394153,25.360837427079677
full,direction_magnitude,static,pt_infeasible,infeasible_pt_mass,30,0.0010902796180339972,0.0007889434144615531,0.0014174490337841741
full,direction_magnitude,static,pt_infeasible,kl,30,0.12898233019986097,0.07540565606865764,0.189927637016698
full,direction_magnitude,static,pt_infeasible,probability_l1,30,0.2974871173086991,0.19597229985317435,0.4065455698638654
full,direction_magnitude,static,pt_infeasible,response_gap,30,0.1494632443042954,0.1199483210965415,0.18250189581578663
full,direction_magnitude,static,pt_infeasible,top_choice_violation,30,0.0,0.0,0.0
full,direction_magnitude,static,weather_0_25,departure_mae,30,9.626662554095189,7.947878665822661,11.452950431778167
full,direction_magnitude,static,weather_0_25,kl,30,0.18948016261244263,0.12632920220959828,0.25850740808446226
full,direction_magnitude,static,weather_0_25,probability_l1,30,0.468499505440394,0.3737684225067496,0.5680905642399632
full,direction_magnitude,static,weather_0_25,response_gap,30,0.09599762124448646,0.06431106052049379,0.13245576234667067
full,direction_magnitude,static,weather_0_9,departure_mae,30,9.543115346851174,7.32804674140833,11.850347592278762
full,direction_magnitude,static,weather_0_9,kl,30,0.2245372928514346,0.15706212867821576,0.29805604286339665
full,direction_magnitude,static,weather_0_9,probability_l1,30,0.5203673760830253,0.42531552985705157,0.6188186062282711
full,direction_magnitude,static,weather_0_9,response_gap,30,0.16311816686607988,0.11608703776120934,0.2129988395996829
full,mnl,response,ALL,departure_mae,30,11.34425475214798,9.676868294048381,13.119253161434298
full,mnl,response,ALL,kl,30,0.24345526741811352,0.14687893845193273,0.3686357432096587
full,mnl,response,ALL,probability_l1,30,0.43667558262933315,0.3410519334733577,0.5435068660230559
full,mnl,response,ALL,response_gap,30,0.10515994078692815,0.07961269340540003,0.13207658699136313
full,mnl,response,access_20,departure_mae,30,11.60911447823286,9.563011802013857,13.703371720646361
full,mnl,response,access_20,kl,30,0.4076778696025865,0.22260750875731303,0.6267429274963979
full,mnl,response,access_20,probability_l1,30,0.5810086579494944,0.40729451074469375,0.76802836010693
full,mnl,response,access_20,response_gap,30,0.14625401916818953,0.09683718381989495,0.20210223098552293
full,mnl,response,access_5,departure_mae,30,11.739262853142948,9.507424075890544,13.991610715671017
full,mnl,response,access_5,kl,30,0.2585657140862983,0.1329817913867159,0.43299031178247194
full,mnl,response,access_5,probability_l1,30,0.4777004492229313,0.3579241760986648,0.612221804998365
full,mnl,response,access_5,response_gap,30,0.05424108772661413,0.038320980847839095,0.07381587062182401
full,mnl,response,baseline,departure_mae,30,10.817257810712572,8.716738086227009,12.98923651386307
full,mnl,response,baseline,kl,30,0.21966448837817357,0.11190581080410211,0.3642834013046443
full,mnl,response,baseline,probability_l1,30,0.4368023164498434,0.3257234073161481,0.5598650742099038
full,mnl,response,delay_45,departure_mae,30,11.35256042369809,8.976112329119761,13.904010969916506
full,mnl,response,delay_45,kl,30,0.28838079493571733,0.16950348809957388,0.435080962615986
full,mnl,response,delay_45,probability_l1,30,0.5359543603320984,0.39146338061699365,0.6920246688404765
full,mnl,response,delay_45,response_gap,30,0.11247650544567317,0.07054380753010728,0.16294703628695095
full,mnl,response,delay_8,departure_mae,30,10.962754383953632,8.739350399204554,13.34999171055737
full,mnl,response,delay_8,kl,30,0.32578397610597426,0.19684200737415783,0.4789890998154841
full,mnl,response,delay_8,probability_l1,30,0.5724819534978837,0.4353128521755893,0.7183519452894924
full,mnl,response,delay_8,response_gap,30,0.09477263520657786,0.05946276967015466,0.13687276336014428
full,mnl,response,fare_1_25,departure_mae,30,9.551178681908675,7.300998330033644,11.84499562881571
full,mnl,response,fare_1_25,kl,30,0.2278040616600057,0.11729762702485237,0.37314024451369326
full,mnl,response,fare_1_25,probability_l1,30,0.43692313955762746,0.3209204852112798,0.5652114555960434
full,mnl,response,fare_1_25,response_gap,30,0.02739961458344986,0.01975423081948785,0.035709321882952644
full,mnl,response,fare_2_5,departure_mae,30,11.323042890504892,9.29381979469621,13.4481701251879
full,mnl,response,fare_2_5,kl,30,0.2627353614581952,0.13725564643848545,0.41927256179459566
full,mnl,response,fare_2_5,probability_l1,30,0.4864876542188698,0.3597319636517275,0.6266650298786365
full,mnl,response,fare_2_5,response_gap,30,0.045085933001892196,0.02944650266460825,0.06360722963947268
full,mnl,response,fare_access,departure_mae,30,12.97266698760056,10.898472345176083,15.079076902727175
full,mnl,response,fare_access,interaction_gap,30,0.061298544132110666,0.04352884419418023,0.0812403846101053
full,mnl,response,fare_access,kl,30,0.40273764469720263,0.22011469741696374,0.6241367911320053
full,mnl,response,fare_access,probability_l1,30,0.5738594948612429,0.3996421196491573,0.7601125292057598
full,mnl,response,fare_access,response_gap,30,0.13949584341682722,0.09373034821104731,0.19119743833869898
full,mnl,response,fare_delay,departure_mae,30,12.305279000978125,10.100368350501412,14.658538904329617
full,mnl,response,fare_delay,interaction_gap,30,0.05947058992540124,0.04135565895561147,0.07990792426572818
full,mnl,response,fare_delay,kl,30,0.276113480329832,0.16187588238166797,0.4182844985576075
full,mnl,response,fare_delay,probability_l1,30,0.5164217624933817,0.37159237423060665,0.6710966581094175
full,mnl,response,fare_delay,response_gap,30,0.11149783648591352,0.07321676173064415,0.15737268440117866
full,mnl,response,pt_infeasible,departure_mae,30,12.57421026262653,9.921503624357724,15.276685933773626
full,mnl,response,pt_infeasible,infeasible_pt_mass,30,4.791866551426172e-11,1.8020257218690336e-11,9.024209203814719e-11
full,mnl,response,pt_infeasible,kl,30,0.080566827444443,0.044431680535954365,0.12789297941810826
full,mnl,response,pt_infeasible,probability_l1,30,0.10144578638279601,0.06097665896810926,0.1512517180419229
full,mnl,response,pt_infeasible,response_gap,30,0.19982227987093493,0.1442436462851637,0.26359112077167896
full,mnl,response,pt_infeasible,top_choice_violation,30,0.0,0.0,0.0
full,mnl,response,weather_0_25,departure_mae,30,11.00211884916193,8.868206097469885,13.23611463428762
full,mnl,response,weather_0_25,kl,30,0.10262488403929007,0.06702864428955924,0.14474760924551316
full,mnl,response,weather_0_25,probability_l1,30,0.2997865304990038,0.24200720064539855,0.3614532189594333
full,mnl,response,weather_0_25,response_gap,30,0.09208280400874247,0.0534154023811458,0.1362912728980594
full,mnl,response,weather_0_9,departure_mae,30,9.921610403255006,7.862258172088983,11.942555627744218
full,mnl,response,weather_0_9,kl,30,0.06880810627964366,0.046017066108963785,0.09569488725630278
full,mnl,response,weather_0_9,probability_l1,30,0.2212348860868251,0.17372611054229417,0.27311181229370246
full,mnl,response,weather_0_9,response_gap,30,0.1336307897413948,0.0837717856682874,0.18970292528405472
full,mnl,static,ALL,departure_mae,30,11.34425475214798,9.676868294048381,13.119253161434298
full,mnl,static,ALL,kl,30,0.24345526741811352,0.14687893845193273,0.3686357432096587
full,mnl,static,ALL,probability_l1,30,0.43667558262933315,0.3410519334733577,0.5435068660230559
full,mnl,static,ALL,response_gap,30,0.10515994078692815,0.07961269340540003,0.13207658699136313
full,mnl,static,access_20,departure_mae,30,11.60911447823286,9.563011802013857,13.703371720646361
full,mnl,static,access_20,kl,30,0.4076778696025865,0.22260750875731303,0.6267429274963979
full,mnl,static,access_20,probability_l1,30,0.5810086579494944,0.40729451074469375,0.76802836010693
full,mnl,static,access_20,response_gap,30,0.14625401916818953,0.09683718381989495,0.20210223098552293
full,mnl,static,access_5,departure_mae,30,11.739262853142948,9.507424075890544,13.991610715671017
full,mnl,static,access_5,kl,30,0.2585657140862983,0.1329817913867159,0.43299031178247194
full,mnl,static,access_5,probability_l1,30,0.4777004492229313,0.3579241760986648,0.612221804998365
full,mnl,static,access_5,response_gap,30,0.05424108772661413,0.038320980847839095,0.07381587062182401
full,mnl,static,baseline,departure_mae,30,10.817257810712572,8.716738086227009,12.98923651386307
full,mnl,static,baseline,kl,30,0.21966448837817357,0.11190581080410211,0.3642834013046443
full,mnl,static,baseline,probability_l1,30,0.4368023164498434,0.3257234073161481,0.5598650742099038
full,mnl,static,delay_45,departure_mae,30,11.35256042369809,8.976112329119761,13.904010969916506
full,mnl,static,delay_45,kl,30,0.28838079493571733,0.16950348809957388,0.435080962615986
full,mnl,static,delay_45,probability_l1,30,0.5359543603320984,0.39146338061699365,0.6920246688404765
full,mnl,static,delay_45,response_gap,30,0.11247650544567317,0.07054380753010728,0.16294703628695095
full,mnl,static,delay_8,departure_mae,30,10.962754383953632,8.739350399204554,13.34999171055737
full,mnl,static,delay_8,kl,30,0.32578397610597426,0.19684200737415783,0.4789890998154841
full,mnl,static,delay_8,probability_l1,30,0.5724819534978837,0.4353128521755893,0.7183519452894924
full,mnl,static,delay_8,response_gap,30,0.09477263520657786,0.05946276967015466,0.13687276336014428
full,mnl,static,fare_1_25,departure_mae,30,9.551178681908675,7.300998330033644,11.84499562881571
full,mnl,static,fare_1_25,kl,30,0.2278040616600057,0.11729762702485237,0.37314024451369326
full,mnl,static,fare_1_25,probability_l1,30,0.43692313955762746,0.3209204852112798,0.5652114555960434
full,mnl,static,fare_1_25,response_gap,30,0.02739961458344986,0.01975423081948785,0.035709321882952644
full,mnl,static,fare_2_5,departure_mae,30,11.323042890504892,9.29381979469621,13.4481701251879
full,mnl,static,fare_2_5,kl,30,0.2627353614581952,0.13725564643848545,0.41927256179459566
full,mnl,static,fare_2_5,probability_l1,30,0.4864876542188698,0.3597319636517275,0.6266650298786365
full,mnl,static,fare_2_5,response_gap,30,0.045085933001892196,0.02944650266460825,0.06360722963947268
full,mnl,static,fare_access,departure_mae,30,12.97266698760056,10.898472345176083,15.079076902727175
full,mnl,static,fare_access,interaction_gap,30,0.061298544132110666,0.04352884419418023,0.0812403846101053
full,mnl,static,fare_access,kl,30,0.40273764469720263,0.22011469741696374,0.6241367911320053
full,mnl,static,fare_access,probability_l1,30,0.5738594948612429,0.3996421196491573,0.7601125292057598
full,mnl,static,fare_access,response_gap,30,0.13949584341682722,0.09373034821104731,0.19119743833869898
full,mnl,static,fare_delay,departure_mae,30,12.305279000978125,10.100368350501412,14.658538904329617
full,mnl,static,fare_delay,interaction_gap,30,0.05947058992540124,0.04135565895561147,0.07990792426572818
full,mnl,static,fare_delay,kl,30,0.276113480329832,0.16187588238166797,0.4182844985576075
full,mnl,static,fare_delay,probability_l1,30,0.5164217624933817,0.37159237423060665,0.6710966581094175
full,mnl,static,fare_delay,response_gap,30,0.11149783648591352,0.07321676173064415,0.15737268440117866
full,mnl,static,pt_infeasible,departure_mae,30,12.57421026262653,9.921503624357724,15.276685933773626
full,mnl,static,pt_infeasible,infeasible_pt_mass,30,4.791866551426172e-11,1.8020257218690336e-11,9.024209203814719e-11
full,mnl,static,pt_infeasible,kl,30,0.080566827444443,0.044431680535954365,0.12789297941810826
full,mnl,static,pt_infeasible,probability_l1,30,0.10144578638279601,0.06097665896810926,0.1512517180419229
full,mnl,static,pt_infeasible,response_gap,30,0.19982227987093493,0.1442436462851637,0.26359112077167896
full,mnl,static,pt_infeasible,top_choice_violation,30,0.0,0.0,0.0
full,mnl,static,weather_0_25,departure_mae,30,11.00211884916193,8.868206097469885,13.23611463428762
full,mnl,static,weather_0_25,kl,30,0.10262488403929007,0.06702864428955924,0.14474760924551316
full,mnl,static,weather_0_25,probability_l1,30,0.2997865304990038,0.24200720064539855,0.3614532189594333
full,mnl,static,weather_0_25,response_gap,30,0.09208280400874247,0.0534154023811458,0.1362912728980594
full,mnl,static,weather_0_9,departure_mae,30,9.921610403255006,7.862258172088983,11.942555627744218
full,mnl,static,weather_0_9,kl,30,0.06880810627964366,0.046017066108963785,0.09569488725630278
full,mnl,static,weather_0_9,probability_l1,30,0.2212348860868251,0.17372611054229417,0.27311181229370246
full,mnl,static,weather_0_9,response_gap,30,0.1336307897413948,0.0837717856682874,0.18970292528405472
full,signed_l1,response,ALL,departure_mae,30,10.964869235326065,9.634903463704688,12.318644075590058
full,signed_l1,response,ALL,kl,30,0.24701438107703622,0.1914428497414194,0.30756487045999426
full,signed_l1,response,ALL,probability_l1,30,0.5495741804261844,0.4780757317037816,0.6248899317737647
full,signed_l1,response,ALL,response_gap,30,0.10994283400103048,0.08865933879304584,0.13281707242586596
full,signed_l1,response,access_20,departure_mae,30,9.895041422904644,7.930985570687938,11.914974323039253
full,signed_l1,response,access_20,kl,30,0.29231199511200834,0.22452872213131503,0.3643343058246845
full,signed_l1,response,access_20,probability_l1,30,0.6358859417372281,0.5532349315494299,0.7189968857152595
full,signed_l1,response,access_20,response_gap,30,0.13223591094583642,0.09139674727063123,0.17907933257597
full,signed_l1,response,access_5,departure_mae,30,10.722993547055456,8.46016656037834,13.038682044864528
full,signed_l1,response,access_5,kl,30,0.23470747319786076,0.16616081022563836,0.30787512728133853
full,signed_l1,response,access_5,probability_l1,30,0.5549901608924072,0.45680622885351374,0.6551206361374369
full,signed_l1,response,access_5,response_gap,30,0.05241113550335537,0.03786572788560097,0.07091063934265188
full,signed_l1,response,baseline,departure_mae,30,10.785641129025153,8.960282426352302,12.681489282703646
full,signed_l1,response,baseline,kl,30,0.2094594009402793,0.14985110668358373,0.27627298926487287
full,signed_l1,response,baseline,probability_l1,30,0.5261566015250153,0.44520639962708514,0.6121645054962626
full,signed_l1,response,delay_45,departure_mae,30,8.576261948656152,7.205700607029376,10.0084696205733
full,signed_l1,response,delay_45,kl,30,0.28965638495232393,0.23821771498883434,0.3451033179597046
full,signed_l1,response,delay_45,probability_l1,30,0.5786378958603299,0.5092775696835583,0.6512863767417562
full,signed_l1,response,delay_45,response_gap,30,0.14647057904252944,0.10964088305470522,0.18902550932355913
full,signed_l1,response,delay_8,departure_mae,30,10.068804793308178,8.19680550884766,12.039612877552086
full,signed_l1,response,delay_8,kl,30,0.27376288469416005,0.21462188274777513,0.33370989464819506
full,signed_l1,response,delay_8,probability_l1,30,0.6198789491896276,0.5345890382094239,0.702349038604509
full,signed_l1,response,delay_8,response_gap,30,0.09754476554246595,0.06321898376881295,0.13803337805120616
full,signed_l1,response,fare_1_25,departure_mae,30,8.604850556839393,7.064394056503143,10.206045692819686
full,signed_l1,response,fare_1_25,kl,30,0.225643919168472,0.16068175527404846,0.2964242649608323
full,signed_l1,response,fare_1_25,probability_l1,30,0.5414529488627556,0.45348135659526345,0.633717994580142
full,signed_l1,response,fare_1_25,response_gap,30,0.029334311652146734,0.02260240315266504,0.03687235405076249
full,signed_l1,response,fare_2_5,departure_mae,30,11.082883960050014,9.215657192983974,13.012678293566807
full,signed_l1,response,fare_2_5,kl,30,0.258070194934932,0.19350009031019982,0.32944315949004205
full,signed_l1,response,fare_2_5,probability_l1,30,0.5897797338730759,0.5060070129210198,0.6758286078432368
full,signed_l1,response,fare_2_5,response_gap,30,0.060484523191128244,0.04605041697075429,0.07752886044414785
full,signed_l1,response,fare_access,departure_mae,30,11.586593488796995,9.379266962364866,13.878138953935766
full,signed_l1,response,fare_access,interaction_gap,30,0.06143562982930447,0.04573325512930293,0.07943896634253317
full,signed_l1,response,fare_access,kl,30,0.3416336940113401,0.26793898130752947,0.4179095285486579
full,signed_l1,response,fare_access,probability_l1,30,0.6878949407615045,0.5999977451973216,0.7741330156878189
full,signed_l1,response,fare_access,response_gap,30,0.13556270453545416,0.09864786901739139,0.1782313031525109
full,signed_l1,response,fare_delay,departure_mae,30,9.467318196815476,8.388338857665659,10.542509443503286
full,signed_l1,response,fare_delay,interaction_gap,30,0.06401470725235103,0.0490519946211964,0.0815551478956228
full,signed_l1,response,fare_delay,kl,30,0.2981452880936483,0.24260326325181622,0.35901078671189324
full,signed_l1,response,fare_delay,probability_l1,30,0.5817254626497075,0.5095292033888539,0.6564841676607451
full,signed_l1,response,fare_delay,response_gap,30,0.14812046024352313,0.11314121490500709,0.1884926946198406
full,signed_l1,response,pt_infeasible,departure_mae,30,22.335940092139776,20.203390981985464,24.51638957685895
full,signed_l1,response,pt_infeasible,infeasible_pt_mass,30,0.0010266398135475659,0.0007333504118408503,0.0013415153101232133
full,signed_l1,response,pt_infeasible,kl,30,0.13068775143467848,0.07497292267915744,0.19521603817557887
full,signed_l1,response,pt_infeasible,probability_l1,30,0.29638624466975394,0.1952386405844427,0.4064467743693553
full,signed_l1,response,pt_infeasible,response_gap,30,0.14891888447006263,0.11927746556975677,0.18153564105719908
full,signed_l1,response,pt_infeasible,top_choice_violation,30,0.0,0.0,0.0
full,signed_l1,response,weather_0_25,departure_mae,30,9.415892509619393,7.657189384513983,11.341306752837093
full,signed_l1,response,weather_0_25,kl,30,0.18823833196805506,0.1225985629031165,0.26052402068346087
full,signed_l1,response,weather_0_25,probability_l1,30,0.46642563510217033,0.3683787072087741,0.5695044444487327
full,signed_l1,response,weather_0_25,response_gap,30,0.0957939678720762,0.06395478609157382,0.13251825441905513
full,signed_l1,response,weather_0_9,departure_mae,30,9.036209178702146,6.736274597859699,11.462256828433388
full,signed_l1,response,weather_0_9,kl,30,0.22185525441667686,0.15268713653773175,0.297849075245805
full,signed_l1,response,weather_0_9,probability_l1,30,0.5156756499906381,0.4184847665471612,0.6175687448027786
full,signed_l1,response,weather_0_9,response_gap,30,0.16249393101275703,0.11458138439091681,0.2127869949876618
full,signed_l1,static,ALL,departure_mae,30,11.017726129288269,9.678378937284844,12.378990892300202
full,signed_l1,static,ALL,kl,30,0.24854069546276197,0.19207430242481932,0.30981631451209113
full,signed_l1,static,ALL,probability_l1,30,0.5519568486738687,0.4788902711105264,0.628851613720127
full,signed_l1,static,ALL,response_gap,30,0.10968812435570005,0.08864526598025942,0.1324648008665478
full,signed_l1,static,access_20,departure_mae,30,9.932657423580963,7.974492244983298,11.949980008372417
full,signed_l1,static,access_20,kl,30,0.29199034398419865,0.22412791196820622,0.3639305547259675
full,signed_l1,static,access_20,probability_l1,30,0.6360743691970904,0.552689766690949,0.7194738247194225
full,signed_l1,static,access_20,response_gap,30,0.13080761412526537,0.09042050262311313,0.17739971572035507
full,signed_l1,static,access_5,departure_mae,30,10.76347769747178,8.485957282322147,13.09796955138031
full,signed_l1,static,access_5,kl,30,0.23536646905343045,0.16630846630746698,0.30920307938655966
full,signed_l1,static,access_5,probability_l1,30,0.5560197526790478,0.4569046943022145,0.6574131650923026
full,signed_l1,static,access_5,response_gap,30,0.051643016250689094,0.03721421476901267,0.07002370776005183
full,signed_l1,static,baseline,departure_mae,30,10.83603754656182,8.988777685082622,12.744474890323147
full,signed_l1,static,baseline,kl,30,0.21077657949716763,0.15022175912651642,0.2785366231919371
full,signed_l1,static,baseline,probability_l1,30,0.5285724758770731,0.44636201541222353,0.6158422532557613
full,signed_l1,static,delay_45,departure_mae,30,8.685083827348771,7.293150164331827,10.129732517749071
full,signed_l1,static,delay_45,kl,30,0.2900906417067169,0.23761920362479166,0.3469473155119199
full,signed_l1,static,delay_45,probability_l1,30,0.5802346121343197,0.5092529022518545,0.6540733483228696
full,signed_l1,static,delay_45,response_gap,30,0.1459703049306332,0.1095286934437081,0.18832175004357682
full,signed_l1,static,delay_8,departure_mae,30,10.143053474111692,8.26183426178164,12.121728174358399
full,signed_l1,static,delay_8,kl,30,0.27580593726404595,0.2157548530660018,0.33660797051366187
full,signed_l1,static,delay_8,probability_l1,30,0.622942371217189,0.5361596976672335,0.706557743756142
full,signed_l1,static,delay_8,response_gap,30,0.09727753932945157,0.06295513656703225,0.13770788515092872
full,signed_l1,static,fare_1_25,departure_mae,30,8.665257921828717,7.107991750912258,10.286299060677969
full,signed_l1,static,fare_1_25,kl,30,0.22724480880749287,0.1614544468610856,0.29952344469150527
full,signed_l1,static,fare_1_25,probability_l1,30,0.5439777301936238,0.45442462206860934,0.6372344620463747
full,signed_l1,static,fare_1_25,response_gap,30,0.02934355104907795,0.02265841899699082,0.036806212970274116
full,signed_l1,static,fare_2_5,departure_mae,30,11.127621497048272,9.24165748723679,13.08257330790162
full,signed_l1,static,fare_2_5,kl,30,0.2597273495954547,0.19405733783799978,0.3319488125249694
full,signed_l1,static,fare_2_5,probability_l1,30,0.5930911773675017,0.5082341749249232,0.6803410181854058
full,signed_l1,static,fare_2_5,response_gap,30,0.06029845123839231,0.04590132284023927,0.07743581433811537
full,signed_l1,static,fare_access,departure_mae,30,11.613964394010878,9.385800190040909,13.910933170666297
full,signed_l1,static,fare_access,interaction_gap,30,0.06082434057614502,0.04534477291529033,0.07838199368239047
full,signed_l1,static,fare_access,kl,30,0.34564579527259526,0.2708415409734702,0.4222475382231072
full,signed_l1,static,fare_access,probability_l1,30,0.6932596085513081,0.6047224885317463,0.7806494485997489
full,signed_l1,static,fare_access,response_gap,30,0.1357964215002678,0.09908462314085091,0.17820250975573085
full,signed_l1,static,fare_delay,departure_mae,30,9.58450634534712,8.490331296735892,10.672123833326276
full,signed_l1,static,fare_delay,interaction_gap,30,0.06313853898114628,0.04825184070130994,0.08057954227234133
full,signed_l1,static,fare_delay,kl,30,0.30139403552448407,0.2446674598188752,0.3632281367854169
full,signed_l1,static,fare_delay,probability_l1,30,0.5868017701219631,0.513125443013178,0.662760218592678
full,signed_l1,static,fare_delay,response_gap,30,0.1480841913703599,0.11318294577063234,0.18828646211708028
full,signed_l1,static,pt_infeasible,departure_mae,30,22.30877894030677,20.17571796629164,24.487676019105646
full,signed_l1,static,pt_infeasible,infeasible_pt_mass,30,0.0010331302879623965,0.0007402822429382167,0.0013472764954066308
full,signed_l1,static,pt_infeasible,kl,30,0.13137098138902856,0.07530171332610908,0.1963906061388827
full,signed_l1,static,pt_infeasible,probability_l1,30,0.29752290729986597,0.19607521349350213,0.40835323577156907
full,signed_l1,static,pt_infeasible,response_gap,30,0.14930185897553036,0.11926240031105713,0.1821370837496215
full,signed_l1,static,pt_infeasible,top_choice_violation,30,0.0,0.0,0.0
full,signed_l1,static,weather_0_25,departure_mae,30,9.46534860548046,7.70689588510742,11.369996643690042
full,signed_l1,static,weather_0_25,kl,30,0.19044637475772702,0.12373352955219702,0.264145983591164
full,signed_l1,static,weather_0_25,probability_l1,30,0.46958742366786355,0.3698537258185722,0.5743092191739214
full,signed_l1,static,weather_0_25,response_gap,30,0.09582059571928815,0.06446079019584038,0.1321416105053629
full,signed_l1,static,weather_0_9,departure_mae,30,9.086925878361969,6.797995401503242,11.491590177563403
full,signed_l1,static,weather_0_9,kl,30,0.22262902870080234,0.15173465602033576,0.30048671512634445
full,signed_l1,static,weather_0_9,probability_l1,30,0.5153979857795769,0.4167291482712659,0.6197008046286524
full,signed_l1,static,weather_0_9,response_gap,30,0.16222582342374475,0.11487767761591362,0.21188013486311208
full,soft_kl,response,ALL,departure_mae,30,10.637666194878497,9.357964849454223,11.944365485204989
full,soft_kl,response,ALL,kl,30,0.2566561700917677,0.20842731386146432,0.3091004021289272
full,soft_kl,response,ALL,probability_l1,30,0.5661107208687747,0.5077718042219617,0.6281732523838855
full,soft_kl,response,ALL,response_gap,30,0.11615079232715263,0.09167633891336789,0.14259528105783598
full,soft_kl,response,access_20,departure_mae,30,9.90273295191841,8.121490423839747,11.787679215509757
full,soft_kl,response,access_20,kl,30,0.30088628264806594,0.23678730175734866,0.3692762152048477
full,soft_kl,response,access_20,probability_l1,30,0.6476195914668067,0.5726033746139318,0.7251200934703016
full,soft_kl,response,access_20,response_gap,30,0.1363531754706745,0.09300146643451564,0.18625570727044619
full,soft_kl,response,access_5,departure_mae,30,10.665181459196742,8.512723871980691,12.858742268269676
full,soft_kl,response,access_5,kl,30,0.23227224272753755,0.1697705579812629,0.2994984391710802
full,soft_kl,response,access_5,probability_l1,30,0.5565813164313634,0.47012481401915907,0.6465219936150091
full,soft_kl,response,access_5,response_gap,30,0.051937632240814935,0.03769037085903555,0.07013210837213485
full,soft_kl,response,baseline,departure_mae,30,10.662541834678912,9.01585802803437,12.34033238252004
full,soft_kl,response,baseline,kl,30,0.21068593383575918,0.15668526523399184,0.2703575479359682
full,soft_kl,response,baseline,probability_l1,30,0.5294494118304164,0.45746536301923574,0.607169733698804
full,soft_kl,response,delay_45,departure_mae,30,8.381892409831012,6.931918158505663,9.889114092062059
full,soft_kl,response,delay_45,kl,30,0.3159212621206857,0.26915397323616524,0.36500187932613937
full,soft_kl,response,delay_45,probability_l1,30,0.6209206341847225,0.561322600849166,0.6824182350366617
full,soft_kl,response,delay_45,response_gap,30,0.15634801256388056,0.10776532836207475,0.21375865822160012
full,soft_kl,response,delay_8,departure_mae,30,10.20046449229121,8.32347373098135,12.167618163784757
full,soft_kl,response,delay_8,kl,30,0.27024255867924574,0.2173274556024818,0.32422836570603913
full,soft_kl,response,delay_8,probability_l1,30,0.6132109519375695,0.5340338337083106,0.6880003856178512
full,soft_kl,response,delay_8,response_gap,30,0.10162555978572296,0.06575449562828989,0.14357837258340997
full,soft_kl,response,fare_1_25,departure_mae,30,8.520576808918957,7.151816336314573,9.908894053142586
full,soft_kl,response,fare_1_25,kl,30,0.2275053621257877,0.16759371730199177,0.29248859990165027
full,soft_kl,response,fare_1_25,probability_l1,30,0.5474212724941748,0.4690331447783996,0.6296174907882456
full,soft_kl,response,fare_1_25,response_gap,30,0.028632061534770478,0.02126246720042033,0.03679137331915997
full,soft_kl,response,fare_2_5,departure_mae,30,10.969724004632896,9.110410519805217,12.917246916157502
full,soft_kl,response,fare_2_5,kl,30,0.2615058077464748,0.20261098184487233,0.32635852206682475
full,soft_kl,response,fare_2_5,probability_l1,30,0.5927875254032787,0.5178434822275131,0.6704717395224781
full,soft_kl,response,fare_2_5,response_gap,30,0.06365837404220194,0.04823005668372009,0.08244778684761928
full,soft_kl,response,fare_access,departure_mae,30,11.220584591436717,8.884008696974359,13.63294641413829
full,soft_kl,response,fare_access,interaction_gap,30,0.06160817592922185,0.04551321603756306,0.07995611654196828
full,soft_kl,response,fare_access,kl,30,0.353083473630791,0.2864928857564092,0.4234264561889033
full,soft_kl,response,fare_access,probability_l1,30,0.7034617336657314,0.6246437471111064,0.7816718002633917
full,soft_kl,response,fare_access,response_gap,30,0.14372464088102183,0.10177695797963504,0.191171874126969
full,soft_kl,response,fare_delay,departure_mae,30,9.117698198080891,8.052598491551148,10.218959154448884
full,soft_kl,response,fare_delay,interaction_gap,30,0.0602000978373727,0.045914142823713006,0.07665045963073196
full,soft_kl,response,fare_delay,kl,30,0.3295534475141876,0.28416840784590264,0.37755076358209894
full,soft_kl,response,fare_delay,probability_l1,30,0.6302531824277507,0.5705022489270679,0.690861604248015
full,soft_kl,response,fare_delay,response_gap,30,0.16623278667063074,0.11636375149085382,0.2245448323850731
full,soft_kl,response,pt_infeasible,departure_mae,30,19.207670823070735,17.051456749207443,21.501058602862894
full,soft_kl,response,pt_infeasible,infeasible_pt_mass,30,0.0019247010158222918,0.0013700646730719908,0.0025416998463929797
full,soft_kl,response,pt_infeasible,kl,30,0.1352516250324041,0.08245637805980018,0.19498468145275272
full,soft_kl,response,pt_infeasible,probability_l1,30,0.3064349341705766,0.2054669376416659,0.4133588222226552
full,soft_kl,response,pt_infeasible,response_gap,30,0.14853436198136885,0.12019003561927744,0.18022512058885515
full,soft_kl,response,pt_infeasible,top_choice_violation,30,0.0,0.0,0.0
full,soft_kl,response,weather_0_25,departure_mae,30,9.328836660480333,7.703302159865939,11.10819788700211
full,soft_kl,response,weather_0_25,kl,30,0.1918311053128851,0.13309398895201008,0.2553678410424783
full,soft_kl,response,weather_0_25,probability_l1,30,0.4767680178665452,0.390570446938166,0.5660639413847968
full,soft_kl,response,weather_0_25,response_gap,30,0.10181970138990401,0.06875566143141369,0.14008209713157838
full,soft_kl,response,weather_0_9,departure_mae,30,9.474090104005127,7.3779832235235645,11.643452260892975
full,soft_kl,response,weather_0_9,kl,30,0.2511349397273884,0.1881704922310466,0.3194121544952627
full,soft_kl,response,weather_0_9,probability_l1,30,0.5684200785463606,0.48551696834905,0.653756517415687
full,soft_kl,response,weather_0_9,response_gap,30,0.17879240903768828,0.12668032462491918,0.23376930786403421
full,soft_kl,static,ALL,departure_mae,30,11.053553362851273,9.675055858128545,12.456417249130478
full,soft_kl,static,ALL,kl,30,0.25396812617825865,0.19885530584978106,0.31325944817140927
full,soft_kl,static,ALL,probability_l1,30,0.5572982945339157,0.4864777418737899,0.6313904992230205
full,soft_kl,static,ALL,response_gap,30,0.11288731130680475,0.09090761126871881,0.1365120449185219
full,soft_kl,static,access_20,departure_mae,30,9.95274465865007,7.9726853933944195,11.994050430652031
full,soft_kl,static,access_20,kl,30,0.2993790799747623,0.23214427740971452,0.37015393973664995
full,soft_kl,static,access_20,probability_l1,30,0.6424395196277787,0.5603466492847435,0.7253101873912746
full,soft_kl,static,access_20,response_gap,30,0.13372300487218633,0.09242099813818815,0.18170398131580678
full,soft_kl,static,access_5,departure_mae,30,10.7849965342217,8.46615341267859,13.171190207739258
full,soft_kl,static,access_5,kl,30,0.23524752837449345,0.16705791983295754,0.3077242819173132
full,soft_kl,static,access_5,probability_l1,30,0.5570077629497757,0.45982597190000934,0.6564421425671213
full,soft_kl,static,access_5,response_gap,30,0.05188418532282482,0.03720357705294902,0.07056596418984326
full,soft_kl,static,baseline,departure_mae,30,10.76711574755609,8.8973744345891,12.698338621722327
full,soft_kl,static,baseline,kl,30,0.21123964666829234,0.15178050683446453,0.2770201871838284
full,soft_kl,static,baseline,probability_l1,30,0.5284004046541673,0.4472841149979995,0.613943811216509
full,soft_kl,static,delay_45,departure_mae,30,8.714594085142016,7.305833615122226,10.180557292716026
full,soft_kl,static,delay_45,kl,30,0.3021249570403201,0.24688617240677158,0.3605887820844918
full,soft_kl,static,delay_45,probability_l1,30,0.5831204077949127,0.5104596074562657,0.658330311864442
full,soft_kl,static,delay_45,response_gap,30,0.15282748016598233,0.11399544300240891,0.19748742605979774
full,soft_kl,static,delay_8,departure_mae,30,10.229214904622896,8.2997068790305,12.245546618166069
full,soft_kl,static,delay_8,kl,30,0.2719328973604703,0.21379588051711032,0.3311786187131903
full,soft_kl,static,delay_8,probability_l1,30,0.6177784278028541,0.5340816257850993,0.698351369351259
full,soft_kl,static,delay_8,response_gap,30,0.09870079633093175,0.06400231649680636,0.1395429346240192
full,soft_kl,static,fare_1_25,departure_mae,30,8.641428361902083,7.079647733007249,10.267749564027827
full,soft_kl,static,fare_1_25,kl,30,0.22720659312820463,0.16257614895216305,0.2974306451914006
full,soft_kl,static,fare_1_25,probability_l1,30,0.5437646716987644,0.4576021541044117,0.6342563496511291
full,soft_kl,static,fare_1_25,response_gap,30,0.029225112043762644,0.022109280252286017,0.03707939778393939
full,soft_kl,static,fare_2_5,departure_mae,30,11.061257208249083,9.127874012379735,13.084111193862089
full,soft_kl,static,fare_2_5,kl,30,0.2572626698736859,0.19404480439329494,0.32624162607727974
full,soft_kl,static,fare_2_5,probability_l1,30,0.5838886241427175,0.5023435289964907,0.6681122462368397
full,soft_kl,static,fare_2_5,response_gap,30,0.06382744639440452,0.04987735928389255,0.08084939156006103
full,soft_kl,static,fare_access,departure_mae,30,11.541971785292304,9.169749608752491,14.003456730451948
full,soft_kl,static,fare_access,interaction_gap,30,0.06130895298742403,0.04572189323345177,0.07914474725491472
full,soft_kl,static,fare_access,kl,30,0.34789988463718396,0.2756194240950724,0.4218790232541939
full,soft_kl,static,fare_access,probability_l1,30,0.6913343060082862,0.6033297809692996,0.7768344652118369
full,soft_kl,static,fare_access,response_gap,30,0.13988841694519843,0.10182357918587687,0.18315120702296567
full,soft_kl,static,fare_delay,departure_mae,30,9.373612622006073,8.250260416612168,10.495097445671066
full,soft_kl,static,fare_delay,interaction_gap,30,0.06353354871136908,0.04955321522523591,0.07997886135853656
full,soft_kl,static,fare_delay,kl,30,0.3181078461759258,0.26300719643281295,0.37803081150386075
full,soft_kl,static,fare_delay,probability_l1,30,0.5940954014013762,0.5230740842140742,0.6665338791436343
full,soft_kl,static,fare_delay,response_gap,30,0.15887024568758998,0.12108818133394317,0.20255536891152243
full,soft_kl,static,pt_infeasible,departure_mae,30,22.858584482802293,20.685706870108845,25.085870763113107
full,soft_kl,static,pt_infeasible,infeasible_pt_mass,30,0.0021820530212911158,0.0015826086092238258,0.002843867600673144
full,soft_kl,static,pt_infeasible,kl,30,0.13816824923691293,0.08158226751509741,0.20184086433414833
full,soft_kl,static,pt_infeasible,probability_l1,30,0.3103209611811304,0.20544781680276653,0.42182421370132905
full,soft_kl,static,pt_infeasible,response_gap,30,0.14582838813861093,0.11695949052940961,0.17717831270222412
full,soft_kl,static,pt_infeasible,top_choice_violation,30,0.0,0.0,0.0
full,soft_kl,static,weather_0_25,departure_mae,30,9.479363341463937,7.7937887853425405,11.323965553565428
full,soft_kl,static,weather_0_25,kl,30,0.1965544810443298,0.13170014746473843,0.2675196043583165
full,soft_kl,static,weather_0_25,probability_l1,30,0.4819376559091939,0.38857069229643654,0.5806797609752526
full,soft_kl,static,weather_0_25,response_gap,30,0.0993768565978533,0.06588436884284249,0.137644131153139
full,soft_kl,static,weather_0_9,departure_mae,30,9.237756622306724,6.992712780395177,11.620304304772501
full,soft_kl,static,weather_0_9,kl,30,0.24249368062452242,0.1747940230177701,0.315827816814128
full,soft_kl,static,weather_0_9,probability_l1,30,0.5534913912360315,0.46271443623592734,0.6485947538513551
full,soft_kl,static,weather_0_9,response_gap,30,0.16760849187550717,0.1175593405415856,0.22009623766742117
