method,batch_size,num_decisions,total_time,ms_per_decision,decisions_per_second,cold_or_warm
cold_start_import_plus_checkpoint_load,,1,1.408,1408.0,0.71,cold
checkpoint_load_only,,1,0.0038,3.8,,cold
supply_index_build_singapore,,1,6.41,6414.6,,cold
decide_per_state_warm,1,100,0.0267,0.267,3745,warm
encode_only_warm,1,100,0.0007,0.007,142857,warm
forward_b1_warm,1,100,0.0147,0.147,6803,warm
batch_encode_forward_decode,1,10000,2.948,0.295,3393,warm
batch_encode_forward_decode,16,10000,0.535,0.054,18686,warm
batch_encode_forward_decode,64,10000,0.624,0.062,16014,warm
batch_encode_forward_decode,256,10000,0.513,0.051,19489,warm
batch_encode_forward_decode,1024,10000,0.592,0.059,16904,warm
forward_only_scale,1024,100000,0.075,0.00075,1335079,warm
forward_only_scale,1024,1000000,1.025,0.001,975313,warm
encode_only_scale,1024,1000000,58.16,0.058,17195,warm
e2e_accessibility_recompute,1,1000,80.56,80.56,12.4,warm
e2e_feature_cold_first_pass,1,1000,100.92,100.92,9.9,cold
e2e_feature_cache_hit_second_pass,1,1000,0.046,0.046,21848,warm
e2e_decide_real,1,1000,1.066,1.066,938,warm
ipc_persistent_worker,1,100,0.050,0.499,2003,warm
onnxruntime_cpu,1000,1000,0.0009,0.0009,1125675,warm
e2e_total_build_10k_measured_E3,1,10000,3063.0,306.3,3.3,cold
e2e_matsim_run_10k_measured_E3,,10000,136.7,13.7,,cold
e2e_parse_10k_measured_E3,,10000,72.0,7.2,,cold
e2e_total_100k_measured_E2,1,100000,20907.2,209.1,4.8,cold
e2e_build_50k_measured_E3,1,50000,13907.0,278.1,3.6,cold
correctness_batch_vs_single,1024,10000,,,,warm
