model,training_or_timing_seed,policy,sampling_seed,raw_response_pp,executed_response_pp,executed_ci95_low,executed_ci95_high,execution_gap_pp,gap_ci95_low,gap_ci95_high,source_precision,source_table_file,shared_timing_head_result
S9,,Screened,2026,-13.10,-14.10,-16.30,-12.00,-1.00,-3.04,0.97,published table (two decimals),generated/narrative/table_execution_pairs_s9.tex,no
S9,,Screened,42,-13.10,-12.80,-14.90,-10.80,0.30,-1.60,2.14,published table (two decimals),generated/narrative/table_execution_pairs_s9.tex,no
S9,,Screened,7,-13.10,-15.60,-17.90,-13.40,-2.50,-4.62,-0.42,published table (two decimals),generated/narrative/table_execution_pairs_s9.tex,no
S9,,Argmax,,-13.10,-12.30,-14.40,-10.40,0.80,-0.77,2.38,published table (two decimals),generated/narrative/table_execution_pairs_s9.tex,no
S9,,Sampling,2026,-13.10,-14.20,-16.40,-12.00,-1.10,-3.16,0.90,published table (two decimals),generated/narrative/table_execution_pairs_s9.tex,no
S9,,Sampling,42,-13.10,-12.60,-14.70,-10.60,0.50,-1.38,2.31,published table (two decimals),generated/narrative/table_execution_pairs_s9.tex,no
S9,,Sampling,7,-13.10,-15.70,-18.00,-13.50,-2.60,-4.73,-0.54,published table (two decimals),generated/narrative/table_execution_pairs_s9.tex,no
Soft KL,2026,Screened,2026,-4.39,-6.80,-8.60,-5.10,-2.41,-4.15,-0.82,published table (two decimals),generated/narrative/table_execution_pairs_soft_kl.tex,no
Soft KL,2026,Screened,42,-4.39,-6.40,-8.00,-4.80,-2.01,-3.53,-0.49,published table (two decimals),generated/narrative/table_execution_pairs_soft_kl.tex,no
Soft KL,2026,Screened,7,-4.39,-6.40,-8.10,-4.80,-2.01,-3.65,-0.50,published table (two decimals),generated/narrative/table_execution_pairs_soft_kl.tex,no
Soft KL,2026,Argmax,,-4.39,-6.70,-8.30,-5.20,-2.31,-3.69,-1.01,published table (two decimals),generated/narrative/table_execution_pairs_soft_kl.tex,no
Soft KL,2026,Sampling,2026,-4.39,-6.90,-8.70,-5.20,-2.51,-4.26,-0.90,published table (two decimals),generated/narrative/table_execution_pairs_soft_kl.tex,no
Soft KL,2026,Sampling,42,-4.39,-6.30,-7.90,-4.70,-1.91,-3.42,-0.39,published table (two decimals),generated/narrative/table_execution_pairs_soft_kl.tex,no
Soft KL,2026,Sampling,7,-4.39,-6.50,-8.20,-4.80,-2.11,-3.75,-0.59,published table (two decimals),generated/narrative/table_execution_pairs_soft_kl.tex,no
Soft KL,42,Screened,2026,-3.88,-3.70,-5.00,-2.40,0.18,-1.13,1.40,published table (two decimals),generated/narrative/table_execution_pairs_soft_kl.tex,no
Soft KL,42,Screened,42,-3.88,-4.00,-5.50,-2.60,-0.12,-1.53,1.19,published table (two decimals),generated/narrative/table_execution_pairs_soft_kl.tex,no
Soft KL,42,Screened,7,-3.88,-4.10,-5.60,-2.80,-0.22,-1.65,1.04,published table (two decimals),generated/narrative/table_execution_pairs_soft_kl.tex,no
Soft KL,42,Argmax,,-3.88,-3.70,-4.90,-2.50,0.18,-0.99,1.30,published table (two decimals),generated/narrative/table_execution_pairs_soft_kl.tex,no
Soft KL,42,Sampling,2026,-3.88,-3.60,-4.90,-2.30,0.28,-1.04,1.55,published table (two decimals),generated/narrative/table_execution_pairs_soft_kl.tex,no
Soft KL,42,Sampling,42,-3.88,-3.90,-5.40,-2.60,-0.02,-1.41,1.27,published table (two decimals),generated/narrative/table_execution_pairs_soft_kl.tex,no
Soft KL,42,Sampling,7,-3.88,-4.10,-5.60,-2.80,-0.22,-1.65,1.04,published table (two decimals),generated/narrative/table_execution_pairs_soft_kl.tex,no
Soft KL,7,Screened,2026,-12.64,-10.30,-12.30,-8.40,2.34,0.51,4.18,published table (two decimals),generated/narrative/table_execution_pairs_soft_kl.tex,no
Soft KL,7,Screened,42,-12.64,-10.70,-12.70,-8.70,1.94,0.03,3.80,published table (two decimals),generated/narrative/table_execution_pairs_soft_kl.tex,no
Soft KL,7,Screened,7,-12.64,-11.10,-13.20,-9.20,1.54,-0.38,3.33,published table (two decimals),generated/narrative/table_execution_pairs_soft_kl.tex,no
Soft KL,7,Argmax,,-12.64,-13.70,-15.80,-11.60,-1.06,-2.79,0.61,published table (two decimals),generated/narrative/table_execution_pairs_soft_kl.tex,no
Soft KL,7,Sampling,2026,-12.64,-10.20,-12.20,-8.30,2.44,0.63,4.23,published table (two decimals),generated/narrative/table_execution_pairs_soft_kl.tex,no
Soft KL,7,Sampling,42,-12.64,-10.50,-12.50,-8.60,2.14,0.23,3.99,published table (two decimals),generated/narrative/table_execution_pairs_soft_kl.tex,no
Soft KL,7,Sampling,7,-12.64,-10.70,-12.70,-8.80,1.94,0.06,3.70,published table (two decimals),generated/narrative/table_execution_pairs_soft_kl.tex,no
Direction+magnitude,2026,Screened,2026,-3.66,-5.20,-6.60,-3.80,-1.54,-2.94,-0.22,published table (two decimals),generated/narrative/table_execution_pairs_direction_magnitude.tex,no
Direction+magnitude,2026,Screened,42,-3.66,-5.10,-6.60,-3.70,-1.44,-2.94,-0.03,published table (two decimals),generated/narrative/table_execution_pairs_direction_magnitude.tex,no
Direction+magnitude,2026,Screened,7,-3.66,-6.10,-7.60,-4.70,-2.44,-3.87,-1.04,published table (two decimals),generated/narrative/table_execution_pairs_direction_magnitude.tex,no
Direction+magnitude,2026,Argmax,,-3.66,-7.00,-8.60,-5.40,-3.34,-4.73,-1.98,published table (two decimals),generated/narrative/table_execution_pairs_direction_magnitude.tex,no
Direction+magnitude,2026,Sampling,2026,-3.66,-5.20,-6.60,-3.80,-1.54,-2.94,-0.22,published table (two decimals),generated/narrative/table_execution_pairs_direction_magnitude.tex,no
Direction+magnitude,2026,Sampling,42,-3.66,-5.00,-6.50,-3.60,-1.34,-2.85,0.02,published table (two decimals),generated/narrative/table_execution_pairs_direction_magnitude.tex,no
Direction+magnitude,2026,Sampling,7,-3.66,-6.00,-7.50,-4.60,-2.34,-3.79,-0.95,published table (two decimals),generated/narrative/table_execution_pairs_direction_magnitude.tex,no
Direction+magnitude,42,Screened,2026,-4.15,-4.10,-5.50,-2.90,0.05,-1.28,1.26,published table (two decimals),generated/narrative/table_execution_pairs_direction_magnitude.tex,no
Direction+magnitude,42,Screened,42,-4.15,-4.40,-5.80,-3.10,-0.25,-1.63,1.04,published table (two decimals),generated/narrative/table_execution_pairs_direction_magnitude.tex,no
Direction+magnitude,42,Screened,7,-4.15,-4.50,-6.00,-3.10,-0.35,-1.77,0.98,published table (two decimals),generated/narrative/table_execution_pairs_direction_magnitude.tex,no
Direction+magnitude,42,Argmax,,-4.15,-4.90,-6.30,-3.60,-0.75,-2.05,0.49,published table (two decimals),generated/narrative/table_execution_pairs_direction_magnitude.tex,no
Direction+magnitude,42,Sampling,2026,-4.15,-3.90,-5.30,-2.60,0.25,-1.07,1.48,published table (two decimals),generated/narrative/table_execution_pairs_direction_magnitude.tex,no
Direction+magnitude,42,Sampling,42,-4.15,-4.40,-5.90,-3.10,-0.25,-1.66,1.03,published table (two decimals),generated/narrative/table_execution_pairs_direction_magnitude.tex,no
Direction+magnitude,42,Sampling,7,-4.15,-4.60,-6.10,-3.20,-0.45,-1.89,0.90,published table (two decimals),generated/narrative/table_execution_pairs_direction_magnitude.tex,no
Direction+magnitude,7,Screened,2026,-12.49,-11.70,-13.80,-9.70,0.79,-1.20,2.60,published table (two decimals),generated/narrative/table_execution_pairs_direction_magnitude.tex,no
Direction+magnitude,7,Screened,42,-12.49,-11.80,-13.90,-9.80,0.69,-1.25,2.50,published table (two decimals),generated/narrative/table_execution_pairs_direction_magnitude.tex,no
Direction+magnitude,7,Screened,7,-12.49,-12.10,-14.20,-10.20,0.39,-1.47,2.15,published table (two decimals),generated/narrative/table_execution_pairs_direction_magnitude.tex,no
Direction+magnitude,7,Argmax,,-12.49,-14.00,-16.20,-11.90,-1.51,-3.23,0.11,published table (two decimals),generated/narrative/table_execution_pairs_direction_magnitude.tex,no
Direction+magnitude,7,Sampling,2026,-12.49,-11.50,-13.60,-9.60,0.99,-0.98,2.80,published table (two decimals),generated/narrative/table_execution_pairs_direction_magnitude.tex,no
Direction+magnitude,7,Sampling,42,-12.49,-11.70,-13.80,-9.70,0.79,-1.14,2.60,published table (two decimals),generated/narrative/table_execution_pairs_direction_magnitude.tex,no
Direction+magnitude,7,Sampling,7,-12.49,-11.80,-13.80,-9.90,0.69,-1.19,2.45,published table (two decimals),generated/narrative/table_execution_pairs_direction_magnitude.tex,no
MNL-S + neural timing,42,Screened,2026,-6.84,-6.80,-8.40,-5.30,0.04,-1.51,1.49,published table (two decimals),generated/narrative/table_execution_pairs_modular.tex,yes
MNL-S + neural timing,2026,Screened,2026,-6.84,-6.80,-8.40,-5.30,0.04,-1.51,1.49,published table (two decimals),generated/narrative/table_execution_pairs_modular.tex,yes
MNL-S + neural timing,7,Screened,2026,-6.84,-6.80,-8.40,-5.30,0.04,-1.51,1.49,published table (two decimals),generated/narrative/table_execution_pairs_modular.tex,yes
MNL-S + neural timing,42,Screened,42,-6.84,-5.40,-6.80,-4.10,1.44,-0.02,2.75,published table (two decimals),generated/narrative/table_execution_pairs_modular.tex,yes
MNL-S + neural timing,2026,Screened,42,-6.84,-5.40,-6.80,-4.10,1.44,-0.02,2.75,published table (two decimals),generated/narrative/table_execution_pairs_modular.tex,yes
MNL-S + neural timing,7,Screened,42,-6.84,-5.40,-6.80,-4.10,1.44,-0.02,2.75,published table (two decimals),generated/narrative/table_execution_pairs_modular.tex,yes
MNL-S + neural timing,42,Screened,7,-6.84,-7.80,-9.50,-6.20,-0.96,-2.57,0.56,published table (two decimals),generated/narrative/table_execution_pairs_modular.tex,yes
MNL-S + neural timing,2026,Screened,7,-6.84,-7.80,-9.50,-6.20,-0.96,-2.57,0.56,published table (two decimals),generated/narrative/table_execution_pairs_modular.tex,yes
MNL-S + neural timing,7,Screened,7,-6.84,-7.80,-9.50,-6.20,-0.96,-2.57,0.56,published table (two decimals),generated/narrative/table_execution_pairs_modular.tex,yes
MNL-S + neural timing,42,Argmax,,-6.84,-6.90,-8.50,-5.40,-0.06,-1.52,1.32,published table (two decimals),generated/narrative/table_execution_pairs_modular.tex,yes
MNL-S + neural timing,2026,Argmax,,-6.84,-6.90,-8.50,-5.40,-0.06,-1.52,1.32,published table (two decimals),generated/narrative/table_execution_pairs_modular.tex,yes
MNL-S + neural timing,7,Argmax,,-6.84,-6.90,-8.50,-5.40,-0.06,-1.52,1.32,published table (two decimals),generated/narrative/table_execution_pairs_modular.tex,yes
MNL-S + neural timing,42,Sampling,2026,-6.84,-6.70,-8.30,-5.20,0.14,-1.40,1.56,published table (two decimals),generated/narrative/table_execution_pairs_modular.tex,yes
MNL-S + neural timing,2026,Sampling,2026,-6.84,-6.70,-8.30,-5.20,0.14,-1.40,1.56,published table (two decimals),generated/narrative/table_execution_pairs_modular.tex,yes
MNL-S + neural timing,7,Sampling,2026,-6.84,-6.70,-8.30,-5.20,0.14,-1.40,1.56,published table (two decimals),generated/narrative/table_execution_pairs_modular.tex,yes
MNL-S + neural timing,42,Sampling,42,-6.84,-5.50,-6.90,-4.20,1.34,-0.09,2.65,published table (two decimals),generated/narrative/table_execution_pairs_modular.tex,yes
MNL-S + neural timing,2026,Sampling,42,-6.84,-5.50,-6.90,-4.20,1.34,-0.09,2.65,published table (two decimals),generated/narrative/table_execution_pairs_modular.tex,yes
MNL-S + neural timing,7,Sampling,42,-6.84,-5.50,-6.90,-4.20,1.34,-0.09,2.65,published table (two decimals),generated/narrative/table_execution_pairs_modular.tex,yes
MNL-S + neural timing,42,Sampling,7,-6.84,-7.70,-9.40,-6.10,-0.86,-2.47,0.67,published table (two decimals),generated/narrative/table_execution_pairs_modular.tex,yes
MNL-S + neural timing,2026,Sampling,7,-6.84,-7.70,-9.40,-6.10,-0.86,-2.47,0.67,published table (two decimals),generated/narrative/table_execution_pairs_modular.tex,yes
MNL-S + neural timing,7,Sampling,7,-6.84,-7.70,-9.40,-6.10,-0.86,-2.47,0.67,published table (two decimals),generated/narrative/table_execution_pairs_modular.tex,yes
